cabinet_uid,municipality_id,source_cabinet_key,cabinet_name,latitude,longitude,fixture_rows,lamp_count,rated_power_w,controller_type,controller_link_status,address,source_file
SY-CAB-02055eedd2,suyeong,KBS조명탑 (1),KBS조명탑 (1),35.14384946,129.1094638,1,5,2500.0,양방향식,asset_only,,부산광역시_수영구_가로등 현황_20260114.csv
SY-CAB-3abf274d0a,suyeong,감포로-1 (29),감포로-1 (29),35.16208585,129.1198246,29,29,4300.0,양방향식,asset_only,,부산광역시_수영구_가로등 현황_20260114.csv
SY-CAB-1cd2be8800,suyeong,과정로-1 (21),과정로-1 (21),35.17551096,129.10735685,22,22,2825.0,양방향식,asset_only,,부산광역시_수영구_가로등 현황_20260114.csv
SY-CAB-0cd2440ab1,suyeong,과정로-2 (17),과정로-2 (17),35.17509863,129.1076837,19,19,2225.0,양방향식,asset_only,,부산광역시_수영구_가로등 현황_20260114.csv
SY-CAB-2044ba36d4,suyeong,과정로41-1 (10),과정로41-1 (10),35.175215195,129.10506225,10,10,1000.0,양방향식,asset_only,,부산광역시_수영구_가로등 현황_20260114.csv
SY-CAB-9757f5ca46,suyeong,과정로55-1 (10),과정로55-1 (10),35.17611601,129.10475755,10,10,1000.0,양방향식,asset_only,,부산광역시_수영구_가로등 현황_20260114.csv
SY-CAB-89191950ab,suyeong,과정로67-1 (17),과정로67-1 (17),35.1774589,129.1031271,17,17,1700.0,양방향식,asset_only,,부산광역시_수영구_가로등 현황_20260114.csv
SY-CAB-69005e730c,suyeong,광남로-1 (21),광남로-1 (21),35.14631636,129.1114036,21,21,2835.0,양방향식,asset_only,,부산광역시_수영구_가로등 현황_20260114.csv
SY-CAB-987a63343c,suyeong,광남로-2 (21),광남로-2 (21),35.14695932,129.11212790000002,22,22,2915.0,양방향식,asset_only,,부산광역시_수영구_가로등 현황_20260114.csv
SY-CAB-082c6a7345,suyeong,광남로-3  (16),광남로-3  (16),35.151749249999995,129.11553095,32,32,2960.0,양방향식,asset_only,,부산광역시_수영구_가로등 현황_20260114.csv
SY-CAB-3e06f82a0e,suyeong,광남로-3-1  (11),광남로-3-1  (11),35.15702369,129.1195643,21,21,1985.0,양방향식,asset_only,,부산광역시_수영구_가로등 현황_20260114.csv
SY-CAB-aedca82d53,suyeong,광남로-4  (23),광남로-4  (23),35.15162373,129.1156882,41,42,4185.0,양방향식,asset_only,,부산광역시_수영구_가로등 현황_20260114.csv
SY-CAB-273bc4f898,suyeong,광남로-5 (11),광남로-5 (11),35.15694066,129.1197615,21,21,1985.0,양방향식,asset_only,,부산광역시_수영구_가로등 현황_20260114.csv
SY-CAB-4dd2e815cc,suyeong,광남로-6  (23),광남로-6  (23),35.15939236,129.12527310000002,36,36,3800.0,양방향식,asset_only,,부산광역시_수영구_가로등 현황_20260114.csv
SY-CAB-00bf3193df,suyeong,광남로-7  (15),광남로-7  (15),35.15911828,129.1252533,19,19,2240.0,양방향식,asset_only,,부산광역시_수영구_가로등 현황_20260114.csv
SY-CAB-b86f498cc3,suyeong,광남로48-1_불꽃놀이_2채널격등 (25),광남로48-1_불꽃놀이_2채널격등 (25),35.14642688,129.1133674,25,25,2670.0,양방향식,asset_only,,부산광역시_수영구_가로등 현황_20260114.csv
SY-CAB-8beb0740f3,suyeong,광서로-1  (10),광서로-1  (10),35.1643903,129.11216715,10,10,1000.0,양방향식,asset_only,,부산광역시_수영구_가로등 현황_20260114.csv
SY-CAB-0a08599e9b,suyeong,광서로10-1  (8),광서로10-1  (8),35.165493775,129.1138061,8,8,800.0,양방향식,asset_only,,부산광역시_수영구_가로등 현황_20260114.csv
SY-CAB-9475205fe5,suyeong,광서로16-1  (13),광서로16-1  (13),35.16450231,129.1129209,13,13,1300.0,양방향식,asset_only,,부산광역시_수영구_가로등 현황_20260114.csv
SY-CAB-9a4fcd9616,suyeong,광서로36-1  (14),광서로36-1  (14),35.16605579,129.1113274,14,14,1575.0,양방향식,asset_only,,부산광역시_수영구_가로등 현황_20260114.csv
SY-CAB-2b2fc4cd07,suyeong,광안도시숲 (08),광안도시숲 (08),35.162530875,129.10507919999998,8,8,210.0,양방향식,asset_only,,부산광역시_수영구_가로등 현황_20260114.csv
SY-CAB-646ea30325,suyeong,광안로-1 (9),광안로-1 (9),35.15585828,129.1158665,9,9,1650.0,양방향식,asset_only,,부산광역시_수영구_가로등 현황_20260114.csv
SY-CAB-85f9d54eaa,suyeong,광안로-2 (9),광안로-2 (9),35.15590533,129.1154946,13,13,1550.0,양방향식,asset_only,,부산광역시_수영구_가로등 현황_20260114.csv
SY-CAB-6aaa863ac5,suyeong,광안로35-1 (18),광안로35-1 (18),35.156806885,129.116694,18,18,1900.0,양방향식,asset_only,,부산광역시_수영구_가로등 현황_20260114.csv
SY-CAB-4ce73a3391,suyeong,광안로49-1 (14),광안로49-1 (14),35.157302205,129.1191614,14,14,1680.0,양방향식,asset_only,,부산광역시_수영구_가로등 현황_20260114.csv
SY-CAB-d6b5d53967,suyeong,광안해변공원_불꽃놀이 (10),광안해변공원_불꽃놀이 (10),35.155399105,129.1234783,10,10,900.0,양방향식,asset_only,,부산광역시_수영구_가로등 현황_20260114.csv
SY-CAB-0ff5c26f27,suyeong,광안해변로-1 (25),광안해변로-1 (25),35.13845252,129.1130311,25,26,3670.0,양방향식,asset_only,,부산광역시_수영구_가로등 현황_20260114.csv
SY-CAB-cfd6ffef71,suyeong,광안해변로-10 불꽃놀이 (13),광안해변로-10 불꽃놀이 (13),35.15356773,129.1186654,13,13,2550.0,양방향식,asset_only,,부산광역시_수영구_가로등 현황_20260114.csv
SY-CAB-588dd5beeb,suyeong,광안해변로-11_불꽃놀이_2채널격등 (13),광안해변로-11_불꽃놀이_2채널격등 (13),35.15489282,129.1203536,13,13,1700.0,양방향식,asset_only,,부산광역시_수영구_가로등 현황_20260114.csv
SY-CAB-be62abcbf5,suyeong,광안해변로-12_불꽃놀이 (11),광안해변로-12_불꽃놀이 (11),35.15514321,129.1218417,11,11,2200.0,양방향식,asset_only,,부산광역시_수영구_가로등 현황_20260114.csv
SY-CAB-aec1bf9469,suyeong,광안해변로-13  (9),광안해변로-13  (9),35.15601496,129.1244182,9,9,1350.0,양방향식,asset_only,,부산광역시_수영구_가로등 현황_20260114.csv
SY-CAB-e2da04e0e2,suyeong,광안해변로-14 (23),광안해변로-14 (23),35.1566973,129.1266834,33,33,4000.0,양방향식,asset_only,,부산광역시_수영구_가로등 현황_20260114.csv
SY-CAB-715b5f5216,suyeong,광안해변로-15  (25),광안해변로-15  (25),35.15638742,129.13232465,30,30,3985.0,양방향식,asset_only,,부산광역시_수영구_가로등 현황_20260114.csv
SY-CAB-50c52cc6c9,suyeong,광안해변로-16  (13),광안해변로-16  (13),35.15589813,129.132353,13,13,1950.0,양방향식,asset_only,,부산광역시_수영구_가로등 현황_20260114.csv
SY-CAB-36b981d3dc,suyeong,광안해변로-17  (20),광안해변로-17  (20),35.15773822,129.1331334,24,24,2735.0,양방향식,asset_only,,부산광역시_수영구_가로등 현황_20260114.csv
SY-CAB-63d66e1877,suyeong,광안해변로-18  (20),광안해변로-18  (20),35.15983943,129.13020004999998,30,42,3363.0,양방향식,asset_only,,부산광역시_수영구_가로등 현황_20260114.csv
SY-CAB-66c30ac282,suyeong,광안해변로-19 (19),광안해변로-19 (19),35.1590505,129.1305214,27,27,2955.0,양방향식,asset_only,,부산광역시_수영구_가로등 현황_20260114.csv
SY-CAB-f7cde5aa3d,suyeong,광안해변로-2 (11),광안해변로-2 (11),35.13785391,129.1133763,11,11,1320.0,양방향식,asset_only,,부산광역시_수영구_가로등 현황_20260114.csv
SY-CAB-502375414c,suyeong,광안해변로-21  (22),광안해변로-21  (22),35.16104239,129.1295748,27,28,3377.0,양방향식,asset_only,,부산광역시_수영구_가로등 현황_20260114.csv
SY-CAB-c3d2aa0721,suyeong,광안해변로-22  (14),광안해변로-22  (14),35.163805010000004,129.12809675,14,14,1680.0,양방향식,asset_only,,부산광역시_수영구_가로등 현황_20260114.csv
SY-CAB-84f0d25e33,suyeong,광안해변로-3 불꽃놀이 (22),광안해변로-3 불꽃놀이 (22),35.13941527,129.1152968,25,27,3890.0,양방향식,asset_only,,부산광역시_수영구_가로등 현황_20260114.csv
SY-CAB-56c8e0734a,suyeong,광안해변로-4(조도) (21),광안해변로-4(조도) (21),35.14301845,129.1151511,21,21,4200.0,양방향식,asset_only,,부산광역시_수영구_가로등 현황_20260114.csv
SY-CAB-a715479152,suyeong,광안해변로-5(조도) (23),광안해변로-5(조도) (23),35.142348580000004,129.11489435,44,44,5075.0,양방향식,asset_only,,부산광역시_수영구_가로등 현황_20260114.csv
SY-CAB-a9d5cc164f,suyeong,광안해변로-6_불꽃놀이 (13),광안해변로-6_불꽃놀이 (13),35.14581215,129.11777734999998,14,14,2320.0,양방향식,asset_only,,부산광역시_수영구_가로등 현황_20260114.csv
SY-CAB-7b2542c2bd,suyeong,광안해변로-8 불꽃놀이 (15),광안해변로-8 불꽃놀이 (15),35.14803017,129.1147523,15,15,3000.0,양방향식,asset_only,,부산광역시_수영구_가로등 현황_20260114.csv
SY-CAB-c5506ce2f7,suyeong,광안해변로-9 불꽃놀이 (10),광안해변로-9 불꽃놀이 (10),35.15098281,129.1165247,10,10,2000.0,양방향식,asset_only,,부산광역시_수영구_가로등 현황_20260114.csv
SY-CAB-8a36544a30,suyeong,광안해변로15-1 (13),광안해변로15-1 (13),35.13839171,129.1106997,21,21,2350.0,양방향식,asset_only,,부산광역시_수영구_가로등 현황_20260114.csv
SY-CAB-cf229f9f07,suyeong,광안해변로255-1 (8),광안해변로255-1 (8),35.15648692,129.1211414,8,8,960.0,양방향식,asset_only,,부산광역시_수영구_가로등 현황_20260114.csv
SY-CAB-933e0543f6,suyeong,광안해변로295-1  (13),광안해변로295-1  (13),35.15767847,129.1251007,13,13,1560.0,양방향식,asset_only,,부산광역시_수영구_가로등 현황_20260114.csv
SY-CAB-ca98038b60,suyeong,광안해변로312-1  (7),광안해변로312-1  (7),35.15635769,129.1277101,7,7,1090.0,양방향식,asset_only,,부산광역시_수영구_가로등 현황_20260114.csv
SY-CAB-b7da6f9acf,suyeong,광안해변로326-1  (30),광안해변로326-1  (30),35.15548208,129.1291164,35,35,4410.0,양방향식,asset_only,,부산광역시_수영구_가로등 현황_20260114.csv
SY-CAB-2aa1ae2a5f,suyeong,광일로-1 (33),광일로-1 (33),35.16241488,129.1095522,35,35,3775.0,양방향식,asset_only,,부산광역시_수영구_가로등 현황_20260114.csv
SY-CAB-3fd618fd12,suyeong,광일로46-1  (17),광일로46-1  (17),35.1641418,129.1082221,17,17,2125.0,양방향식,asset_only,,부산광역시_수영구_가로등 현황_20260114.csv
SY-CAB-b8be8cec6d,suyeong,구락로-1 (21),구락로-1 (21),35.17130938,129.1195482,21,21,2420.0,양방향식,asset_only,,부산광역시_수영구_가로등 현황_20260114.csv
SY-CAB-6dc9777a03,suyeong,구락로-2 (11),구락로-2 (11),35.17515753,129.1171919,21,21,3100.0,양방향식,asset_only,,부산광역시_수영구_가로등 현황_20260114.csv
SY-CAB-c571e98945,suyeong,구락로-3 (13),구락로-3 (13),35.17860135,129.1159785,13,13,1300.0,양방향식,asset_only,,부산광역시_수영구_가로등 현황_20260114.csv
SY-CAB-e263d3fdfa,suyeong,구락로-4 (15),구락로-4 (15),35.17951076,129.115355,15,15,2250.0,양방향식,asset_only,,부산광역시_수영구_가로등 현황_20260114.csv
SY-CAB-5712016b2e,suyeong,구락로141-1 (19),구락로141-1 (19),35.17783781,129.1130478,19,19,2850.0,양방향식,asset_only,,부산광역시_수영구_가로등 현황_20260114.csv
SY-CAB-d47a90f94c,suyeong,구락로153-1 (11),구락로153-1 (11),35.17975722,129.1139789,11,11,550.0,양방향식,asset_only,,부산광역시_수영구_가로등 현황_20260114.csv
SY-CAB-a96e62a3bc,suyeong,금련로43-1 (11),금련로43-1 (11),35.17109875,129.0980132,11,11,1300.0,양방향식,asset_only,,부산광역시_수영구_가로등 현황_20260114.csv
SY-CAB-e0188b6a4c,suyeong,남천동로-1 (9),남천동로-1 (9),35.14234929,129.1104838,9,9,900.0,양방향식,asset_only,,부산광역시_수영구_가로등 현황_20260114.csv
SY-CAB-3d620570ac,suyeong,남천동로-2 (36),남천동로-2 (36),35.140721155,129.11333435,36,36,4500.0,양방향식,asset_only,,부산광역시_수영구_가로등 현황_20260114.csv
SY-CAB-4701a959c6,suyeong,남천동로-3 (23),남천동로-3 (23),35.14170237,129.1135114,23,23,2950.0,양방향식,asset_only,,부산광역시_수영구_가로등 현황_20260114.csv
SY-CAB-aac150345f,suyeong,남천동로-4 (25),남천동로-4 (25),35.14488754,129.112374,25,25,3260.0,양방향식,asset_only,,부산광역시_수영구_가로등 현황_20260114.csv
SY-CAB-ba3d522445,suyeong,남천동로10-1 (32),남천동로10-1 (32),35.14110411,129.10907450000002,32,32,3775.0,양방향식,asset_only,,부산광역시_수영구_가로등 현황_20260114.csv
SY-CAB-a68df7d176,suyeong,남천동로9-1 (13),남천동로9-1 (13),35.1439992,129.1108056,13,13,1755.0,양방향식,asset_only,,부산광역시_수영구_가로등 현황_20260114.csv
SY-CAB-f3764d2d5a,suyeong,남천바다로-1 (14),남천바다로-1 (14),35.149599574999996,129.1124056,28,28,2100.0,양방향식,asset_only,,부산광역시_수영구_가로등 현황_20260114.csv
SY-CAB-b30f5cbde4,suyeong,남천바다로33-1  (20),남천바다로33-1  (20),35.151225005,129.11607285,20,20,2000.0,양방향식,asset_only,,부산광역시_수영구_가로등 현황_20260114.csv
SY-CAB-8f5ef9ce69,suyeong,남천수변공원 불꽃놀이 (13),남천수변공원 불꽃놀이 (13),35.14622102,129.1160662,13,13,1040.0,양방향식,asset_only,,부산광역시_수영구_가로등 현황_20260114.csv
SY-CAB-e20a3be758,suyeong,남천자이공원-1 (13),남천자이공원-1 (13),35.14108167,129.1122034,13,13,650.0,양방향식,asset_only,,부산광역시_수영구_가로등 현황_20260114.csv
SY-CAB-92de49aa37,suyeong,널구지공원 (11),널구지공원 (11),35.16316966,129.1289966,11,12,900.0,양방향식,asset_only,,부산광역시_수영구_가로등 현황_20260114.csv
SY-CAB-5b61a70385,suyeong,대남조명탑 (1),대남조명탑 (1),35.13987462,129.1057519,1,8,1600.0,양방향식,asset_only,,부산광역시_수영구_가로등 현황_20260114.csv
SY-CAB-4823d13b52,suyeong,망미근린공원 (17),망미근린공원 (17),35.1738505,129.1046462,17,17,586.0,양방향식,asset_only,,부산광역시_수영구_가로등 현황_20260114.csv
SY-CAB-c181d62281,suyeong,망미로-1 (12),망미로-1 (12),35.17078136000001,129.10458045000001,12,12,1700.0,양방향식,asset_only,,부산광역시_수영구_가로등 현황_20260114.csv
SY-CAB-b1ddd2bdb1,suyeong,망미로22-1 (11),망미로22-1 (11),35.1709904,129.1007541,11,11,1320.0,양방향식,asset_only,,부산광역시_수영구_가로등 현황_20260114.csv
SY-CAB-05c162ca05,suyeong,망미로30-1 (17),망미로30-1 (17),35.17064846,129.1004654,17,17,2550.0,양방향식,asset_only,,부산광역시_수영구_가로등 현황_20260114.csv
SY-CAB-1b1dd89333,suyeong,망미로30-2 (7),망미로30-2 (7),35.16975415,129.1009802,7,7,350.0,양방향식,asset_only,,부산광역시_수영구_가로등 현황_20260114.csv
SY-CAB-3a76040023,suyeong,망미로7-1 (18),망미로7-1 (18),35.170904230000005,129.1067311,18,18,1770.0,양방향식,asset_only,,부산광역시_수영구_가로등 현황_20260114.csv
SY-CAB-b67fa2d367,suyeong,망미로8-1 (17),망미로8-1 (17),35.172474295,129.1018372,18,18,1750.0,양방향식,asset_only,,부산광역시_수영구_가로등 현황_20260114.csv
SY-CAB-0ce29a4daf,suyeong,망미배산로-1 (18),망미배산로-1 (18),35.17473185,129.09819464999998,18,19,1900.0,양방향식,asset_only,,부산광역시_수영구_가로등 현황_20260114.csv
SY-CAB-5be8a18eed,suyeong,망미배산로-2 (12),망미배산로-2 (12),35.173974955,129.1052821,12,12,1450.0,양방향식,asset_only,,부산광역시_수영구_가로등 현황_20260114.csv
SY-CAB-bc70898630,suyeong,망미배산로24-1 (22),망미배산로24-1 (22),35.17746278,129.1051653,22,22,2200.0,양방향식,asset_only,,부산광역시_수영구_가로등 현황_20260114.csv
SY-CAB-4b02a9e27b,suyeong,망미배산로56-1 (22),망미배산로56-1 (22),35.174591254999996,129.10254795,22,22,3300.0,양방향식,asset_only,,부산광역시_수영구_가로등 현황_20260114.csv
SY-CAB-cdf9b98e1d,suyeong,망미배산로56-2 (29),망미배산로56-2 (29),35.17710571,129.1007806,29,32,3500.0,양방향식,asset_only,,부산광역시_수영구_가로등 현황_20260114.csv
SY-CAB-0c98179588,suyeong,망미번영로-1 (36),망미번영로-1 (36),35.16974706,129.1085167,47,47,5090.0,양방향식,asset_only,,부산광역시_수영구_가로등 현황_20260114.csv
SY-CAB-91a790ee47,suyeong,망미번영로-2 (34),망미번영로-2 (34),35.173008935,129.11020615,34,45,5090.0,양방향식,asset_only,,부산광역시_수영구_가로등 현황_20260114.csv
SY-CAB-8a139c8819,suyeong,망미번영로-3 (31),망미번영로-3 (31),35.17573522,129.1115913,31,41,4450.0,양방향식,asset_only,,부산광역시_수영구_가로등 현황_20260114.csv
SY-CAB-44591d458f,suyeong,망미번영로38-1 (15),망미번영로38-1 (15),35.16915408,129.1113877,15,15,1500.0,양방향식,asset_only,,부산광역시_수영구_가로등 현황_20260114.csv
SY-CAB-c6be2c6456,suyeong,망미번영로52-1 (19),망미번영로52-1 (19),35.17126236,129.1109621,19,19,2100.0,양방향식,asset_only,,부산광역시_수영구_가로등 현황_20260114.csv
SY-CAB-bee6a8d850,suyeong,망미번영로52-2 (19),망미번영로52-2 (19),35.16866698,129.1157875,19,19,2580.0,양방향식,asset_only,,부산광역시_수영구_가로등 현황_20260114.csv
SY-CAB-937deb1a4d,suyeong,망미번영로55-1 (21),망미번영로55-1 (21),35.17452991,129.109144,21,21,2570.0,양방향식,asset_only,,부산광역시_수영구_가로등 현황_20260114.csv
SY-CAB-2b786604c6,suyeong,망미번영로70-1 (16),망미번영로70-1 (16),35.17076786,129.1138243,22,22,1675.0,양방향식,asset_only,,부산광역시_수영구_가로등 현황_20260114.csv
SY-CAB-2293ce0a68,suyeong,망미번영로70-2 (16),망미번영로70-2 (16),35.172193995,129.1114739,16,16,1600.0,양방향식,asset_only,,부산광역시_수영구_가로등 현황_20260114.csv
SY-CAB-243ae11413,suyeong,망미번영로85-1 (14),망미번영로85-1 (14),35.175409630000004,129.1082225,14,14,1400.0,양방향식,asset_only,,부산광역시_수영구_가로등 현황_20260114.csv
SY-CAB-e583f354ec,suyeong,망미번영로88-1 (17),망미번영로88-1 (17),35.17449142,129.1148748,17,17,1650.0,양방향식,asset_only,,부산광역시_수영구_가로등 현황_20260114.csv
SY-CAB-d3316300a8,suyeong,망미어린이공원 (11),망미어린이공원 (11),35.17423731,129.1070776,11,11,550.0,양방향식,asset_only,,부산광역시_수영구_가로등 현황_20260114.csv
SY-CAB-236d0f423d,suyeong,무학로-1 (17),무학로-1 (17),35.1615411,129.1172235,17,17,1700.0,양방향식,asset_only,,부산광역시_수영구_가로등 현황_20260114.csv
SY-CAB-3ddbf0de24,suyeong,무학로21-1 (11),무학로21-1 (11),35.16383891,129.1165862,11,11,1450.0,양방향식,asset_only,,부산광역시_수영구_가로등 현황_20260114.csv
SY-CAB-963cc46567,suyeong,무학로49-1 (13),무학로49-1 (13),35.16341941,129.1185451,13,13,1550.0,양방향식,asset_only,,부산광역시_수영구_가로등 현황_20260114.csv
SY-CAB-4bde8263ef,suyeong,무학로63-1 (21),무학로63-1 (21),35.1639581,129.1198183,21,21,2100.0,양방향식,asset_only,,부산광역시_수영구_가로등 현황_20260114.csv
SY-CAB-345b0591ca,suyeong,무학로9-1 (23),무학로9-1 (23),35.16371051,129.1153773,23,23,2545.0,양방향식,asset_only,,부산광역시_수영구_가로등 현황_20260114.csv
SY-CAB-caf55e3126,suyeong,무학로9-2 (22),무학로9-2 (22),35.166618505,129.11691935,22,22,2300.0,양방향식,asset_only,,부산광역시_수영구_가로등 현황_20260114.csv
SY-CAB-92eb2e5b2c,suyeong,민락교 (37),민락교 (37),35.16121472,129.1310024,41,41,6150.0,양방향식,asset_only,,부산광역시_수영구_가로등 현황_20260114.csv
SY-CAB-e427dc3ca2,suyeong,민락로-1 (8),민락로-1 (8),35.157491719999996,129.12178335,8,8,960.0,양방향식,asset_only,,부산광역시_수영구_가로등 현황_20260114.csv
SY-CAB-6760905c21,suyeong,민락로6-1 (23),민락로6-1 (23),35.15588958,129.1226717,23,23,3000.0,양방향식,asset_only,,부산광역시_수영구_가로등 현황_20260114.csv
SY-CAB-fa5d1e9798,suyeong,민락본동로-1  (13),민락본동로-1  (13),35.15786856,129.1283445,13,13,1790.0,양방향식,asset_only,,부산광역시_수영구_가로등 현황_20260114.csv
SY-CAB-9fec55c536,suyeong,민락본동로-2  (9),민락본동로-2  (9),35.158385255,129.1287229,10,10,1040.0,양방향식,asset_only,,부산광역시_수영구_가로등 현황_20260114.csv
SY-CAB-d24a2598cf,suyeong,민락본동로19-1 (17),민락본동로19-1 (17),35.15833223,129.1270223,17,17,1800.0,양방향식,asset_only,,부산광역시_수영구_가로등 현황_20260114.csv
SY-CAB-1c211eb778,suyeong,민락수변공원-1_불꽃놀이 (10),민락수변공원-1_불꽃놀이 (10),35.153940495,129.1240721,10,10,640.0,양방향식,asset_only,,부산광역시_수영구_가로등 현황_20260114.csv
SY-CAB-f4d9b96a9a,suyeong,민락수변공원-2 (17)_행사,민락수변공원-2 (17)_행사,35.15427045,129.13155039999998,22,34,1700.0,양방향식,asset_only,,부산광역시_수영구_가로등 현황_20260114.csv
SY-CAB-f29edc0522,suyeong,민락수변공원-3 (13)_행사,민락수변공원-3 (13)_행사,35.15531904,129.1347829,25,25,1250.0,양방향식,asset_only,,부산광역시_수영구_가로등 현황_20260114.csv
SY-CAB-966875a63c,suyeong,민락수변로-1_불꽃놀이 (5),민락수변로-1_불꽃놀이 (5),35.15396525,129.1242409,5,5,800.0,양방향식,asset_only,,부산광역시_수영구_가로등 현황_20260114.csv
SY-CAB-4621a34bc8,suyeong,민락수변로-2_불꽃놀이 (38),민락수변로-2_불꽃놀이 (38),35.15362899,129.1279018,59,66,6415.0,양방향식,asset_only,,부산광역시_수영구_가로등 현황_20260114.csv
SY-CAB-9e585a96e3,suyeong,민락수변로-3  (20),민락수변로-3  (20),35.155124075,129.13389315,20,27,3500.0,양방향식,asset_only,,부산광역시_수영구_가로등 현황_20260114.csv
SY-CAB-2cc33acf1b,suyeong,민락수변로-4  (17),민락수변로-4  (17),35.155412944999995,129.13275420000002,18,18,2465.0,양방향식,asset_only,,부산광역시_수영구_가로등 현황_20260114.csv
SY-CAB-b7ab059f4f,suyeong,민락수변로-5  (20),민락수변로-5  (20),35.16057903,129.1312278,30,30,2670.0,양방향식,asset_only,,부산광역시_수영구_가로등 현황_20260114.csv
SY-CAB-fdda50350c,suyeong,민락수변로-6  (10),민락수변로-6  (10),35.16456751,129.12752540000002,10,10,1020.0,양방향식,asset_only,,부산광역시_수영구_가로등 현황_20260114.csv
SY-CAB-7fdaaf1c36,suyeong,민락수변로17-2  (15),민락수변로17-2  (15),35.15553872,129.1270402,15,15,2250.0,양방향식,asset_only,,부산광역시_수영구_가로등 현황_20260114.csv
SY-CAB-2f140c7dee,suyeong,민락수변로7-1 (13),민락수변로7-1 (13),35.15575018,129.1249076,13,14,1870.0,양방향식,asset_only,,부산광역시_수영구_가로등 현황_20260114.csv
SY-CAB-b411ece2df,suyeong,민락조명탑 (1),민락조명탑 (1),35.16572226,129.1249506,1,7,3500.0,양방향식,asset_only,,부산광역시_수영구_가로등 현황_20260114.csv
SY-CAB-d1f531bd7e,suyeong,민락체육공원 (5),민락체육공원 (5),35.15754995,129.1324247,5,5,300.0,양방향식,asset_only,,부산광역시_수영구_가로등 현황_20260114.csv
SY-CAB-ff023a997e,suyeong,번영로체육공원 (13),번영로체육공원 (13),35.16735353,129.1071753,13,13,650.0,양방향식,asset_only,,부산광역시_수영구_가로등 현황_20260114.csv
SY-CAB-8e6b212e60,suyeong,센텀비스타 공원 (15),센텀비스타 공원 (15),35.16614712,129.1200898,15,15,750.0,양방향식,asset_only,,부산광역시_수영구_가로등 현황_20260114.csv
SY-CAB-e6b12e7489,suyeong,수미로-1 (19),수미로-1 (19),35.17387552,129.113875,19,19,1450.0,양방향식,asset_only,,부산광역시_수영구_가로등 현황_20260114.csv
SY-CAB-1fd5e1ea78,suyeong,수미로-2 (12),수미로-2 (12),35.173144985,129.11930230000002,12,12,1220.0,양방향식,asset_only,,부산광역시_수영구_가로등 현황_20260114.csv
SY-CAB-5e5e2e417b,suyeong,수미조명탑 (3),수미조명탑 (3),35.16793179,129.1038223,3,6,3000.0,양방향식,asset_only,,부산광역시_수영구_가로등 현황_20260114.csv
SY-CAB-5a60f186e7,suyeong,수변공원그늘막-2 (12),수변공원그늘막-2 (12),35.15469199,129.13352375,24,72,5280.0,양방향식,asset_only,,부산광역시_수영구_가로등 현황_20260114.csv
SY-CAB-d5dc4a7bb3,suyeong,수영강-1 (26),수영강-1 (26),35.167544480000004,129.12432855,26,26,1840.0,양방향식,asset_only,,부산광역시_수영구_가로등 현황_20260114.csv
SY-CAB-385021d05c,suyeong,수영강-2 (16),수영강-2 (16),35.17194533,129.12163765000003,16,16,1280.0,양방향식,asset_only,,부산광역시_수영구_가로등 현황_20260114.csv
SY-CAB-3596b767ab,suyeong,수영강-3 (37),수영강-3 (37),35.18251677,129.1171625,42,42,2730.0,양방향식,asset_only,,부산광역시_수영구_가로등 현황_20260114.csv
SY-CAB-50177e52f5,suyeong,수영강변경관조명 (65),수영강변경관조명 (65),35.16163665,129.1306574,65,65,3900.0,양방향식,asset_only,,부산광역시_수영구_가로등 현황_20260114.csv
SY-CAB-a0094f6a60,suyeong,수영교 (22),수영교 (22),35.16583682,129.12617795,24,24,3130.0,양방향식,asset_only,,부산광역시_수영구_가로등 현황_20260114.csv
SY-CAB-76d9e09e78,suyeong,수영교경관조명 (2),수영교경관조명 (2),35.165880945,129.12568034999998,2,2,130.0,양방향식,asset_only,,부산광역시_수영구_가로등 현황_20260114.csv
SY-CAB-b47e8f9727,suyeong,수영로-1 (7),수영로-1 (7),35.14254674,129.1082015,7,7,945.0,양방향식,asset_only,,부산광역시_수영구_가로등 현황_20260114.csv
SY-CAB-d70c07505f,suyeong,수영로-10 (23),수영로-10 (23),35.16742962,129.1157054,23,23,3105.0,양방향식,asset_only,,부산광역시_수영구_가로등 현황_20260114.csv
SY-CAB-f68f465c9b,suyeong,수영로-11 (13),수영로-11 (13),35.16831031,129.1177776,13,13,1755.0,양방향식,asset_only,,부산광역시_수영구_가로등 현황_20260114.csv
SY-CAB-ea4a11ca87,suyeong,수영로-12  (13),수영로-12  (13),35.167832735000005,129.12063604999997,16,16,2400.0,양방향식,asset_only,,부산광역시_수영구_가로등 현황_20260114.csv
SY-CAB-d39b98ce61,suyeong,수영로-13  (13),수영로-13  (13),35.1667378,129.122667,15,15,2050.0,양방향식,asset_only,,부산광역시_수영구_가로등 현황_20260114.csv
SY-CAB-1e5575ef40,suyeong,수영로-14  (15),수영로-14  (15),35.16572098,129.1239958,15,19,2850.0,양방향식,asset_only,,부산광역시_수영구_가로등 현황_20260114.csv
SY-CAB-06b2b5626a,suyeong,수영로-15  (18),수영로-15  (18),35.165163245,129.1221845,18,18,1530.0,양방향식,asset_only,,부산광역시_수영구_가로등 현황_20260114.csv
SY-CAB-47fff20e2c,suyeong,수영로-2 (14),수영로-2 (14),35.141612265,129.10759180000002,14,14,1890.0,양방향식,asset_only,,부산광역시_수영구_가로등 현황_20260114.csv
SY-CAB-50e6b35fb5,suyeong,수영로-3 (19),수영로-3 (19),35.14731843,129.1101376,19,19,2565.0,양방향식,asset_only,,부산광역시_수영구_가로등 현황_20260114.csv
SY-CAB-2665e30f6b,suyeong,수영로-4 (20),수영로-4 (20),35.147115195,129.11035865000002,20,20,2920.0,양방향식,asset_only,,부산광역시_수영구_가로등 현황_20260114.csv
SY-CAB-8389649fa3,suyeong,수영로-5 (24),수영로-5 (24),35.153455055,129.11189535,24,24,3270.0,양방향식,asset_only,,부산광역시_수영구_가로등 현황_20260114.csv
SY-CAB-248450b7b0,suyeong,수영로-6  (24),수영로-6  (24),35.154038975000006,129.11232324999997,24,24,3270.0,양방향식,asset_only,,부산광역시_수영구_가로등 현황_20260114.csv
SY-CAB-245507b8f2,suyeong,수영로-7  (26),수영로-7  (26),35.160122505000004,129.1135066,26,26,3855.0,양방향식,asset_only,,부산광역시_수영구_가로등 현황_20260114.csv
SY-CAB-37f3f2b32b,suyeong,수영로-8  (23),수영로-8  (23),35.16061078,129.1138635,23,23,3105.0,양방향식,asset_only,,부산광역시_수영구_가로등 현황_20260114.csv
SY-CAB-aec7dd5eb0,suyeong,수영로-9 (9),수영로-9 (9),35.16580511,129.1146838,9,9,1215.0,양방향식,asset_only,,부산광역시_수영구_가로등 현황_20260114.csv
SY-CAB-ff01b34d1f,suyeong,수영로389-1 (25),수영로389-1 (25),35.14119515,129.1051059,37,37,3760.0,양방향식,asset_only,,부산광역시_수영구_가로등 현황_20260114.csv
SY-CAB-5643046ecf,suyeong,수영로389-2 (18),수영로389-2 (18),35.14223193,129.1066135,33,33,2940.0,양방향식,asset_only,,부산광역시_수영구_가로등 현황_20260114.csv
SY-CAB-3ba8bf40cf,suyeong,수영로408-1 (9),수영로408-1 (9),35.14085767,129.1120804,9,9,1250.0,양방향식,asset_only,,부산광역시_수영구_가로등 현황_20260114.csv
SY-CAB-156f778cd6,suyeong,수영로427-1 (35),수영로427-1 (35),35.14509167,129.1072593,35,35,4950.0,양방향식,asset_only,,부산광역시_수영구_가로등 현황_20260114.csv
SY-CAB-22dc9361ed,suyeong,수영로540-1 (11),수영로540-1 (11),35.15399508,129.1158865,11,11,1100.0,양방향식,asset_only,,부산광역시_수영구_가로등 현황_20260114.csv
SY-CAB-389bbb2d5d,suyeong,수영로540-2  (9),수영로540-2  (9),35.15367915,129.1137587,9,9,900.0,양방향식,asset_only,,부산광역시_수영구_가로등 현황_20260114.csv
SY-CAB-9b16398af5,suyeong,수영로554-1 (15),수영로554-1 (15),35.15500853,129.1141,15,15,2200.0,양방향식,asset_only,,부산광역시_수영구_가로등 현황_20260114.csv
SY-CAB-541d7205dd,suyeong,수영로554-2 (9),수영로554-2 (9),35.15443764,129.1168237,9,9,1320.0,양방향식,asset_only,,부산광역시_수영구_가로등 현황_20260114.csv
SY-CAB-7af43ed641,suyeong,수영로587-1 (14),수영로587-1 (14),35.15824212,129.111501,26,26,1700.0,양방향식,asset_only,,부산광역시_수영구_가로등 현황_20260114.csv
SY-CAB-f1dba229cb,suyeong,수영로594-1 (21),수영로594-1 (21),35.15816,129.115553,21,21,2195.0,양방향식,asset_only,,부산광역시_수영구_가로등 현황_20260114.csv
SY-CAB-63d4367c80,suyeong,수영로606-1  (18),수영로606-1  (18),35.15921493,129.1163689,19,19,1850.0,양방향식,asset_only,,부산광역시_수영구_가로등 현황_20260114.csv
SY-CAB-55569d0c8e,suyeong,수영로610-1  (15),수영로610-1  (15),35.15986105,129.11635145000002,16,16,1760.0,양방향식,asset_only,,부산광역시_수영구_가로등 현황_20260114.csv
SY-CAB-fe173da917,suyeong,수영로618-1  (25),수영로618-1  (25),35.16075054,129.1168357,25,25,2410.0,양방향식,asset_only,,부산광역시_수영구_가로등 현황_20260114.csv
SY-CAB-32e2c6c61f,suyeong,수영로666-1 (10),수영로666-1 (10),35.16483497,129.1175199,11,11,1100.0,양방향식,asset_only,,부산광역시_수영구_가로등 현황_20260114.csv
SY-CAB-7488bdc74f,suyeong,수영로741-1 (18),수영로741-1 (18),35.16922304,129.12104970000001,24,24,2640.0,양방향식,asset_only,,부산광역시_수영구_가로등 현황_20260114.csv
SY-CAB-5e96dcbabb,suyeong,수영사적공원-1 (15),수영사적공원-1 (15),35.17047259,129.1149534,24,24,1200.0,양방향식,asset_only,,부산광역시_수영구_가로등 현황_20260114.csv
SY-CAB-5602b31a50,suyeong,수영사적공원-2 (8),수영사적공원-2 (8),35.17157312,129.1142141,15,15,750.0,양방향식,asset_only,,부산광역시_수영구_가로등 현황_20260114.csv
SY-CAB-b70f9ee7e7,suyeong,수영성로-1 (6),수영성로-1 (6),35.17045987,129.1155685,6,6,360.0,양방향식,asset_only,,부산광역시_수영구_가로등 현황_20260114.csv
SY-CAB-50da942b62,suyeong,수영조명탑-1 (2),수영조명탑-1 (2),35.16750819,129.1152053,1,8,3200.0,양방향식,asset_only,,부산광역시_수영구_가로등 현황_20260114.csv
SY-CAB-16bce2a1c0,suyeong,수영조명탑-2 (1),수영조명탑-2 (1),35.16732502,129.1149866,1,8,3200.0,양방향식,asset_only,,부산광역시_수영구_가로등 현황_20260114.csv
SY-CAB-d5d4f36cc5,suyeong,연수로-1 (20),연수로-1 (20),35.17321949,129.099788,21,21,3050.0,양방향식,asset_only,,부산광역시_수영구_가로등 현황_20260114.csv
SY-CAB-40be76037a,suyeong,연수로-2 (18),연수로-2 (18),35.173056665000004,129.10001845,18,18,2700.0,양방향식,asset_only,,부산광역시_수영구_가로등 현황_20260114.csv
SY-CAB-dd85b9a3b7,suyeong,연수로-3 (20),연수로-3 (20),35.172157635000005,129.106122,24,24,3200.0,양방향식,asset_only,,부산광역시_수영구_가로등 현황_20260114.csv
SY-CAB-11a030806b,suyeong,연수로-4 (19),연수로-4 (19),35.171997105,129.1060904,22,22,3000.0,양방향식,asset_only,,부산광역시_수영구_가로등 현황_20260114.csv
SY-CAB-bc9ff352d9,suyeong,연수로-5 (23),연수로-5 (23),35.16967332,129.1119718,23,23,3450.0,양방향식,asset_only,,부산광역시_수영구_가로등 현황_20260114.csv
SY-CAB-fca94bf3bb,suyeong,연수로-6 (22),연수로-6 (22),35.16950601,129.1118769,23,23,3350.0,양방향식,asset_only,,부산광역시_수영구_가로등 현황_20260114.csv
SY-CAB-004f69e7e4,suyeong,연수로310-1 (18),연수로310-1 (18),35.16969624,129.1034085,19,19,2100.0,양방향식,asset_only,,부산광역시_수영구_가로등 현황_20260114.csv
SY-CAB-8c32346369,suyeong,연수로335-1 (11),연수로335-1 (11),35.173041865,129.1076411,12,12,1300.0,양방향식,asset_only,,부산광역시_수영구_가로등 현황_20260114.csv
SY-CAB-22101b6203,suyeong,연수로392-1 (12),연수로392-1 (12),35.16776506,129.1109132,12,12,1200.0,양방향식,asset_only,,부산광역시_수영구_가로등 현황_20260114.csv
SY-CAB-03c2f068aa,suyeong,장대골로-1 (11),장대골로-1 (11),35.15903964,129.1112617,11,11,1375.0,양방향식,asset_only,,부산광역시_수영구_가로등 현황_20260114.csv
SY-CAB-23088c37ed,suyeong,장대골로-2 (14),장대골로-2 (14),35.159434989999994,129.1084732,14,14,1750.0,양방향식,asset_only,,부산광역시_수영구_가로등 현황_20260114.csv
SY-CAB-565718517b,suyeong,장대골로-3 (11),장대골로-3 (11),35.15966021,129.1119139,11,11,760.0,양방향식,asset_only,,부산광역시_수영구_가로등 현황_20260114.csv
SY-CAB-e15575ce71,suyeong,장대골로7-1 (11),장대골로7-1 (11),35.15755492,129.11224,11,11,1255.0,양방향식,asset_only,,부산광역시_수영구_가로등 현황_20260114.csv
SY-CAB-c9a6edb47e,suyeong,정과정공원 (15),정과정공원 (15),35.1817619,129.1151488,35,35,1225.0,양방향식,asset_only,,부산광역시_수영구_가로등 현황_20260114.csv
SY-CAB-8cf9ec612c,suyeong,좌수영교 (58),좌수영교 (58),35.17528722,129.121259,84,90,16545.0,양방향식,asset_only,,부산광역시_수영구_가로등 현황_20260114.csv
SY-CAB-8d99d72371,suyeong,좌수영로-1 (31),좌수영로-1 (31),35.16903357,129.1229187,62,62,7675.0,양방향식,asset_only,,부산광역시_수영구_가로등 현황_20260114.csv
SY-CAB-128c928604,suyeong,좌수영로-2 (31),좌수영로-2 (31),35.16917605,129.1231446,62,62,7500.0,양방향식,asset_only,,부산광역시_수영구_가로등 현황_20260114.csv
SY-CAB-b32bddb84c,suyeong,좌수영로-3 (13),좌수영로-3 (13),35.17331692,129.1205163,13,13,2000.0,양방향식,asset_only,,부산광역시_수영구_가로등 현황_20260114.csv
SY-CAB-d737cbd16d,suyeong,좌수영로-4 (19),좌수영로-4 (19),35.174597614999996,129.1190273,26,26,2630.0,양방향식,asset_only,,부산광역시_수영구_가로등 현황_20260114.csv
SY-CAB-a42a4f4e8d,suyeong,좌수영로-7 (27),좌수영로-7 (27),35.17967408,129.1167307,39,39,4245.0,양방향식,asset_only,,부산광역시_수영구_가로등 현황_20260114.csv
SY-CAB-c4dd5df0e5,suyeong,좌수영로-8 (36),좌수영로-8 (36),35.18005402,129.1168407,60,60,6060.0,양방향식,asset_only,,부산광역시_수영구_가로등 현황_20260114.csv
SY-CAB-ef9bc6cf08,suyeong,행복의길 (28),행복의길 (28),35.17929283,129.1177909,41,41,2010.0,양방향식,asset_only,,부산광역시_수영구_가로등 현황_20260114.csv
SY-CAB-03d9d63714,suyeong,호암로 45 (19),호암로 45 (19),35.15763706,129.1081478,19,19,1925.0,양방향식,asset_only,,부산광역시_수영구_가로등 현황_20260114.csv
SY-CAB-76e690f057,suyeong,호암로-1 (22),호암로-1 (22),35.156850945,129.1092125,22,22,2225.0,양방향식,asset_only,,부산광역시_수영구_가로등 현황_20260114.csv
SY-CAB-c8c6110f22,suyeong,호암로29-1 (22),호암로29-1 (22),35.15218836,129.1097176,22,22,2000.0,양방향식,asset_only,,부산광역시_수영구_가로등 현황_20260114.csv
SY-CAB-9a1335b0c3,suyeong,호암로29-2 (18),호암로29-2 (18),35.153974794999996,129.10937719999998,18,19,1625.0,양방향식,asset_only,,부산광역시_수영구_가로등 현황_20260114.csv
SY-CAB-9f97df4c82,suyeong,호암로9-1 (10),호암로9-1 (10),35.1549498,129.11160465,10,10,1000.0,양방향식,asset_only,,부산광역시_수영구_가로등 현황_20260114.csv
SY-CAB-3d1f747cee,suyeong,황령대로-1 (15),황령대로-1 (15),35.138423245,129.10795124999999,18,18,1860.0,양방향식,asset_only,,부산광역시_수영구_가로등 현황_20260114.csv
SY-CAB-0d4d0b1aef,suyeong,황령대로-2 (13),황령대로-2 (13),35.137405064999996,129.1098558,14,14,1980.0,양방향식,asset_only,,부산광역시_수영구_가로등 현황_20260114.csv
SY-CAB-0c940c7f31,suyeong,황령대로-3 (26),황령대로-3 (26),35.13608216,129.1128396,27,27,3260.0,양방향식,asset_only,,부산광역시_수영구_가로등 현황_20260114.csv
SY-CAB-13aef7fca2,suyeong,황령대로481-1 (20),황령대로481-1 (20),35.139834140000005,129.1071598,20,20,2000.0,양방향식,asset_only,,부산광역시_수영구_가로등 현황_20260114.csv
SY-CAB-2c47a841fb,suyeong,황령대로489-2 (17),황령대로489-2 (17),35.13949956,129.1104029,17,17,2550.0,양방향식,asset_only,,부산광역시_수영구_가로등 현황_20260114.csv
SY-CAB-d6a63b2385,suyeong,황령산로-1(조도),황령산로-1(조도),35.14846127,129.10650965000002,20,20,2800.0,양방향식,asset_only,,부산광역시_수영구_가로등 현황_20260114.csv
SY-CAB-3c6861d396,suyeong,황령산로-2(조도),황령산로-2(조도),35.14956511,129.1021958,35,35,3950.0,양방향식,asset_only,,부산광역시_수영구_가로등 현황_20260114.csv
SY-CAB-13ec418774,suyeong,황령산로-3(조도),황령산로-3(조도),35.15538304,129.0985092,34,34,4200.0,양방향식,asset_only,,부산광역시_수영구_가로등 현황_20260114.csv
SY-CAB-5e3a21e38c,suyeong,황령산로8-1 (18),황령산로8-1 (18),35.14831923,129.1095902,19,19,1940.0,양방향식,asset_only,,부산광역시_수영구_가로등 현황_20260114.csv
GN-CAB-8a6eba9340,gangneung,KNC|YB|4,KNC|YB|4,37.7687951,128.8734954,3,3,360.0,GMC-200S,linked,강원특별자치도 강릉시 유천동 43,강원특별자치도 강릉시_분전함_20230820.csv
GN-CAB-d9f45454b3,gangneung,KNC|YB|2,KNC|YB|2,37.7816049,128.9155538,23,23,5750.0,GMC-200S,linked,강원특별자치도 강릉시 포남동 1224,강원특별자치도 강릉시_분전함_20230820.csv
GN-CAB-bb23d69cea,gangneung,KNC|YB|24,KNC|YB|24,37.751588,128.894347,8,8,1500.0,GMC-200S,linked,강원특별자치도 강릉시 성내동 17-2,강원특별자치도 강릉시_분전함_20230820.csv
GN-CAB-71bc616c4e,gangneung,KNC|YB|20,KNC|YB|20,37.7715559,128.9100948,15,15,3150.0,GMC-200S,linked,강원특별자치도 강릉시 포남동 1197-4,강원특별자치도 강릉시_분전함_20230820.csv
GN-CAB-3cf147d80a,gangneung,KNC|YB|16,KNC|YB|16,37.7570123,128.8857691,20,20,3500.0,GMC-200S,linked,강원특별자치도 강릉시 교동 980-2,강원특별자치도 강릉시_분전함_20230820.csv
GN-CAB-1f0048acf0,gangneung,KNC|YB|15,KNC|YB|15,37.7568596,128.8863237,25,41,8450.0,GMC-200,linked,강원특별자치도 강릉시 교동 980-2,강원특별자치도 강릉시_분전함_20230820.csv
GN-CAB-aa1717a3f6,gangneung,KNC|YB|17,KNC|YB|17,37.7578446,128.8922286,6,6,900.0,GMC-200S,linked,강원특별자치도 강릉시 교동 162-209,강원특별자치도 강릉시_분전함_20230820.csv
GN-CAB-708959e7ee,gangneung,KNC|YB|25,KNC|YB|25,37.7503046,128.8950682,30,48,7650.0,GMC-200S,linked,강원특별자치도 강릉시 남문동 50-2,강원특별자치도 강릉시_분전함_20230820.csv
GN-CAB-7eb49baa44,gangneung,KNC|YB|8,KNC|YB|8,37.7608277,128.8920654,13,13,1300.0,GMC-200S,linked,강원특별자치도 강릉시 교동 896-1,강원특별자치도 강릉시_분전함_20230820.csv
GN-CAB-481343ae2e,gangneung,KNC|YB|7,KNC|YB|7,37.760705,128.8922625,27,35,3850.0,GMC-200S,linked,강원특별자치도 강릉시 교동 183-75,강원특별자치도 강릉시_분전함_20230820.csv
GN-CAB-383f6acabd,gangneung,KNC|YB|9,KNC|YB|9,37.7628952,128.8858485,13,13,1950.0,GMC-200S,linked,강원특별자치도 강릉시 교동 산200-3,강원특별자치도 강릉시_분전함_20230820.csv
GN-CAB-060b49560a,gangneung,KNC|YB|32,KNC|YB|32,37.8935934,128.8240256,1,1,250.0,GMC-200S,linked,강원특별자치도 강릉시 주문진읍 주문리 1047-6,강원특별자치도 강릉시_분전함_20230820.csv
GN-CAB-da0992126c,gangneung,KNC|YB|33,KNC|YB|33,37.8883133,128.8246544,7,7,1750.0,GMC-200S,linked,강원특별자치도 강릉시 주문진읍 교항리 207-5,강원특별자치도 강릉시_분전함_20230820.csv
GN-CAB-d9c883974e,gangneung,KNC|YB|49,KNC|YB|49,37.8124622,128.8560887,5,5,1250.0,GMC-200S,linked,강원특별자치도 강릉시 사천면 방동리 600-2,강원특별자치도 강릉시_분전함_20230820.csv
GN-CAB-4606c9db7a,gangneung,KNC|YB|48,KNC|YB|48,37.810063,128.8575909,6,6,1500.0,GMC-200,linked,강원특별자치도 강릉시 사천면 방동리 산143-5,강원특별자치도 강릉시_분전함_20230820.csv
GN-CAB-62abbca8e1,gangneung,KNC|YB|50,KNC|YB|50,37.8097623,128.8581232,5,5,1250.0,GMC-200S,linked,강원특별자치도 강릉시 사천면 방동리 589,강원특별자치도 강릉시_분전함_20230820.csv
GN-CAB-3962748998,gangneung,KNC|YB|51,KNC|YB|51,37.8096796,128.8586657,12,12,3000.0,GMC-200S,linked,강원특별자치도 강릉시 사천면 방동리 594,강원특별자치도 강릉시_분전함_20230820.csv
GN-CAB-f3755d448b,gangneung,KNC|YB|46,KNC|YB|46,37.8101992,128.8544642,20,20,5000.0,GMC-200S,linked,강원특별자치도 강릉시 사천면 방동리 801-2,강원특별자치도 강릉시_분전함_20230820.csv
GN-CAB-2b5c162b1a,gangneung,KNC|YB|44,KNC|YB|44,37.8076224,128.8538466,17,17,4250.0,GMC-200S,linked,강원특별자치도 강릉시 사천면 방동리 804-3,강원특별자치도 강릉시_분전함_20230820.csv
GN-CAB-9bdba64dce,gangneung,KNC|YB|45,KNC|YB|45,37.8069771,128.8533055,9,9,2250.0,GMC-200S,linked,강원특별자치도 강릉시 사천면 방동리 496,강원특별자치도 강릉시_분전함_20230820.csv
GN-CAB-2de3bb861f,gangneung,KNC|YB|43,KNC|YB|43,37.8043919,128.8577215,17,17,4250.0,GMC-200S,linked,강원특별자치도 강릉시 대전동 898-1,강원특별자치도 강릉시_분전함_20230820.csv
GN-CAB-f20bc9145a,gangneung,KNC|YB|42,KNC|YB|42,37.8026176,128.8574008,18,18,4500.0,GMC-200,linked,강원특별자치도 강릉시 대전동 902-4,강원특별자치도 강릉시_분전함_20230820.csv
GN-CAB-a5cb6dff70,gangneung,KNC|YB|41,KNC|YB|41,37.8028592,128.8544661,15,15,3750.0,GMC-200S,linked,강원특별자치도 강릉시 대전동 895,강원특별자치도 강릉시_분전함_20230820.csv
GN-CAB-cb677e3a6a,gangneung,KNC|YB|40,KNC|YB|40,37.7462201,128.8630258,8,13,2600.0,GMC-200,linked,강원특별자치도 강릉시 홍제동 783-6,강원특별자치도 강릉시_분전함_20230820.csv
GN-CAB-ba1f47a2a3,gangneung,KNC|YB|38,KNC|YB|38,37.7958123,128.8527367,18,18,4500.0,GMC-200S,linked,강원특별자치도 강릉시 대전동 916-1,강원특별자치도 강릉시_분전함_20230820.csv
GN-CAB-a6082ef9cb,gangneung,KNC|YB|47,KNC|YB|47,37.8088531,128.8562193,21,21,5250.0,GMC-200S,linked,강원특별자치도 강릉시 사천면 방동리 804-2,강원특별자치도 강릉시_분전함_20230820.csv
GN-CAB-f864c99f92,gangneung,KNC|YB|39,KNC|YB|39,37.7984878,128.8526325,26,26,6500.0,GMC-200S,linked,강원특별자치도 강릉시 대전동 915-2,강원특별자치도 강릉시_분전함_20230820.csv
GN-CAB-75784fdea3,gangneung,KNC|YB|37,KNC|YB|37,37.7947922,128.8530807,14,14,2100.0,GMC-200S,linked,강원특별자치도 강릉시 대전동 913,강원특별자치도 강릉시_분전함_20230820.csv
GN-CAB-6e3dd14d70,gangneung,KNC|YB|53,KNC|YB|53,37.7718545,128.9484728,14,28,14680.0,GMC-200N,linked,강원특별자치도 강릉시 강원도 강릉시 송정동,강원특별자치도 강릉시_분전함_20230820.csv
GN-CAB-dc17cf3cce,gangneung,KNC|YB|56,KNC|YB|56,37.749898,128.8624538,22,43,10750.0,GMC-200S,linked,강원특별자치도 강릉시 홍제동 839,강원특별자치도 강릉시_분전함_20230820.csv
GN-CAB-a9189814d5,gangneung,KNC|YB|64,KNC|YB|64,37.7555748,128.8658465,17,23,5750.0,GMC-200S,linked,강원특별자치도 강릉시 홍제동 665-1,강원특별자치도 강릉시_분전함_20230820.csv
GN-CAB-dc9dda1a71,gangneung,KNC|YB|65,KNC|YB|65,37.760612,128.8654663,30,42,9200.0,GMC-200S,linked,강원특별자치도 강릉시 유천동 186-1,강원특별자치도 강릉시_분전함_20230820.csv
GN-CAB-2c0818e350,gangneung,KNC|YB|66,KNC|YB|66,37.7689132,128.8542747,5,5,1250.0,GMC-200S,linked,강원특별자치도 강릉시 유천동 산123-1,강원특별자치도 강릉시_분전함_20230820.csv
GN-CAB-4446c24897,gangneung,KNC|YB|67,KNC|YB|67,37.7791973,128.8509989,4,4,1000.0,GMC-200N,linked,강원특별자치도 강릉시 죽헌동 산95-2,강원특별자치도 강릉시_분전함_20230820.csv
GN-CAB-dfc754e5f2,gangneung,KNC|YB|68,KNC|YB|68,37.7844406,128.85052,9,9,1850.0,GMC-200S,linked,강원특별자치도 강릉시 대전동 산160-1,강원특별자치도 강릉시_분전함_20230820.csv
GN-CAB-e1f0ffee40,gangneung,KNC|YB|69,KNC|YB|69,37.7873838,128.85086,16,21,5250.0,GMC-200N,linked,강원특별자치도 강릉시 대전동 산177-7,강원특별자치도 강릉시_분전함_20230820.csv
GN-CAB-0b187a0444,gangneung,KNC|YB|29,KNC|YB|29,37.7726162,128.9458749,15,15,2350.0,GMC-200S,linked,강원특별자치도 강릉시 견소동 186-1,강원특별자치도 강릉시_분전함_20230820.csv
GN-CAB-874202197d,gangneung,KNC|YB|81,KNC|YB|81,37.7949945,128.8962546,25,41,6630.0,GMC-200S,linked,강원특별자치도 강릉시 강원도 강릉시 경포동,강원특별자치도 강릉시_분전함_20230820.csv
GN-CAB-8c45d0d481,gangneung,KNC|YB|76,KNC|YB|76,37.7722344,128.9350808,19,19,2850.0,GMC-200S,linked,강원특별자치도 강릉시 송정동 123-3,강원특별자치도 강릉시_분전함_20230820.csv
GN-CAB-c35b98c16c,gangneung,KNC|YB|75,KNC|YB|75,37.7711989,128.9246762,6,6,900.0,GMC-200S,linked,강원특별자치도 강릉시 송정동 561-4,강원특별자치도 강릉시_분전함_20230820.csv
GN-CAB-4e447aa5bf,gangneung,KNC|YB|72,KNC|YB|72,37.7670783,128.9164503,7,7,1050.0,GMC-200S,linked,강원특별자치도 강릉시 포남동 1281,강원특별자치도 강릉시_분전함_20230820.csv
GN-CAB-9637844232,gangneung,KNC|YB|84,KNC|YB|84,37.7623425,128.9095732,13,14,2300.0,GMC-200,linked,강원특별자치도 강릉시 포남동 1267-3,강원특별자치도 강릉시_분전함_20230820.csv
GN-CAB-3a9158158f,gangneung,KNC|YB|88,KNC|YB|88,37.7453691,128.8598895,9,14,2100.0,GMC-200S,linked,강원특별자치도 강릉시 홍제동 965-1,강원특별자치도 강릉시_분전함_20230820.csv
GN-CAB-43b9497d8e,gangneung,KNC|YB|91,KNC|YB|91,37.7504373,128.8958327,31,53,11670.0,GMC-200S,linked,강원특별자치도 강릉시 성남동 227-3,강원특별자치도 강릉시_분전함_20230820.csv
GN-CAB-0f827c7b9e,gangneung,KNC|YB|94,KNC|YB|94,37.7836395,128.9320638,17,34,2380.0,GMC-200S,linked,강원특별자치도 강릉시 송정동 산5-4,강원특별자치도 강릉시_분전함_20230820.csv
GN-CAB-2cdcad144e,gangneung,KNC|YB|95,KNC|YB|95,37.7844102,128.8749166,1,1,150.0,GMC-200S,linked,강원특별자치도 강릉시 죽헌동 306-6,강원특별자치도 강릉시_분전함_20230820.csv
GN-CAB-04414388c5,gangneung,KNC|YB|97,KNC|YB|97,37.8072026,128.9031024,10,10,1500.0,GMC-200S,linked,강원특별자치도 강릉시 안현동 872,강원특별자치도 강릉시_분전함_20230820.csv
GN-CAB-9b114e22b6,gangneung,KNC|YB|98,KNC|YB|98,37.8093225,128.9012362,26,27,4050.0,GMC-200S,linked,강원특별자치도 강릉시 안현동 82-16,강원특별자치도 강릉시_분전함_20230820.csv
GN-CAB-230bbd8813,gangneung,KNC|YB|100,KNC|YB|100,37.8289836,128.8782521,7,7,1750.0,GMC-200S,linked,강원특별자치도 강릉시 사천면 방동리 산279,강원특별자치도 강릉시_분전함_20230820.csv
GN-CAB-9affea5ca0,gangneung,KNC|YB|101,KNC|YB|101,37.8335571,128.8730862,26,26,6500.0,GMC-200S,linked,강원특별자치도 강릉시 사천면 사천진리 90-2,강원특별자치도 강릉시_분전함_20230820.csv
GN-CAB-04f70ca4cf,gangneung,KNC|YB|102,KNC|YB|102,37.8400868,128.8711954,20,20,5000.0,GMC-200,linked,강원특별자치도 강릉시 사천면 사천진리 47,강원특별자치도 강릉시_분전함_20230820.csv
GN-CAB-7e73943c81,gangneung,KNC|YB|107,KNC|YB|107,37.7814555,128.9150752,12,12,3000.0,GMC-200S,linked,강원특별자치도 강릉시 포남동 1224,강원특별자치도 강릉시_분전함_20230820.csv
GN-CAB-f62e19e4eb,gangneung,KNC|YB|111,KNC|YB|111,37.7263784,128.8414627,12,12,1800.0,GMC-200S,linked,강원특별자치도 강릉시 구정면 제비리 936,강원특별자치도 강릉시_분전함_20230820.csv
GN-CAB-98423446ef,gangneung,KNC|YB|113,KNC|YB|113,37.7526869,128.896223,16,16,3200.0,GMC-200S,linked,강원특별자치도 강릉시 성남동 105-2,강원특별자치도 강릉시_분전함_20230820.csv
GN-CAB-73c53397b0,gangneung,KNC|YB|114,KNC|YB|114,37.6875794,129.0376845,3,5,2400.0,GMC-200S,linked,강원특별자치도 강릉시 강동면 정동진리 569-6,강원특별자치도 강릉시_분전함_20230820.csv
GN-CAB-3ee4934a06,gangneung,KNC|YB|116,KNC|YB|116,37.7974914,128.9083809,2,2,20.0,GMC-200S,linked,강원특별자치도 강릉시 초당동 459-2,강원특별자치도 강릉시_분전함_20230820.csv
GN-CAB-f502b4cc6c,gangneung,KNC|YB|123,KNC|YB|123,37.7969009,128.9171281,1,1,10.0,PMC-200,linked,강원특별자치도 강릉시 강문동 248-4,강원특별자치도 강릉시_분전함_20230820.csv
GN-CAB-51d0d36dbb,gangneung,KNC|YB|125,KNC|YB|125,37.7708812,128.9504582,20,26,6500.0,GMC-200S,linked,강원특별자치도 강릉시 견소동 286-4,강원특별자치도 강릉시_분전함_20230820.csv
GN-CAB-961eb632ae,gangneung,KNC|YB|129,KNC|YB|129,37.7547578,128.8812365,8,10,2100.0,GMC-200S,linked,강원특별자치도 강릉시 홍제동 1000-2,강원특별자치도 강릉시_분전함_20230820.csv
GN-CAB-ad6fcaf825,gangneung,KNC|YB|130,KNC|YB|130,37.7737652,128.8839064,10,10,1500.0,GMC-200S,linked,강원특별자치도 강릉시 교동 1232-1,강원특별자치도 강릉시_분전함_20230820.csv
GN-CAB-f229c3e57f,gangneung,KNC|YB|136,KNC|YB|136,37.7622987,128.8855459,21,21,3150.0,GMC-200S,linked,강원특별자치도 강릉시 교동 1066-12,강원특별자치도 강릉시_분전함_20230820.csv
GN-CAB-0274b77098,gangneung,KNC|YB|146,KNC|YB|146,37.7956909,128.8970607,20,38,5700.0,GMC-200N,linked,강원특별자치도 강릉시 저동 126-1,강원특별자치도 강릉시_분전함_20230820.csv
GN-CAB-260da31b1e,gangneung,KNC|YB|147,KNC|YB|147,37.8073712,128.9047521,15,29,1740.0,GMC-200S,linked,강원특별자치도 강릉시 안현동 89-53,강원특별자치도 강릉시_분전함_20230820.csv
GN-CAB-5e206cf8fb,gangneung,KNC|YB|148,KNC|YB|148,37.8104341,128.9008796,11,11,1650.0,GMC-200S,linked,강원특별자치도 강릉시 안현동 44,강원특별자치도 강릉시_분전함_20230820.csv
GN-CAB-df5134a759,gangneung,KNC|YB|150,KNC|YB|150,37.8449496,128.8714072,3,6,1650.0,GMC-200S,linked,강원특별자치도 강릉시 사천면 사천진리,강원특별자치도 강릉시_분전함_20230820.csv
GN-CAB-71ef106076,gangneung,KNC|YB|153,KNC|YB|153,37.7937567,128.9191217,5,9,1350.0,GMC-200S,linked,강원특별자치도 강릉시 강문동 159-17,강원특별자치도 강릉시_분전함_20230820.csv
GN-CAB-ca8a9ab1a2,gangneung,KNC|YB|154,KNC|YB|154,37.7881739,128.925606,16,32,4800.0,GMC-200S,linked,강원특별자치도 강릉시 강문동 산45-1,강원특별자치도 강릉시_분전함_20230820.csv
GN-CAB-8772e5b6d9,gangneung,KNC|YB|155,KNC|YB|155,37.7781067,128.939849,17,34,3640.0,GMC-200S,linked,강원특별자치도 강릉시 송정동 산 1-3,강원특별자치도 강릉시_분전함_20230820.csv
GN-CAB-be50d7ca14,gangneung,KNC|YB|156,KNC|YB|156,37.8525442,128.858957,15,15,2500.0,GMC-200N,linked,강원특별자치도 강릉시 연곡면 동덕리,강원특별자치도 강릉시_분전함_20230820.csv
GN-CAB-c422f520c7,gangneung,KNC|YB|157,KNC|YB|157,37.8484917,128.864985,17,17,2950.0,GMC-200N,linked,강원특별자치도 강릉시 사천면 사천진리 산1-7,강원특별자치도 강릉시_분전함_20230820.csv
GN-CAB-c99fc828df,gangneung,KNC|YB|158,KNC|YB|158,37.7501564,128.8936733,5,5,1025.0,GMC-200S,linked,강원특별자치도 강릉시 남문동 188-1,강원특별자치도 강릉시_분전함_20230820.csv
GN-CAB-08c64689e7,gangneung,KNC|YB|58,KNC|YB|58,37.7461103,128.862921,1,1,2500.0,GMC-200,linked,강원특별자치도 강릉시 홍제동 784-1,강원특별자치도 강릉시_분전함_20230820.csv
GN-CAB-8db80888c1,gangneung,KNC|YB|61,KNC|YB|61,37.8167106,128.852952,21,24,6000.0,GMC-200S,linked,강원특별자치도 강릉시 사천면 미노리 산 64-2,강원특별자치도 강릉시_분전함_20230820.csv
GN-CAB-190c583175,gangneung,KNC|YB|62,KNC|YB|62,37.8210411,128.8521728,41,60,15000.0,GMC-200SN,linked,강원특별자치도 강릉시 사천면 미노리 423,강원특별자치도 강릉시_분전함_20230820.csv
GN-CAB-17a620ac1b,gangneung,KNC|YB|117,KNC|YB|117,37.7444545,128.9052577,6,6,1500.0,GMC-200S,linked,강원특별자치도 강릉시 노암동 133,강원특별자치도 강릉시_분전함_20230820.csv
GN-CAB-ebc0805f37,gangneung,KNC|YB|183,KNC|YB|183,37.7438092,128.8698794,13,13,3250.0,GMC-200S,linked,강원특별자치도 강릉시 홍제동 770-3,강원특별자치도 강릉시_분전함_20230820.csv
GN-CAB-b67fd2c334,gangneung,KNC|YB|171,KNC|YB|171,37.7752921,128.9311386,21,21,4650.0,GMC-200S,linked,강원특별자치도 강릉시 송정동 172-4,강원특별자치도 강릉시_분전함_20230820.csv
GN-CAB-d9386475ea,gangneung,KNC|YB|181,KNC|YB|181,37.7936326,128.9176949,23,23,3650.0,GMC-200,linked,강원특별자치도 강릉시 강문동 13-4,강원특별자치도 강릉시_분전함_20230820.csv
GN-CAB-86bb22486c,gangneung,KNC|YB|170,KNC|YB|170,37.7827651,128.9307144,24,24,3600.0,GMC-200S,linked,강원특별자치도 강릉시 송정동 산18-2,강원특별자치도 강릉시_분전함_20230820.csv
GN-CAB-53c1cd9655,gangneung,KNC|YB|179,KNC|YB|179,37.7849176,128.918414,18,18,2700.0,GMC-200S,linked,강원특별자치도 강릉시 초당동 77-1,강원특별자치도 강릉시_분전함_20230820.csv
GN-CAB-da663a5f0a,gangneung,KNC|YB|165,KNC|YB|165,37.7841117,128.903653,23,23,3550.0,GMC-200S,linked,강원특별자치도 강릉시 포남동 166-2,강원특별자치도 강릉시_분전함_20230820.csv
GN-CAB-80c3bd1fac,gangneung,KNC|YB|164,KNC|YB|164,37.784249,128.9034936,25,25,3750.0,GMC-200S,linked,강원특별자치도 강릉시 포남동 956,강원특별자치도 강릉시_분전함_20230820.csv
GN-CAB-8d65d73a7f,gangneung,KNC|YB|162,KNC|YB|162,37.8050563,128.9039169,13,4,600.0,GMC-200S,linked,강원특별자치도 강릉시 안현동 89-92,강원특별자치도 강릉시_분전함_20230820.csv
GN-CAB-9a4f067adf,gangneung,KNC|YB|161,KNC|YB|161,37.8026912,128.9105909,22,44,3080.0,GMC-200S,linked,강원특별자치도 강릉시 강문동 294-1,강원특별자치도 강릉시_분전함_20230820.csv
GN-CAB-dca56bd54f,gangneung,KNC|YB|160,KNC|YB|160,37.7971706,128.9160528,23,26,2350.0,GMC-200S,linked,강원특별자치도 강릉시 강문동 297-17,강원특별자치도 강릉시_분전함_20230820.csv
GN-CAB-516a9d9d83,gangneung,KNC|YB|178,KNC|YB|178,37.7526614,128.9127818,29,29,7050.0,GMC-200S,linked,강원특별자치도 강릉시 입암동 441-7,강원특별자치도 강릉시_분전함_20230820.csv
GN-CAB-c7716e2963,gangneung,KNC|YB|180,KNC|YB|180,37.7868949,128.9232088,16,16,2400.0,GMC-200S,linked,강원특별자치도 강릉시 강문동 41-18,강원특별자치도 강릉시_분전함_20230820.csv
GN-CAB-777c8f9164,gangneung,KNC|YB|21,KNC|YB|21,37.7737045,128.9130498,35,38,7800.0,GMC-200S,linked,강원특별자치도 강릉시 포남동 1295,강원특별자치도 강릉시_분전함_20230820.csv
GN-CAB-e780d80fbe,gangneung,KNC|YB|168,KNC|YB|168,37.7555229,128.8918116,10,10,1500.0,GMC-200S,linked,강원특별자치도 강릉시 임당동 171-1,강원특별자치도 강릉시_분전함_20230820.csv
GN-CAB-a6500c9d10,gangneung,KNC|YB|185,KNC|YB|185,37.7557861,128.8915168,1,1,150.0,GMC-200S,linked,강원특별자치도 강릉시 용강동 28-16,강원특별자치도 강릉시_분전함_20230820.csv
GN-CAB-c938eff65e,gangneung,KNC|YB|189,KNC|YB|189,37.7570431,128.8980186,11,11,530.0,GMC-200S,linked,강원특별자치도 강릉시 옥천동 183,강원특별자치도 강릉시_분전함_20230820.csv
GN-CAB-cbadfc46ff,gangneung,KNC|YB|188,KNC|YB|188,37.7546787,128.8949647,8,16,1120.0,GMC-200S,linked,강원특별자치도 강릉시 임당동 88-1,강원특별자치도 강릉시_분전함_20230820.csv
GN-CAB-e5264a5970,gangneung,KNC|YB|187,KNC|YB|187,37.7539092,128.8945864,9,10,1500.0,GMC-200S,linked,강원특별자치도 강릉시 임당동 142-2,강원특별자치도 강릉시_분전함_20230820.csv
GN-CAB-ffae4e8b31,gangneung,KNC|YB|191,KNC|YB|191,37.9005911,128.8320973,15,29,3900.0,GMC-200S,linked,강원특별자치도 강릉시 주문진읍 주문리 122-2,강원특별자치도 강릉시_분전함_20230820.csv
GN-CAB-d02c8fa2a7,gangneung,KNC|YB|199,KNC|YB|199,37.7589953,128.870605,5,5,750.0,GMC-200S,linked,강원특별자치도 강릉시 유천동 769-2,강원특별자치도 강릉시_분전함_20230820.csv
GN-CAB-80f45c1890,gangneung,KNC|YB|60,KNC|YB|60,37.6195555,129.0494807,16,26,3480.0,GMC-200S,linked,강원특별자치도 강릉시 옥계면 주수리 533-17,강원특별자치도 강릉시_분전함_20230820.csv
GN-CAB-2b169b299f,gangneung,KNC|YB|200,KNC|YB|200,37.6183061,129.0499105,23,23,2760.0,GMC-200S,linked,강원특별자치도 강릉시 옥계면 주수리 537,강원특별자치도 강릉시_분전함_20230820.csv
GN-CAB-4c0e8bd766,gangneung,KNC|YB|204,KNC|YB|204,37.7845501,128.8742769,2,2,300.0,GMC-200S,linked,강원특별자치도 강릉시 죽헌동 산21-3,강원특별자치도 강릉시_분전함_20230820.csv
GN-CAB-66b24918a1,gangneung,KNC|YB|206,KNC|YB|206,37.8827023,128.8202181,2,2,500.0,GMC-200S,linked,강원특별자치도 강릉시 주문진읍 교항리 1107-3,강원특별자치도 강릉시_분전함_20230820.csv
GN-CAB-40945b2bf5,gangneung,KNC|YB|208,KNC|YB|208,37.8826866,128.820156,1,1,250.0,GMC-200S,linked,강원특별자치도 강릉시 주문진읍 교항리 337-1,강원특별자치도 강릉시_분전함_20230820.csv
GN-CAB-629b8a22fb,gangneung,KNC|YB|227,KNC|YB|227,37.780973,128.8818607,13,13,1950.0,GMC-200N,linked,강원특별자치도 강릉시 죽헌동 791-1,강원특별자치도 강릉시_분전함_20230820.csv
GN-CAB-467da5a103,gangneung,KNC|YB|221,KNC|YB|221,37.7670062,128.8911977,4,4,600.0,GMC-200N,linked,강원특별자치도 강릉시 교동 728-2,강원특별자치도 강릉시_분전함_20230820.csv
GN-CAB-93a0b0add3,gangneung,KNC|YB|213,KNC|YB|213,37.7726791,128.8955397,11,22,2800.0,GMC-200N,linked,강원특별자치도 강릉시 교동 408,강원특별자치도 강릉시_분전함_20230820.csv
GN-CAB-08692f3f78,gangneung,KNC|YB|223,KNC|YB|223,37.7697929,128.8891144,11,11,2750.0,GMC-200N,linked,강원특별자치도 강릉시 교동 695-1,강원특별자치도 강릉시_분전함_20230820.csv
GN-CAB-aa3f89f21d,gangneung,KNC|YB|215,KNC|YB|215,37.7702811,128.9051388,11,11,2350.0,GMC-200N,linked,강원특별자치도 강릉시 포남동 1197-8,강원특별자치도 강릉시_분전함_20230820.csv
GN-CAB-3343d0b82c,gangneung,KNC|YB|218,KNC|YB|218,37.7807306,128.9190736,31,31,4650.0,GMC-200N,linked,강원특별자치도 강릉시 송정동 371-2,강원특별자치도 강릉시_분전함_20230820.csv
GN-CAB-f608414302,gangneung,KNC|YB|217,KNC|YB|217,37.7775801,128.9386671,25,25,3750.0,GMC-200N,linked,강원특별자치도 강릉시 송정동 산27-1,강원특별자치도 강릉시_분전함_20230820.csv
GN-CAB-0b2f987de7,gangneung,KNC|YB|232,KNC|YB|232,37.7271469,128.9155967,1,2,300.0,GMC-200N,linked,강원특별자치도 강릉시 박월동 38-1,강원특별자치도 강릉시_분전함_20230820.csv
GN-CAB-03d45be50c,gangneung,KNC|YB|234,KNC|YB|234,37.7123536,128.9072537,15,28,7000.0,GMC-200N,linked,강원특별자치도 강릉시 박월동 784-1,강원특별자치도 강릉시_분전함_20230820.csv
GN-CAB-bbbf80ed75,gangneung,KNC|YB|244,KNC|YB|244,37.7730386,128.9434937,32,64,16000.0,GMC-200N,linked,강원특별자치도 강릉시 견소동 230-18,강원특별자치도 강릉시_분전함_20230820.csv
GN-CAB-8723fbe524,gangneung,KNC|YB|245,KNC|YB|245,37.8091571,128.8519532,12,12,3000.0,GMC-200S,linked,강원특별자치도 강릉시 사천면 방동리 809,강원특별자치도 강릉시_분전함_20230820.csv
GN-CAB-48d9207133,gangneung,KNC|YB|243,KNC|YB|243,37.7514658,128.8980239,31,49,5330.0,GMC-200N,linked,강원특별자치도 강릉시 성남동 210,강원특별자치도 강릉시_분전함_20230820.csv
GN-CAB-a36d626f4c,gangneung,KNC|YB|246,KNC|YB|246,37.8090065,128.8515509,24,24,6000.0,GMC-200S,linked,강원특별자치도 강릉시 사천면 방동리 809,강원특별자치도 강릉시_분전함_20230820.csv
GN-CAB-6aaa5cb43f,gangneung,KNC|YB|216,KNC|YB|216,37.8033307,128.9084545,20,40,2800.0,GMC-200N,linked,강원특별자치도 강릉시 강문동 294,강원특별자치도 강릉시_분전함_20230820.csv
GN-CAB-074ba137c0,gangneung,KNC|YB|236,KNC|YB|236,37.7297718,128.8569069,10,10,2500.0,GMC-200N,linked,강원특별자치도 강릉시 구정면 제비리 72,강원특별자치도 강릉시_분전함_20230820.csv
GN-CAB-5d11547a2c,gangneung,KNC|YB|237,KNC|YB|237,37.7385888,128.8642162,11,11,2750.0,GMC-200N,linked,강원특별자치도 강릉시 강원도 강릉시 내곡동,강원특별자치도 강릉시_분전함_20230820.csv
GN-CAB-52dfc40b93,gangneung,KNC|YB|241,KNC|YB|241,37.7396954,128.8660244,9,9,1950.0,GMC-200N,linked,강원특별자치도 강릉시 회산동 198,강원특별자치도 강릉시_분전함_20230820.csv
GN-CAB-02959b7049,gangneung,KNC|YB|212,KNC|YB|212,37.8071528,128.8526829,19,19,4750.0,GMC-200S,linked,강원특별자치도 강릉시 사천면 방동리 496,강원특별자치도 강릉시_분전함_20230820.csv
GN-CAB-d117286c96,gangneung,KNC|YB|238,KNC|YB|238,37.7536185,128.9002058,11,11,1100.0,GMC-200S,linked,강원특별자치도 강릉시 성남동 51-18,강원특별자치도 강릉시_분전함_20230820.csv
GN-CAB-e20bf4392d,gangneung,KNC|YB|231,KNC|YB|231,37.7516953,128.8951216,13,13,1300.0,GMC-200S,linked,강원특별자치도 강릉시 성남동 114-1,강원특별자치도 강릉시_분전함_20230820.csv
GN-CAB-752d87ee85,gangneung,KNC|YB|239,KNC|YB|239,37.7471236,128.8827716,4,8,800.0,GMC-200S,linked,강원특별자치도 강릉시 홍제동 376-3,강원특별자치도 강릉시_분전함_20230820.csv
GN-CAB-8a06e8364d,gangneung,KNC|YB|70,KNC|YB|70,37.7997569,128.8506561,13,13,3250.0,GMC-200N,linked,강원특별자치도 강릉시 대전동 905-6,강원특별자치도 강릉시_분전함_20230820.csv
GN-CAB-02507ccd8f,gangneung,KNC|YB|248,KNC|YB|248,37.765092,128.8979761,3,3,450.0,GMC-200N,linked,강원특별자치도 강릉시 교동 118-2,강원특별자치도 강릉시_분전함_20230820.csv
GN-CAB-b68c42f276,gangneung,KNC|YB|74,KNC|YB|74,37.8397232,128.8770763,2,4,1300.0,GMC-200S,linked,강원특별자치도 강릉시 사천면 사천진리 266-2,강원특별자치도 강릉시_분전함_20230820.csv
GN-CAB-74253dd916,gangneung,KNC|YB|259,KNC|YB|259,37.8015904,128.9119513,6,12,6840.0,GMC-200S,linked,강원특별자치도 강릉시 강문동 산51,강원특별자치도 강릉시_분전함_20230820.csv
GN-CAB-bfa1802722,gangneung,KNC|YB|260,KNC|YB|260,37.8050585,128.907872,5,10,700.0,GMC-200S,linked,강원특별자치도 강릉시 강문동 산1,강원특별자치도 강릉시_분전함_20230820.csv
GN-CAB-131aadb2d4,gangneung,KNC|YB|261,KNC|YB|261,37.8074225,128.9046726,11,22,1540.0,GMC-200S,linked,강원특별자치도 강릉시 안현동 89-53,강원특별자치도 강릉시_분전함_20230820.csv
GN-CAB-649901f7e8,gangneung,KNC|YB|254,KNC|YB|254,37.7396382,128.8825265,1,1,250.0,GMC-200N,linked,강원특별자치도 강릉시 내곡동 380-5,강원특별자치도 강릉시_분전함_20230820.csv
GN-CAB-2f0732cd6b,gangneung,KNC|YB|255,KNC|YB|255,37.7399053,128.8825895,4,4,1000.0,GMC-200N,linked,강원특별자치도 강릉시 내곡동 382-1,강원특별자치도 강릉시_분전함_20230820.csv
GN-CAB-dc6fe94dff,gangneung,KNC|YB|256,KNC|YB|256,37.7402392,128.8873135,11,11,2750.0,GMC-200N,linked,강원특별자치도 강릉시 내곡동 364-3,강원특별자치도 강릉시_분전함_20230820.csv
GN-CAB-409a0e0727,gangneung,KNC|YB|57,KNC|YB|57,37.8003365,128.8644253,21,21,3150.0,GMC-200N,linked,강원특별자치도 강릉시 안현동 산171-3,강원특별자치도 강릉시_분전함_20230820.csv
GN-CAB-803fddbdc2,gangneung,KNC|YB|251,KNC|YB|251,37.8025856,128.8746498,24,24,3600.0,GMC-200N,linked,강원특별자치도 강릉시 안현동 737,강원특별자치도 강릉시_분전함_20230820.csv
GN-CAB-8cd20f899e,gangneung,KNC|YB|253,KNC|YB|253,37.8069535,128.89881,30,30,4500.0,GMC-200N,linked,강원특별자치도 강릉시 안현동 95-2,강원특별자치도 강릉시_분전함_20230820.csv
GN-CAB-94324d920f,gangneung,KNC|YB|252,KNC|YB|252,37.8055077,128.8863008,40,40,6000.0,GMC-200N,linked,강원특별자치도 강릉시 저동 511,강원특별자치도 강릉시_분전함_20230820.csv
GN-CAB-1ff83b76e7,gangneung,KNC|YB|265,KNC|YB|265,37.7430336,128.877486,7,7,1050.0,GMC-200N,linked,강원특별자치도 강릉시 회산동 607,강원특별자치도 강릉시_분전함_20230820.csv
GN-CAB-7b0da4ea93,gangneung,KNC|YB|266,KNC|YB|266,37.7423376,128.8757683,5,5,750.0,GMC-200N,linked,강원특별자치도 강릉시 회산동 52-1,강원특별자치도 강릉시_분전함_20230820.csv
GN-CAB-1d42426639,gangneung,KNC|YB|277,KNC|YB|277,37.7415158,128.8927776,11,11,2750.0,GMC-200N,linked,강원특별자치도 강릉시 노암동 751-4,강원특별자치도 강릉시_분전함_20230820.csv
GN-CAB-d2eb7d4b7c,gangneung,KNC|YB|270,KNC|YB|270,37.7493322,128.911842,10,10,2500.0,GMC-200N,linked,강원특별자치도 강릉시 입암동 산82,강원특별자치도 강릉시_분전함_20230820.csv
GN-CAB-f83aa6acd6,gangneung,KNC|YB|268,KNC|YB|268,37.7513703,128.9057733,1,2,200.0,GMC-200N,linked,강원특별자치도 강릉시 노암동 256-3,강원특별자치도 강릉시_분전함_20230820.csv
GN-CAB-09bcbd9c61,gangneung,KNC|YB|272,KNC|YB|272,37.7560663,128.8943266,15,15,2250.0,GMC-200N,linked,강원특별자치도 강릉시 임당동 37,강원특별자치도 강릉시_분전함_20230820.csv
GN-CAB-149fa71aab,gangneung,KNC|YB|273,KNC|YB|273,37.7537805,128.8895798,24,24,4100.0,GMC-200N,linked,강원특별자치도 강릉시 홍제동 47-1,강원특별자치도 강릉시_분전함_20230820.csv
GN-CAB-7274d74df0,gangneung,KNC|YB|275,KNC|YB|275,37.7628283,128.9010205,6,7,4150.0,GMC-200N,linked,강원특별자치도 강릉시 옥천동 351,강원특별자치도 강릉시_분전함_20230820.csv
GN-CAB-a6bf9fe443,gangneung,KNC|YB|276,KNC|YB|276,37.7783702,128.9036876,35,37,5550.0,GMC-200N,linked,강원특별자치도 강릉시 포남동 236-1,강원특별자치도 강릉시_분전함_20230820.csv
GN-CAB-4342c4ea22,gangneung,KNC|YB|310,KNC|YB|310,37.778928,128.9349412,2,2,300.0,GMC-200N,linked,강원특별자치도 강릉시 송정동 산56-1,강원특별자치도 강릉시_분전함_20230820.csv
GN-CAB-8f650360c7,gangneung,KNC|YB|338,KNC|YB|338,37.7757348,128.9338964,7,7,1750.0,GMC-200N,linked,강원특별자치도 강릉시 송정동 945,강원특별자치도 강릉시_분전함_20230820.csv
GN-CAB-248fee6acb,gangneung,KNC|YB|369,KNC|YB|369,37.7781826,128.9348438,4,4,1000.0,GMC-200N,linked,강원특별자치도 강릉시 송정동 39-5,강원특별자치도 강릉시_분전함_20230820.csv
GN-CAB-021412702e,gangneung,KNC|YB|301,KNC|YB|301,37.7642499,128.9138193,15,15,2550.0,GMC-200N,linked,강원특별자치도 강릉시 입암동 602-1,강원특별자치도 강릉시_분전함_20230820.csv
GN-CAB-b45affda21,gangneung,KNC|YB|300,KNC|YB|300,37.8578597,128.8524066,19,19,3800.0,GMC-200N,linked,강원특별자치도 강릉시 연곡면 동덕리 95-2,강원특별자치도 강릉시_분전함_20230820.csv
GN-CAB-e409e34d01,gangneung,KNC|YB|290,KNC|YB|290,37.8163141,128.8560964,21,22,5500.0,GMC-200N,linked,강원특별자치도 강릉시 사천면 방동리 산11-1,강원특별자치도 강릉시_분전함_20230820.csv
GN-CAB-5e1e3bc88c,gangneung,KNC|YB|281,KNC|YB|281,37.7965395,128.8607134,15,16,4000.0,GMC-200N,linked,강원특별자치도 강릉시 강원도 강릉시 경포동,강원특별자치도 강릉시_분전함_20230820.csv
GN-CAB-2fe8c41c3b,gangneung,KNC|YB|282,KNC|YB|282,37.7944053,128.8608248,5,5,1250.0,GMC-200N,linked,강원특별자치도 강릉시 대전동 177,강원특별자치도 강릉시_분전함_20230820.csv
GN-CAB-9fae3feafe,gangneung,KNC|YB|323,KNC|YB|323,37.704292,128.9033961,21,21,3550.0,GMC-200N,linked,강원특별자치도 강릉시 구정면,강원특별자치도 강릉시_분전함_20230820.csv
GN-CAB-74762039b4,gangneung,KNC|YB|361,KNC|YB|361,37.7449084,128.8965716,14,14,3500.0,GMC-200N,linked,강원특별자치도 강릉시 노암동 661-3,강원특별자치도 강릉시_분전함_20230820.csv
GN-CAB-dc42063b3b,gangneung,KNC|YB|366,KNC|YB|366,37.7681757,128.9125958,4,4,1000.0,GMC-200S,linked,강원특별자치도 강릉시 포남동 1181-3,강원특별자치도 강릉시_분전함_20230820.csv
GN-CAB-5f98918607,gangneung,KNC|YB|357,KNC|YB|357,37.7501223,128.899324,1,2,100.0,GMC-200N,linked,강원특별자치도 강릉시 노암동 826-8,강원특별자치도 강릉시_분전함_20230820.csv
GN-CAB-cfc02828aa,gangneung,KNC|YB|339,KNC|YB|339,37.7520408,128.9061957,4,4,600.0,GMC-200N,linked,강원특별자치도 강릉시 강원도 강릉시 성덕동,강원특별자치도 강릉시_분전함_20230820.csv
GN-CAB-dba35a5c51,gangneung,KNC|YB|328,KNC|YB|328,37.7943438,128.9153806,16,16,2400.0,GMC-200N,linked,강원특별자치도 강릉시 강문동 146-35,강원특별자치도 강릉시_분전함_20230820.csv
GN-CAB-e7fdfb3407,gangneung,KNC|YB|329,KNC|YB|329,37.7944691,128.9152033,8,8,1300.0,GMC-200N,linked,강원특별자치도 강릉시 강문동 288-32,강원특별자치도 강릉시_분전함_20230820.csv
GN-CAB-185bf24129,gangneung,KNC|YB|332,KNC|YB|332,37.7858111,128.9134374,14,14,3500.0,GMC-200N,linked,강원특별자치도 강릉시 초당동,강원특별자치도 강릉시_분전함_20230820.csv
GN-CAB-090536d06d,gangneung,KNC|YB|343,KNC|YB|343,37.7980854,128.911965,7,7,1250.0,GMC-200N,linked,강원특별자치도 강릉시 강문동 265-1,강원특별자치도 강릉시_분전함_20230820.csv
GN-CAB-ea5c751468,gangneung,KNC|YB|341,KNC|YB|341,37.7594996,128.911652,9,9,2250.0,GMC-200N,linked,강원특별자치도 강릉시 입암동 557-5,강원특별자치도 강릉시_분전함_20230820.csv
GN-CAB-1b8c7f40e2,gangneung,KNC|YB|391,KNC|YB|391,37.9116813,128.8142228,1,2,300.0,GMC-200S,linked,강원특별자치도 강릉시 주문진읍 향호리 1-3,강원특별자치도 강릉시_분전함_20230820.csv
GN-CAB-8d9a1d1771,gangneung,KNC|YB|390,KNC|YB|390,37.7802238,128.8824089,1,1,150.0,GMC-200N,linked,강원특별자치도 강릉시 죽헌동 25-5,강원특별자치도 강릉시_분전함_20230820.csv
GN-CAB-02fc0fb346,gangneung,KNC|YB|389,KNC|YB|389,37.7919596,128.8965736,29,47,5350.0,GMC-200S,linked,강원특별자치도 강릉시 운정동 13-1,강원특별자치도 강릉시_분전함_20230820.csv
GN-CAB-fc623a927d,gangneung,KNC|YB|406,KNC|YB|406,37.8725328,128.8405959,3,3,150.0,타이머,linked,강원특별자치도 강릉시 연곡면 영진리 367-26,강원특별자치도 강릉시_분전함_20230820.csv
GN-CAB-9ebe41a8ef,gangneung,KNC|YB|375,KNC|YB|375,37.8191691,128.8342847,19,19,2850.0,GMC-200N,linked,강원특별자치도 강릉시 사천면 노동리 1196,강원특별자치도 강릉시_분전함_20230820.csv
GN-CAB-c1b15a479e,gangneung,KNC|YB|413,KNC|YB|413,37.77534,128.9054183,17,17,2550.0,GMC-200N,linked,강원특별자치도 강릉시 포남동 산169-2,강원특별자치도 강릉시_분전함_20230820.csv
GN-CAB-92e0401e91,gangneung,KNC|YB|404,KNC|YB|404,37.8804367,128.8265133,2,2,500.0,GMC-200N,linked,강원특별자치도 강릉시 주문진읍 교항리 62,강원특별자치도 강릉시_분전함_20230820.csv
GN-CAB-2f4ef85132,gangneung,KNC|YB|429,KNC|YB|429,37.8830445,128.822567,7,7,1050.0,GMC-200N,linked,강원특별자치도 강릉시 주문진읍 교항리 387-6,강원특별자치도 강릉시_분전함_20230820.csv
GN-CAB-b80afdb00f,gangneung,KNC|YB|418,KNC|YB|418,37.7468224,128.9121224,17,17,3550.0,GMC-200N,linked,강원특별자치도 강릉시 청량동 580-3,강원특별자치도 강릉시_분전함_20230820.csv
GN-CAB-886a3abb12,gangneung,KNC|YB|420,KNC|YB|420,37.7461663,128.9111109,23,27,4950.0,GMC-200N,linked,강원특별자치도 강릉시 강남동 2-3,강원특별자치도 강릉시_분전함_20230820.csv
GN-CAB-e15f0feac4,gangneung,KNC|YB|431,KNC|YB|431,37.7970821,128.9077173,1,2,140.0,단방향,linked,강원특별자치도 강릉시 초당동 549,강원특별자치도 강릉시_분전함_20230820.csv
GN-CAB-07ec24ce12,gangneung,KNC|YB|274,KNC|YB|274,37.765134,128.8984707,14,14,2100.0,GMC-200NK,linked,강원특별자치도 강릉시 교동 95-2,강원특별자치도 강릉시_분전함_20230820.csv
GN-CAB-85ca1f7dff,gangneung,KNC|YB|324,KNC|YB|324,37.7759873,128.9149509,28,28,4200.0,GMC-200N,linked,강원특별자치도 강릉시 송정동 746-2,강원특별자치도 강릉시_분전함_20230820.csv
GN-CAB-c84bb0a444,gangneung,KNC|YB|54,KNC|YB|54,37.8690405,128.8453837,3,6,1950.0,GMC-200,linked,강원특별자치도 강릉시 연곡면 영진리,강원특별자치도 강릉시_분전함_20230820.csv
GN-CAB-d5c344321e,gangneung,KNC|YB|119,KNC|YB|119,37.803562,128.9051772,17,34,5100.0,GMC-200S,linked,강원특별자치도 강릉시 안현동 852,강원특별자치도 강릉시_분전함_20230820.csv
GN-CAB-c07b5c025a,gangneung,KNC|YB|124,KNC|YB|124,37.8160032,128.893644,16,16,4000.0,GMC-200S,linked,강원특별자치도 강릉시 안현동 산71-3,강원특별자치도 강릉시_분전함_20230820.csv
GN-CAB-41fd29369b,gangneung,KNC|YB|264,KNC|YB|264,37.7991222,128.8612856,43,49,11850.0,GMC-200S,linked,강원특별자치도 강릉시 대전동 843-4,강원특별자치도 강릉시_분전함_20230820.csv
GN-CAB-3082e97159,gangneung,KNC|YB|407,KNC|YB|407,37.7854407,128.8936218,27,28,8900.0,GMC-200S,linked,강원특별자치도 강릉시 경포동 794-3,강원특별자치도 강릉시_분전함_20230820.csv
GN-CAB-a0585e7749,gangneung,KNC|YB|115,KNC|YB|115,37.7988098,128.9103388,9,12,840.0,GMC-200S,linked,강원특별자치도 강릉시 강문동 297-1,강원특별자치도 강릉시_분전함_20230820.csv
GN-CAB-eabb128bfa,gangneung,KNC|YB|77,KNC|YB|77,37.7707247,128.9485074,68,68,2720.0,GMC-200S,linked,강원특별자치도 강릉시 견소동 215-4,강원특별자치도 강릉시_분전함_20230820.csv
GN-CAB-af75fc41cf,gangneung,KNC|YB|401,KNC|YB|401,37.7857379,128.8936481,15,15,675.0,GMC-200N,linked,강원특별자치도 강릉시 경포동 186-1,강원특별자치도 강릉시_분전함_20230820.csv
GN-CAB-4303ca7e69,gangneung,KNC|YB|90,KNC|YB|90,37.7496093,128.8923242,14,18,4500.0,GMC-200S,linked,강원특별자치도 강릉시 남문동 67,강원특별자치도 강릉시_분전함_20230820.csv
GN-CAB-863cfbbe7b,gangneung,KNC|YB|271,KNC|YB|271,37.7496812,128.8916162,15,15,2250.0,GMC-200N,linked,강원특별자치도 강릉시 남문동 153-6,강원특별자치도 강릉시_분전함_20230820.csv
GN-CAB-550455a700,gangneung,KNC|YB|104,KNC|YB|104,37.7498084,128.8908435,14,14,2100.0,GMC-200S,linked,강원특별자치도 강릉시 명주동 65,강원특별자치도 강릉시_분전함_20230820.csv
GN-CAB-a57dc66fb7,gangneung,KNC|YB|103,KNC|YB|103,37.7497481,128.8904797,13,13,1950.0,GMC-200S,linked,강원특별자치도 강릉시 명주동 65,강원특별자치도 강릉시_분전함_20230820.csv
GN-CAB-7580b8c171,gangneung,KNC|YB|344,KNC|YB|344,37.751244,128.8856748,4,4,0,GMC-200N,linked,강원특별자치도 강릉시 홍제동 135-1,강원특별자치도 강릉시_분전함_20230820.csv
GN-CAB-fffe149f7e,gangneung,KNC|YB|334,KNC|YB|334,37.7518032,128.8903795,6,6,1500.0,GMC-200N,linked,강원특별자치도 강릉시 중앙동 65-14,강원특별자치도 강릉시_분전함_20230820.csv
GN-CAB-9d53917507,gangneung,KNC|YB|120,KNC|YB|120,37.7482192,128.887182,26,31,4650.0,GMC-200,linked,강원특별자치도 강릉시 남문동 67,강원특별자치도 강릉시_분전함_20230820.csv
GN-CAB-4bd21897eb,gangneung,KNC|YB|257,KNC|YB|257,37.7404737,128.8872822,11,11,2750.0,GMC-200N,linked,강원특별자치도 강릉시 내곡동 364-1,강원특별자치도 강릉시_분전함_20230820.csv
GN-CAB-0a7b882948,gangneung,KNC|YB|279,KNC|YB|279,37.7412533,128.892613,19,20,5000.0,GMC-200N,linked,강원특별자치도 강릉시 노암동 751-5,강원특별자치도 강릉시_분전함_20230820.csv
GN-CAB-a0844e40c6,gangneung,KNC|YB|174,KNC|YB|174,37.7428805,128.890715,19,19,4750.0,GMC-200,linked,강원특별자치도 강릉시 내곡동 757,강원특별자치도 강릉시_분전함_20230820.csv
GN-CAB-cf5d1de6cc,gangneung,KNC|YB|330,KNC|YB|330,37.7447144,128.8942571,9,9,2250.0,GMC-200N,linked,강원특별자치도 강릉시 노암동 627,강원특별자치도 강릉시_분전함_20230820.csv
GN-CAB-a373d1547d,gangneung,KNC|YB|31,KNC|YB|31,37.7487158,128.8943935,19,38,5700.0,GMC-200S,linked,강원특별자치도 강릉시 노암동 825-2,강원특별자치도 강릉시_분전함_20230820.csv
GN-CAB-6bdb1ce57f,gangneung,KNC|YB|105,KNC|YB|105,37.7506022,128.9002036,19,35,8750.0,GMC-200S,linked,강원특별자치도 강릉시 노암동 279-30,강원특별자치도 강릉시_분전함_20230820.csv
GN-CAB-79ad483b5f,gangneung,KNC|YB|360,KNC|YB|360,37.7428746,128.8962407,15,16,4000.0,GMC-200N,linked,강원특별자치도 강릉시 강남동,강원특별자치도 강릉시_분전함_20230820.csv
GN-CAB-db2d887b52,gangneung,KNC|YB|159,KNC|YB|159,37.7442706,128.9033833,15,25,4250.0,GMC-200S,linked,강원특별자치도 강릉시 강남동 842,강원특별자치도 강릉시_분전함_20230820.csv
GN-CAB-9196e4857c,gangneung,KNC|YB|269,KNC|YB|269,37.7520854,128.9054046,24,39,5250.0,GMC-200N,linked,강원특별자치도 강릉시 노암동 256-3,강원특별자치도 강릉시_분전함_20230820.csv
GN-CAB-e40fb03747,gangneung,KNC|YB|83,KNC|YB|83,37.7594418,128.9106611,12,12,1800.0,GMC-200S,linked,강원특별자치도 강릉시 입암동 572-1,강원특별자치도 강릉시_분전함_20230820.csv
GN-CAB-33c6f84317,gangneung,KNC|YB|82,KNC|YB|82,37.7556115,128.9067672,25,26,5400.0,GMC-200S,linked,강원특별자치도 강릉시 입암동 679-9,강원특별자치도 강릉시_분전함_20230820.csv
GN-CAB-ebd345b357,gangneung,KNC|YB|312,KNC|YB|312,37.7557555,128.9102753,19,19,4750.0,GMC-200N,linked,강원특별자치도 강릉시 입암동 442-3,강원특별자치도 강릉시_분전함_20230820.csv
GN-CAB-9a946253f9,gangneung,KNC|YB|35,KNC|YB|35,37.7558263,128.9157949,12,12,3000.0,GMC-200N,linked,강원특별자치도 강릉시 입암동 279-15,강원특별자치도 강릉시_분전함_20230820.csv
GN-CAB-5068b44456,gangneung,KNC|YB|34,KNC|YB|34,37.7558288,128.9160081,8,8,2000.0,GMC-200N,linked,강원특별자치도 강릉시 입암동 279-15,강원특별자치도 강릉시_분전함_20230820.csv
GN-CAB-6e7e2e5dd9,gangneung,KNC|YB|292,KNC|YB|292,37.7590447,128.9200078,15,15,3350.0,GMC-200N,linked,강원특별자치도 강릉시 입암동 708-4,강원특별자치도 강릉시_분전함_20230820.csv
GN-CAB-2ea5df6285,gangneung,KNC|YB|298,KNC|YB|298,37.7637903,128.9192155,13,14,3500.0,GMC-200N,linked,강원특별자치도 강릉시 입암동 60-16,강원특별자치도 강릉시_분전함_20230820.csv
GN-CAB-f02d9e2077,gangneung,KNC|YB|288,KNC|YB|288,37.756676,128.9187301,5,5,1250.0,GMC-200N,linked,강원특별자치도 강릉시 성덕동,강원특별자치도 강릉시_분전함_20230820.csv
GN-CAB-b81700fcb7,gangneung,KNC|YB|106,KNC|YB|106,37.7571222,128.9227954,21,21,4750.0,GMC-200S,linked,강원특별자치도 강릉시 입암동 201-1,강원특별자치도 강릉시_분전함_20230820.csv
GN-CAB-7802edb1ca,gangneung,KNC|YB|287,KNC|YB|287,37.7538643,128.9211011,18,18,4500.0,GMC-200N,linked,강원특별자치도 강릉시 입암동 237-2,강원특별자치도 강릉시_분전함_20230820.csv
GN-CAB-df544eb1be,gangneung,KNC|YB|289,KNC|YB|289,37.7557529,128.922702,15,15,3750.0,GMC-200N,linked,강원특별자치도 강릉시 입암동 198-1,강원특별자치도 강릉시_분전함_20230820.csv
GN-CAB-8b94ed05d2,gangneung,KNC|YB|291,KNC|YB|291,37.7551517,128.9212419,11,11,2750.0,GMC-200N,linked,강원특별자치도 강릉시 입암동 210,강원특별자치도 강릉시_분전함_20230820.csv
GN-CAB-e22703a69b,gangneung,KNC|YB|109,KNC|YB|109,37.7603004,128.9184345,27,27,5450.0,GMC-200S,linked,강원특별자치도 강릉시 입암동 104-1,강원특별자치도 강릉시_분전함_20230820.csv
GN-CAB-082b0dd09c,gangneung,KNC|YB|294,KNC|YB|294,37.7581594,128.9248995,12,12,3000.0,GMC-200N,linked,강원특별자치도 강릉시 입암동 180,강원특별자치도 강릉시_분전함_20230820.csv
GN-CAB-12e1a40e4e,gangneung,KNC|YB|262,KNC|YB|262,37.7603587,128.9331068,36,40,10000.0,GMC-200N,linked,강원특별자치도 강릉시 학동 산42-1,강원특별자치도 강릉시_분전함_20230820.csv
GN-CAB-f2bb6f2ea4,gangneung,KNC|YB|176,KNC|YB|176,37.7664125,128.9415472,31,31,7750.0,GMC-200N,linked,강원특별자치도 강릉시 병산동 279-3,강원특별자치도 강릉시_분전함_20230820.csv
GN-CAB-3f0406181f,gangneung,KNC|YB|305,KNC|YB|305,37.7698458,128.9379961,19,25,3275.0,GMC-200N,linked,강원특별자치도 강릉시 병산동 946,강원특별자치도 강릉시_분전함_20230820.csv
GN-CAB-4f30dc2eba,gangneung,KNC|YB|304,KNC|YB|304,37.7695136,128.9271067,19,38,9500.0,GMC-200N,linked,강원특별자치도 강릉시 입암동 698,강원특별자치도 강릉시_분전함_20230820.csv
GN-CAB-a7d6a21c34,gangneung,KNC|YB|303,KNC|YB|303,37.7657898,128.9170043,17,33,8250.0,GMC-200N,linked,강원특별자치도 강릉시 입암동 39-2,강원특별자치도 강릉시_분전함_20230820.csv
GN-CAB-045f21797d,gangneung,KNC|YB|299,KNC|YB|299,37.7670773,128.9346443,8,8,2000.0,GMC-200S,linked,강원특별자치도 강릉시 두산동 44,강원특별자치도 강릉시_분전함_20230820.csv
GN-CAB-1b72fa3905,gangneung,KNC|YB|278,KNC|YB|278,37.7696863,128.9326024,29,29,7250.0,GMC-200N,linked,강원특별자치도 강릉시 병산동 563-2,강원특별자치도 강릉시_분전함_20230820.csv
GN-CAB-f51ac68b19,gangneung,KNC|YB|1,KNC|YB|1,37.7660943,128.9183928,26,25,6250.0,GMC-200S,linked,강원특별자치도 강릉시 입암동 39-15,강원특별자치도 강릉시_분전함_20230820.csv
GN-CAB-02c50f067c,gangneung,KNC|YB|108,KNC|YB|108,37.762854,128.9156514,17,19,3450.0,GMC-200S,linked,강원특별자치도 강릉시 입암동 593,강원특별자치도 강릉시_분전함_20230820.csv
GN-CAB-67370d4686,gangneung,KNC|YB|228,KNC|YB|228,37.7435315,128.9165672,14,14,3500.0,GMC-200N,linked,강원특별자치도 강릉시 청량동 557-5,강원특별자치도 강릉시_분전함_20230820.csv
GN-CAB-17ea9add7f,gangneung,KNC|YB|5,KNC|YB|5,37.7403031,128.9262678,45,45,11250.0,GMC-200S,linked,강원특별자치도 강릉시 청량동 147-1,강원특별자치도 강릉시_분전함_20230820.csv
GN-CAB-0c8b1c8e25,gangneung,KNC|YB|446,KNC|YB|446,37.7439609,128.9366163,27,27,6750.0,GMC-200N,linked,강원특별자치도 강릉시 월호평동 356-2,강원특별자치도 강릉시_분전함_20230820.csv
GN-CAB-2ed6ad8c3d,gangneung,KNC|YB|169,KNC|YB|169,37.738593,128.9179818,27,27,6750.0,GMC-200S,linked,강원특별자치도 강릉시 유산동 160-1,강원특별자치도 강릉시_분전함_20230820.csv
GN-CAB-edea0b1a44,gangneung,KNC|YB|417,KNC|YB|417,37.7641375,128.9141758,2,2,1000.0,GMC-200S,linked,강원특별자치도 강릉시 입암동 49,강원특별자치도 강릉시_분전함_20230820.csv
GN-CAB-3902ef1192,gangneung,KNC|YB|464,KNC|YB|464,37.7402981,128.9264054,2,2,200.0,OI1223102,linked,강원특별자치도 강릉시 청량동 168-2,강원특별자치도 강릉시_분전함_20230820.csv
GN-CAB-1cc35f0f23,gangneung,KNC|YB|318,KNC|YB|318,37.736366,128.9131037,8,8,2000.0,GMC-200N,linked,강원특별자치도 강릉시 유산동 360-1,강원특별자치도 강릉시_분전함_20230820.csv
GN-CAB-c423426cdc,gangneung,KNC|YB|166,KNC|YB|166,37.7354434,128.9124115,18,20,5000.0,GMC-200S,linked,강원특별자치도 강릉시 유산동 309-1,강원특별자치도 강릉시_분전함_20230820.csv
GN-CAB-5bb9a3e77f,gangneung,KNC|YB|167,KNC|YB|167,37.7337053,128.9128405,26,27,6750.0,GMC-200S,linked,강원특별자치도 강릉시 박월동 5-19,강원특별자치도 강릉시_분전함_20230820.csv
GN-CAB-83e5fdcd06,gangneung,KNC|YB|80,KNC|YB|80,37.7692189,128.9515463,4,4,0,GMC-200S,linked,강원특별자치도 강릉시 견소동 11-3,강원특별자치도 강릉시_분전함_20230820.csv
GN-CAB-2742b3b2b1,gangneung,KNC|YB|6,KNC|YB|6,37.7247062,128.8443392,23,23,5750.0,GMC-200S,linked,강원특별자치도 강릉시 구정면 제비리 912,강원특별자치도 강릉시_분전함_20230820.csv
GN-CAB-707ce0d2ee,gangneung,KNC|YB|172,KNC|YB|172,37.775171,128.9301752,45,45,6750.0,GMC-200S,linked,강원특별자치도 강릉시 송정동 172-10,강원특별자치도 강릉시_분전함_20230820.csv
GN-CAB-c3b4651fa2,gangneung,KNC|YB|235,KNC|YB|235,37.7273347,128.8519974,18,19,4750.0,GMC-200N,linked,강원특별자치도 강릉시 구정면 제비리 732,강원특별자치도 강릉시_분전함_20230820.csv
GN-CAB-3d478099cd,gangneung,KNC|YB|309,KNC|YB|309,37.7761985,128.938474,11,11,2750.0,GMC-200S,linked,강원특별자치도 강릉시 송정동,강원특별자치도 강릉시_분전함_20230820.csv
GN-CAB-38793c5f56,gangneung,KNC|YB|163,KNC|YB|163,37.7388899,128.8786318,12,16,3600.0,GMC-200S,linked,강원특별자치도 강릉시 내곡동 314-20,강원특별자치도 강릉시_분전함_20230820.csv
GN-CAB-b793f1f89a,gangneung,KNC|YB|250,KNC|YB|250,37.739397,128.8697739,12,12,1800.0,GMC-200N,linked,강원특별자치도 강릉시 회산동 36-1,강원특별자치도 강릉시_분전함_20230820.csv
GN-CAB-1bec9040c0,gangneung,KNC|YB|230,KNC|YB|230,37.7360053,128.8803079,19,19,4750.0,GMC-200N,linked,강원특별자치도 강릉시 내곡동 628,강원특별자치도 강릉시_분전함_20230820.csv
GN-CAB-59a1735319,gangneung,KNC|YB|229,KNC|YB|229,37.7353245,128.8803965,19,19,4750.0,GMC-200N,linked,강원특별자치도 강릉시 내곡동 산50-2,강원특별자치도 강릉시_분전함_20230820.csv
GN-CAB-21adcdf7eb,gangneung,KNC|YB|173,KNC|YB|173,37.7434964,128.8822495,12,12,3000.0,GMC-200S,linked,강원특별자치도 강릉시 내곡동 607-4,강원특별자치도 강릉시_분전함_20230820.csv
GN-CAB-2f4123ef98,gangneung,KNC|YB|184,KNC|YB|184,37.744855,128.8791874,27,46,11500.0,GMC-200S,linked,강원특별자치도 강릉시 회산동 581-2,강원특별자치도 강릉시_분전함_20230820.csv
GN-CAB-72abb2f01f,gangneung,KNC|YB|175,KNC|YB|175,37.7436777,128.8753209,18,20,3000.0,GMC-200S,linked,강원특별자치도 강릉시 회산동 581-3,강원특별자치도 강릉시_분전함_20230820.csv
GN-CAB-52ad76bfe6,gangneung,KNC|YB|394,KNC|YB|394,37.913898,128.8102896,6,6,420.0,GMC-200S,linked,강원특별자치도 강릉시 주문진읍 향호리 산58-1,강원특별자치도 강릉시_분전함_20230820.csv
GN-CAB-e369ac9698,gangneung,KNC|YB|86,KNC|YB|86,37.7457079,128.8651982,35,41,6150.0,GMC-200S,linked,강원특별자치도 강릉시 홍제동 780-8,강원특별자치도 강릉시_분전함_20230820.csv
GN-CAB-ff055e3fef,gangneung,KNC|YB|85,KNC|YB|85,37.7464583,128.8707757,16,16,2400.0,GMC-200S,linked,강원특별자치도 강릉시 홍제동 477-5,강원특별자치도 강릉시_분전함_20230820.csv
GN-CAB-205504b0f5,gangneung,KNC|YB|87,KNC|YB|87,37.7474718,128.8778027,41,41,6150.0,GMC-200S,linked,강원특별자치도 강릉시 홍제동 산78-2,강원특별자치도 강릉시_분전함_20230820.csv
GN-CAB-c8a036a063,gangneung,KNC|YB|89,KNC|YB|89,37.7481027,128.8837906,10,10,1500.0,GMC-200S,linked,강원특별자치도 강릉시 홍제동 96-111,강원특별자치도 강릉시_분전함_20230820.csv
GN-CAB-3cff071224,gangneung,KNC|YB|3,KNC|YB|3,37.752146,128.878618,35,35,5250.0,GMC-200S,linked,강원특별자치도 강릉시 홍제동 264,강원특별자치도 강릉시_분전함_20230820.csv
GN-CAB-5c2c5339ca,gangneung,KNC|YB|14,KNC|YB|14,37.755108,128.8810935,17,26,6500.0,GMC-200S,linked,강원특별자치도 강릉시 교동 1744-2,강원특별자치도 강릉시_분전함_20230820.csv
GN-CAB-1467e65ad2,gangneung,KNC|YB|249,KNC|YB|249,37.754302,128.8840091,14,14,2100.0,GMC-200N,linked,강원특별자치도 강릉시 홍제동 219-38,강원특별자치도 강릉시_분전함_20230820.csv
GN-CAB-f013857c0d,gangneung,KNC|YB|132,KNC|YB|132,37.7565785,128.8753266,17,30,5160.0,GMC-200S,linked,강원특별자치도 강릉시 홍제동 579-4,강원특별자치도 강릉시_분전함_20230820.csv
GN-CAB-94806d8c43,gangneung,KNC|YB|193,KNC|YB|193,37.7604339,128.8703743,20,21,5250.0,GMC-200S,linked,강원특별자치도 강릉시 유천동 788,강원특별자치도 강릉시_분전함_20230820.csv
GN-CAB-be04d3723d,gangneung,KNC|YB|197,KNC|YB|197,37.7620135,128.8705952,26,26,6500.0,GMC-200S,linked,강원특별자치도 강릉시 유천동 790-1,강원특별자치도 강릉시_분전함_20230820.csv
GN-CAB-e2951519b6,gangneung,KNC|YB|240,KNC|YB|240,37.7463769,128.8707346,4,4,14200.0,GMC-200N,linked,강원특별자치도 강릉시 홍제동 476-2,강원특별자치도 강릉시_분전함_20230820.csv
GN-CAB-20276f6f1e,gangneung,KNC|YB|192,KNC|YB|192,37.7638726,128.870495,26,26,6500.0,GMC-200S,linked,강원특별자치도 강릉시 유천동 754,강원특별자치도 강릉시_분전함_20230820.csv
GN-CAB-38f3961aa2,gangneung,KNC|YB|194,KNC|YB|194,37.7582115,128.8688392,25,27,6750.0,GMC-200S,linked,강원특별자치도 강릉시 유천동 789,강원특별자치도 강릉시_분전함_20230820.csv
GN-CAB-1af0a68fc1,gangneung,KNC|YB|198,KNC|YB|198,37.7576928,128.8688307,28,28,7000.0,GMC-200S,linked,강원특별자치도 강릉시 홍제동 1052,강원특별자치도 강릉시_분전함_20230820.csv
GN-CAB-3121b8ea1a,gangneung,KNC|YB|196,KNC|YB|196,37.756638,128.8707306,13,13,1950.0,GMC-200S,linked,강원특별자치도 강릉시 홍제동 1041,강원특별자치도 강릉시_분전함_20230820.csv
GN-CAB-f3cdef9363,gangneung,KNC|YB|195,KNC|YB|195,37.7547045,128.8693548,29,29,4350.0,GMC-200S,linked,강원특별자치도 강릉시 홍제동 1043,강원특별자치도 강릉시_분전함_20230820.csv
GN-CAB-211e1788ec,gangneung,KNC|YB|152,KNC|YB|152,37.7574982,128.8738302,22,22,3300.0,GMC-200S,linked,강원특별자치도 강릉시 홍제동 579-4,강원특별자치도 강릉시_분전함_20230820.csv
GN-CAB-4154520cfe,gangneung,KNC|YB|127,KNC|YB|127,37.76249,128.8737899,35,46,11500.0,GMC-200S,linked,강원특별자치도 강릉시 교동 1912,강원특별자치도 강릉시_분전함_20230820.csv
GN-CAB-d0beefe353,gangneung,KNC|YB|133,KNC|YB|133,37.7620044,128.8773082,30,30,7500.0,GMC-200S,linked,강원특별자치도 강릉시 교동 1916,강원특별자치도 강릉시_분전함_20230820.csv
GN-CAB-03f80203d1,gangneung,KNC|YB|134,KNC|YB|134,37.7641395,128.8779967,35,58,6400.0,GMC-200S,linked,강원특별자치도 강릉시 교동 1766,강원특별자치도 강릉시_분전함_20230820.csv
GN-CAB-a17755c199,gangneung,KNC|YB|135,KNC|YB|135,37.7647278,128.8784555,16,32,3200.0,GMC-200S,linked,강원특별자치도 강릉시 교동 1862-1,강원특별자치도 강릉시_분전함_20230820.csv
GN-CAB-4b45d47295,gangneung,KNC|YB|128,KNC|YB|128,37.7639234,128.8821232,39,39,5850.0,GMC-200S,linked,강원특별자치도 강릉시 교동 1762,강원특별자치도 강릉시_분전함_20230820.csv
GN-CAB-42a278511b,gangneung,KNC|YB|140,KNC|YB|140,37.765897,128.8827456,34,46,10300.0,GMC-200S,linked,강원특별자치도 강릉시 교동 1918,강원특별자치도 강릉시_분전함_20230820.csv
GN-CAB-996d40faae,gangneung,KNC|YB|138,KNC|YB|138,37.7686403,128.8827068,33,66,13200.0,GMC-200S,linked,강원특별자치도 강릉시 교동 1918,강원특별자치도 강릉시_분전함_20230820.csv
GN-CAB-f933394a68,gangneung,KNC|YB|139,KNC|YB|139,37.7684535,128.8826937,21,21,5250.0,GMC-200S,linked,강원특별자치도 강릉시 교동 1918,강원특별자치도 강릉시_분전함_20230820.csv
GN-CAB-add0be6800,gangneung,KNC|YB|137,KNC|YB|137,37.7667378,128.8783909,33,33,4950.0,GMC-200S,linked,강원특별자치도 강릉시 교동 1924,강원특별자치도 강릉시_분전함_20230820.csv
GN-CAB-3499d6ce91,gangneung,KNC|YB|144,KNC|YB|144,37.7673354,128.8756035,32,32,8000.0,GMC-200S,linked,강원특별자치도 강릉시 교동 1926,강원특별자치도 강릉시_분전함_20230820.csv
GN-CAB-64424fbe75,gangneung,KNC|YB|143,KNC|YB|143,37.7670347,128.8757531,11,11,2750.0,GMC-200S,linked,강원특별자치도 강릉시 교동 1839-1,강원특별자치도 강릉시_분전함_20230820.csv
GN-CAB-e124236339,gangneung,KNC|YB|142,KNC|YB|142,37.7694468,128.8770075,18,18,4500.0,GMC-200S,linked,강원특별자치도 강릉시 교동 1813-14,강원특별자치도 강릉시_분전함_20230820.csv
GN-CAB-bd6bd4c637,gangneung,KNC|YB|424,KNC|YB|424,37.76318929999999,128.87262220000002,8,8,1200.0,,unmatched,,강원특별자치도 강릉시_가로등_20230818.csv
GN-CAB-5e557c6564,gangneung,KNC|YB|151,KNC|YB|151,37.7692618,128.8749113,11,11,1650.0,GMC-200S,linked,강원특별자치도 강릉시 지변동 70-1,강원특별자치도 강릉시_분전함_20230820.csv
GN-CAB-775c0bad1b,gangneung,KNC|YB|141,KNC|YB|141,37.7720286,128.8763088,38,38,6200.0,GMC-200S,linked,강원특별자치도 강릉시 지변동 710-1,강원특별자치도 강릉시_분전함_20230820.csv
GN-CAB-bc4a5207b8,gangneung,KNC|YB|447,KNC|YB|447,37.7732516,128.8747191,14,14,1500.0,GMC-200N,linked,강원특별자치도 강릉시 지변동 123,강원특별자치도 강릉시_분전함_20230820.csv
GN-CAB-6619608fe8,gangneung,KNC|YB|409,KNC|YB|409,37.7742367,128.8754669,24,24,3600.0,GMC-200N,linked,강원특별자치도 강릉시 지변동 311-2,강원특별자치도 강릉시_분전함_20230820.csv
GN-CAB-b0dd1de143,gangneung,KNC|YB|410,KNC|YB|410,37.7745413,128.875319,26,26,3900.0,GMC-200N,linked,강원특별자치도 강릉시 지변동 714-6,강원특별자치도 강릉시_분전함_20230820.csv
GN-CAB-f1a893feb7,gangneung,KNC|YB|131,KNC|YB|131,37.7768974,128.8746549,19,19,4750.0,GMC-200S,linked,강원특별자치도 강릉시 지변동 621,강원특별자치도 강릉시_분전함_20230820.csv
GN-CAB-b12445d07a,gangneung,KNC|YB|411,KNC|YB|411,37.7805885,128.8763415,28,28,4200.0,GMC-200N,linked,강원특별자치도 강릉시 죽헌동 188-7,강원특별자치도 강릉시_분전함_20230820.csv
GN-CAB-4f5750534f,gangneung,KNC|YB|412,KNC|YB|412,37.7805308,128.8761738,22,22,3300.0,GMC-200N,linked,강원특별자치도 강릉시 죽헌동 188-7,강원특별자치도 강릉시_분전함_20230820.csv
GN-CAB-96a10e4194,gangneung,KNC|YB|145,KNC|YB|145,37.7790077,128.8807531,18,18,4500.0,GMC-200S,linked,강원특별자치도 강릉시 죽헌동 140-2,강원특별자치도 강릉시_분전함_20230820.csv
GN-CAB-4aad26e8c4,gangneung,KNC|YB|284,KNC|YB|284,37.7937703,128.8542547,12,12,3000.0,GMC-200N,linked,강원특별자치도 강릉시 대전동 321,강원특별자치도 강릉시_분전함_20230820.csv
GN-CAB-806133081a,gangneung,KNC|YB|283,KNC|YB|283,37.7940352,128.8540901,11,11,2750.0,GMC-200N,linked,강원특별자치도 강릉시 대전동 산57,강원특별자치도 강릉시_분전함_20230820.csv
GN-CAB-da5d88e16f,gangneung,KNC|YB|99,KNC|YB|99,37.8246338,128.8832045,20,20,5000.0,GMC-200S,linked,강원특별자치도 강릉시 사천면 방동리 산277-7,강원특별자치도 강릉시_분전함_20230820.csv
GN-CAB-77b8449917,gangneung,KNC|YB|205,KNC|YB|205,37.6915938,129.0323064,20,20,1200.0,GMC-200S,linked,강원특별자치도 강릉시 강동면 정동진리 328-13,강원특별자치도 강릉시_분전함_20230820.csv
GN-CAB-78a89e094b,gangneung,KNC|YB|258,KNC|YB|258,37.6234692,129.0417922,21,21,3150.0,GMC-200N,linked,강원특별자치도 강릉시 옥계면 금진리 699-3,강원특별자치도 강릉시_분전함_20230820.csv
GN-CAB-5772724db6,gangneung,KNC|YB|203,KNC|YB|203,37.6237336,129.0468657,26,30,7500.0,GMC-200S,linked,강원특별자치도 강릉시 옥계면 주수리 625,강원특별자치도 강릉시_분전함_20230820.csv
GN-CAB-be65689139,gangneung,KNC|YB|202,KNC|YB|202,37.6231679,129.044712,24,24,6000.0,GMC-200S,linked,강원특별자치도 강릉시 옥계면 금진리 1051-1,강원특별자치도 강릉시_분전함_20230820.csv
GN-CAB-92ade2d81c,gangneung,KNC|YB|450,KNC|YB|450,37.8973947,128.832322,8,8,1000.0,GMC-200S,linked,강원특별자치도 강릉시 주문진읍 주문리 276-2,강원특별자치도 강릉시_분전함_20230820.csv
GN-CAB-71cf1261ee,gangneung,KNC|YB|316,KNC|YB|316,37.7456601,128.912787,15,15,3550.0,GMC-200N,linked,강원특별자치도 강릉시 노암동 8-7,강원특별자치도 강릉시_분전함_20230820.csv
GN-CAB-23c2a90585,gangneung,KNC|YB|421,KNC|YB|421,37.7839226,128.8828779,12,12,300.0,GMC-200N,linked,강원특별자치도 강릉시 난곡동 479-5,강원특별자치도 강릉시_분전함_20230820.csv
GN-CAB-5ad6ab137b,gangneung,KNC|YB|96,KNC|YB|96,37.785782,128.8854429,39,39,4500.0,GMC-200S,linked,강원특별자치도 강릉시 운정동 958-1,강원특별자치도 강릉시_분전함_20230820.csv
GN-CAB-4c46396b15,gangneung,KNC|YB|22,KNC|YB|22,37.787771,128.8938647,20,20,3000.0,GMC-200S,linked,강원특별자치도 강릉시 운정동 66-4,강원특별자치도 강릉시_분전함_20230820.csv
GN-CAB-33667fe54e,gangneung,KNC|YB|400,KNC|YB|400,37.7817425,128.8891422,18,18,2700.0,GMC-200N,linked,강원특별자치도 강릉시 교동 524-2,강원특별자치도 강릉시_분전함_20230820.csv
GN-CAB-cdeb9ddfd8,gangneung,KNC|YB|363,KNC|YB|363,37.7798459,128.8907276,31,31,4650.0,GMC-200N,linked,강원특별자치도 강릉시 교동 532-10,강원특별자치도 강릉시_분전함_20230820.csv
GN-CAB-6ba812e2af,gangneung,KNC|YB|224,KNC|YB|224,37.7756534,128.8876805,20,20,3000.0,GMC-200N,linked,강원특별자치도 강릉시 교동 657-1,강원특별자치도 강릉시_분전함_20230820.csv
GN-CAB-ce2cce84cb,gangneung,KNC|YB|222,KNC|YB|222,37.7705486,128.8919987,29,33,4630.0,GMC-200N,linked,강원특별자치도 강릉시 교동 713-1,강원특별자치도 강릉시_분전함_20230820.csv
GN-CAB-dd45083fed,gangneung,KNC|YB|225,KNC|YB|225,37.7758416,128.8878445,4,4,600.0,GMC-200N,linked,강원특별자치도 강릉시 교동 612-4,강원특별자치도 강릉시_분전함_20230820.csv
GN-CAB-b6dcee54bf,gangneung,KNC|YB|226,KNC|YB|226,37.7777418,128.885262,20,20,3000.0,GMC-200N,linked,강원특별자치도 강릉시 교동 1262-5,강원특별자치도 강릉시_분전함_20230820.csv
GN-CAB-e4299752b2,gangneung,KNC|YB|214,KNC|YB|214,37.7742572,128.8894401,12,12,1800.0,GMC-200N,linked,강원특별자치도 강릉시 교동 646-2,강원특별자치도 강릉시_분전함_20230820.csv
GN-CAB-4972896a32,gangneung,KNC|YB|177,KNC|YB|177,37.7697639,128.8959015,20,26,3900.0,GMC-200N,linked,강원특별자치도 강릉시 교동 332,강원특별자치도 강릉시_분전함_20230820.csv
GN-CAB-faac40b1b7,gangneung,KNC|YB|242,KNC|YB|242,37.7717266,128.896754,22,26,3585.0,GMC-200N,linked,강원특별자치도 강릉시 교동 349-1,강원특별자치도 강릉시_분전함_20230820.csv
GN-CAB-bb8faece6c,gangneung,KNC|YB|362,KNC|YB|362,37.7753487,128.8976199,26,30,4500.0,GMC-200N,linked,강원특별자치도 강릉시 교동 산56-2,강원특별자치도 강릉시_분전함_20230820.csv
GN-CAB-99edd05629,gangneung,KNC|YB|414,KNC|YB|414,37.7754101,128.89721,29,30,4500.0,GMC-200N,linked,강원특별자치도 강릉시 교동 398-6,강원특별자치도 강릉시_분전함_20230820.csv
GN-CAB-aa6ccb1338,gangneung,KNC|YB|73,KNC|YB|73,37.7696399,128.9065903,21,21,3850.0,GMC-200N,linked,강원특별자치도 강릉시 포남동 1197-13,강원특별자치도 강릉시_분전함_20230820.csv
GN-CAB-52d6fac39d,gangneung,KNC|YB|28,KNC|YB|28,37.7668019,128.9106013,20,20,3000.0,GMC-200S,linked,강원특별자치도 강릉시 포남동 1197-16,강원특별자치도 강릉시_분전함_20230820.csv
GN-CAB-8ba6591e44,gangneung,KNC|YB|319,KNC|YB|319,37.7662246,128.9077567,8,8,1200.0,GMC-200N,linked,강원특별자치도 강릉시 포남동 1151-7,강원특별자치도 강릉시_분전함_20230820.csv
GN-CAB-97237ca1c0,gangneung,KNC|YB|12,KNC|YB|12,37.7657802,128.9042695,26,26,4300.0,GMC-200S,linked,강원특별자치도 강릉시 포남동 1118,강원특별자치도 강릉시_분전함_20230820.csv
GN-CAB-1e99c1e69a,gangneung,KNC|YB|11,KNC|YB|11,37.7627265,128.9000781,16,17,5650.0,GMC-200S,linked,강원특별자치도 강릉시 교동 1566,강원특별자치도 강릉시_분전함_20230820.csv
GN-CAB-e3a3e4a93e,gangneung,KNC|YB|10,KNC|YB|10,37.7625227,128.9002007,25,25,5150.0,GMC-200S,linked,강원특별자치도 강릉시 교동 135,강원특별자치도 강릉시_분전함_20230820.csv
GN-CAB-714e77afe0,gangneung,KNC|YB|13,KNC|YB|13,37.7656939,128.9037804,17,19,2925.0,GMC-200S,linked,강원특별자치도 강릉시 포남동 1197-13,강원특별자치도 강릉시_분전함_20230820.csv
GN-CAB-ce433f1a52,gangneung,KNC|YB|19,KNC|YB|19,37.7600729,128.9039363,10,10,2000.0,GMC-200S,linked,강원특별자치도 강릉시 옥천동 351,강원특별자치도 강릉시_분전함_20230820.csv
GN-CAB-523fcd731f,gangneung,KNC|YB|92,KNC|YB|92,37.7582574,128.9068553,29,41,7350.0,GMC-200S,linked,강원특별자치도 강릉시 포남동 930-4,강원특별자치도 강릉시_분전함_20230820.csv
GN-CAB-1cc6c66495,gangneung,KNC|YB|27,KNC|YB|27,37.7634166,128.9069986,18,18,2700.0,GMC-200S,linked,강원특별자치도 강릉시 포남동 1133-1,강원특별자치도 강릉시_분전함_20230820.csv
GN-CAB-6ee3db6979,gangneung,KNC|YB|23,KNC|YB|23,37.7638177,128.9077645,18,18,2800.0,GMC-200S,linked,강원특별자치도 강릉시 포남동 1197-35,강원특별자치도 강릉시_분전함_20230820.csv
GN-CAB-724bc7a4a9,gangneung,KNC|YB|93,KNC|YB|93,37.7639908,128.9102457,25,25,3750.0,GMC-200S,linked,강원특별자치도 강릉시 포남동 1267-3,강원특별자치도 강릉시_분전함_20230820.csv
GN-CAB-c1e2cf0b0c,gangneung,KNC|YB|449,KNC|YB|449,37.7686706,128.9193029,25,50,5000.0,GMC-200N,linked,강원특별자치도 강릉시 포남동 1281-1,강원특별자치도 강릉시_분전함_20230820.csv
GN-CAB-62e529efbe,gangneung,KNC|YB|345,KNC|YB|345,37.7603468,128.9110412,17,17,4250.0,GMC-200N,linked,강원특별자치도 강릉시 입암동 573-1,강원특별자치도 강릉시_분전함_20230820.csv
GN-CAB-c8ae3a7dca,gangneung,KNC|YB|26,KNC|YB|26,37.7547911,128.9026602,18,18,4500.0,GMC-200S,linked,강원특별자치도 강릉시 성남동 292,강원특별자치도 강릉시_분전함_20230820.csv
GN-CAB-582505addf,gangneung,KNC|YB|190,KNC|YB|190,37.7565554,128.8993566,13,13,1950.0,GMC-200S,linked,강원특별자치도 강릉시 옥천동 168-4,강원특별자치도 강릉시_분전함_20230820.csv
GN-CAB-00ad175bd9,gangneung,KNC|YB|220,KNC|YB|220,37.7579903,128.8973366,11,11,1650.0,GMC-200N,linked,강원특별자치도 강릉시 옥천동 145-6,강원특별자치도 강릉시_분전함_20230820.csv
GN-CAB-10209e24ea,gangneung,KNC|YB|18,KNC|YB|18,37.7569902,128.8990554,26,26,3900.0,GMC-200,linked,강원특별자치도 강릉시 옥천동 163-1,강원특별자치도 강릉시_분전함_20230820.csv
GN-CAB-4865962ba8,gangneung,KNC|YB|126,KNC|YB|126,37.7609307,128.8944968,21,29,3950.0,GMC-200S,linked,강원특별자치도 강릉시 교동 183-200,강원특별자치도 강릉시_분전함_20230820.csv
GN-CAB-90a04789cb,gangneung,KNC|YB|186,KNC|YB|186,37.7553548,128.8973106,18,18,2700.0,GMC-200S,linked,강원특별자치도 강릉시 임당동 114-1,강원특별자치도 강릉시_분전함_20230820.csv
GN-CAB-cdb4b45626,gangneung,KNC|YB|110,KNC|YB|110,37.7664626,128.8960801,25,26,5200.0,GMC-200N,linked,강원특별자치도 강릉시 교동 288-13,강원특별자치도 강릉시_분전함_20230820.csv
GN-CAB-99a6d3cbe9,gangneung,KNC|YB|59,KNC|YB|59,37.7695881,128.9175166,55,78,18100.0,GMC-200S,linked,강원특별자치도 강릉시 포남동 1314,강원특별자치도 강릉시_분전함_20230820.csv
GN-CAB-2a7d1901af,gangneung,KNC|YB|453,KNC|YB|453,37.8822345,128.8254122,4,4,6500.0,GMC-200N,linked,강원특별자치도 강릉시 주문진읍 교항리 134-5,강원특별자치도 강릉시_분전함_20230820.csv
GN-CAB-5e931bf8ea,gangneung,KNC|YB|336,KNC|YB|336,37.7733841,128.9249541,25,25,4050.0,GMC-200N,linked,강원특별자치도 강릉시 송정동 809-21,강원특별자치도 강릉시_분전함_20230820.csv
GN-CAB-a9ab3e9995,gangneung,KNC|YB|415,KNC|YB|415,37.7936565,128.9071281,48,48,1200.0,GMC-200N,linked,강원특별자치도 강릉시 초당동 550,강원특별자치도 강릉시_분전함_20230820.csv
GN-CAB-90c9ece920,gangneung,KNC|YB|451,KNC|YB|451,37.7703593,128.8967838,2,2,80.0,GMC-200N,linked,강원특별자치도 강릉시 교동 340-7,강원특별자치도 강릉시_분전함_20230820.csv
GN-CAB-c06bfc4333,gangneung,KNC|YB|30,KNC|YB|30,37.7503928,128.8957527,3,3,300.0,GMC-200S,linked,강원특별자치도 강릉시 성남동 227-3,강원특별자치도 강릉시_분전함_20230820.csv
GN-CAB-865b2af4ab,gangneung,KNC|YB|455,KNC|YB|455,37.7652477,128.9535648,6,6,770.0,GMC-200N,linked,강원특별자치도 강릉시 남항진동 1-1,강원특별자치도 강릉시_분전함_20230820.csv
GN-CAB-8c81cc0162,gangneung,KNC|YB|201,KNC|YB|201,37.7155564,129.0075645,1,1,800.0,GMC-200S,linked,강원특별자치도 강릉시 강동면 안인진리 3-7,강원특별자치도 강릉시_분전함_20230820.csv
GN-CAB-ce43b9817a,gangneung,KNC|YB|79,KNC|YB|79,37.764228,128.9137018,6,6,4790.0,GMC-200S,linked,강원특별자치도 강릉시 입암동 602-1,강원특별자치도 강릉시_분전함_20230820.csv
GN-CAB-c3c7338e5f,gangneung,KNC|YB|335,KNC|YB|335,37.7785727,128.9322378,8,8,2000.0,GMC-200N,linked,강원특별자치도 강릉시 송정동,강원특별자치도 강릉시_분전함_20230820.csv
GN-CAB-0645c1dda4,gangneung,KNC|YB|307,KNC|YB|307,37.7636689,128.9540205,12,12,3000.0,GMC-200N,linked,강원특별자치도 강릉시 남항진동 산7-2,강원특별자치도 강릉시_분전함_20230820.csv
GN-CAB-ec1ff04f93,gangneung,KNC|YB|149,KNC|YB|149,37.7710943,128.9094542,18,19,3750.0,GMC-200N,linked,강원특별자치도 강릉시 포남동 1234-5,강원특별자치도 강릉시_분전함_20230820.csv
GN-CAB-ef929ce118,gangneung,KNC|YB|474,KNC|YB|474,37.7289525,128.85182,52,52,7800.0,GMC-200N,linked,강원특별자치도 강릉시 구정면 제비리 산251,강원특별자치도 강릉시_분전함_20230820.csv
CJ-CAB-464f19bbbf,chungju,1,교현1-01,36.96485506,127.9472509,,30,,,cabinet_only,동부우회도로1(남산등산로입구),충청북도_충주시_가로등분전함정보_20260630.csv
CJ-CAB-a653542dac,chungju,2,교현1-02,36.97473508,127.946124,,27,,,cabinet_only,동부우회도로2(갱고개입구),충청북도_충주시_가로등분전함정보_20260630.csv
CJ-CAB-bfdaffcb12,chungju,3,교현1-03,36.98040825,127.9457085,,27,,,cabinet_only,동부우회도로-3(안림동 엘리시아 103동뒤),충청북도_충주시_가로등분전함정보_20260630.csv
CJ-CAB-fc097f75e2,chungju,4,연수-40,36.98242969,127.9439056,,18,,,cabinet_only,동부우회도로4(국원초교입구),충청북도_충주시_가로등분전함정보_20260630.csv
CJ-CAB-d3c76ff81e,chungju,5,교현1-05,36.97474369,127.9401165,,19,,,cabinet_only,갱고개 삼거리,충청북도_충주시_가로등분전함정보_20260630.csv
CJ-CAB-08f68d0bd7,chungju,6,교현1-08,36.9688404,127.9414365,,21,,,cabinet_only,야현신협남산지소앞,충청북도_충주시_가로등분전함정보_20260630.csv
CJ-CAB-6af4dec117,chungju,7,교현1-11,36.96906498,127.9387742,,15,,,cabinet_only,동촌사거리(터줏골앞),충청북도_충주시_가로등분전함정보_20260630.csv
CJ-CAB-e662e9bd9e,chungju,8,교현1-13,36.97751167,127.9398922,,23,,,cabinet_only,수재주유소 삼거리,충청북도_충주시_가로등분전함정보_20260630.csv
CJ-CAB-ebcc7ea95a,chungju,9,교현1-14,36.98042276,127.9399105,,8,,,cabinet_only,유원1차 아파트뒤편 소방도로(여상후문),충청북도_충주시_가로등분전함정보_20260630.csv
CJ-CAB-bb522fa75b,chungju,10,교현1-15,36.96999852,127.9408331,,22,,,cabinet_only,교현천변도로(나무나누기앞),충청북도_충주시_가로등분전함정보_20260630.csv
CJ-CAB-6eb9910442,chungju,11,교현2-01,36.98222246,127.9251696,,26,,,cabinet_only,법원앞(성원@입구),충청북도_충주시_가로등분전함정보_20260630.csv
CJ-CAB-24fbe4f90b,chungju,12,교현2-02,36.97830039,127.9278063,,17,,,cabinet_only,정원철강앞(우림장여관앞),충청북도_충주시_가로등분전함정보_20260630.csv
CJ-CAB-beae616bb8,chungju,13,교현2-03,36.97734102,127.9352519,,33,,,cabinet_only,동아@사거리(야현사거리),충청북도_충주시_가로등분전함정보_20260630.csv
CJ-CAB-f595227049,chungju,14,교현2-04,36.9794399,127.9348669,,7,,,cabinet_only,가람예식장앞,충청북도_충주시_가로등분전함정보_20260630.csv
CJ-CAB-e360eeb5f6,chungju,15,교현2-05,36.98251261,127.9286927,,9,,,cabinet_only,법원사거리(한샘하이키친앞),충청북도_충주시_가로등분전함정보_20260630.csv
CJ-CAB-bb554035e1,chungju,16,교현2-06(공원),36.97450512,127.9347729,,17,,,cabinet_only,예성공원,충청북도_충주시_가로등분전함정보_20260630.csv
CJ-CAB-8ce272a73c,chungju,17,교현2-08,36.97535122,127.9320205,,72,,,cabinet_only,천변도로(부성전자앞),충청북도_충주시_가로등분전함정보_20260630.csv
CJ-CAB-5387bd5147,chungju,18,대가미공원(공원),36.98214879,127.9249322,,70,,,cabinet_only,대가미공원(화장실옆),충청북도_충주시_가로등분전함정보_20260630.csv
CJ-CAB-3046f3341b,chungju,19,교현2-10,36.97727306,127.9316902,,14,,,cabinet_only,야현천주교앞,충청북도_충주시_가로등분전함정보_20260630.csv
CJ-CAB-4600c595c6,chungju,20,교현2-11,36.97973768,127.9225789,,19,,,cabinet_only,농고뒤 도로(끼헤어클럽앞),충청북도_충주시_가로등분전함정보_20260630.csv
CJ-CAB-4ce9abfbcd,chungju,21,금능-02,36.98753731,127.9260589,,35,,,cabinet_only,KBS송신소앞삼거리(연수산부인과앞),충청북도_충주시_가로등분전함정보_20260630.csv
CJ-CAB-8692b03c7d,chungju,22,금능-03,36.98988507,127.9281602,,37,,,cabinet_only,시청옆사거리,충청북도_충주시_가로등분전함정보_20260630.csv
CJ-CAB-e948b0cd9e,chungju,23,금능-05,36.99348255,127.9301696,,14,,,cabinet_only,금능초교앞,충청북도_충주시_가로등분전함정보_20260630.csv
CJ-CAB-e27cd5934c,chungju,24,금능-06,36.99563359,127.9222534,,36,,,cabinet_only,대일주유소 앞,충청북도_충주시_가로등분전함정보_20260630.csv
CJ-CAB-53a0196f6c,chungju,25,금능-07,36.9897847,127.917159,,8,,,cabinet_only,충주세무서앞(만사형통충전소앞),충청북도_충주시_가로등분전함정보_20260630.csv
CJ-CAB-d2c4a96302,chungju,26,금능-08,36.99629987,127.9167935,,25,,,cabinet_only,능암마을입구,충청북도_충주시_가로등분전함정보_20260630.csv
CJ-CAB-e47a570495,chungju,27,단월-02,36.94029047,127.8999829,,29,,,cabinet_only,단월대교옆,충청북도_충주시_가로등분전함정보_20260630.csv
CJ-CAB-3bce6c2a1d,chungju,28,단월-05,36.93669302,127.9231646,,80,,,cabinet_only,유즈막대교,충청북도_충주시_가로등분전함정보_20260630.csv
CJ-CAB-15f6f47994,chungju,29,단월-06,36.93005542,127.9288199,,48,,,cabinet_only,노루목대교,충청북도_충주시_가로등분전함정보_20260630.csv
CJ-CAB-94c142d279,chungju,30,단월-07,36.94955975,127.9024074,,12,,,cabinet_only,달천동사무소전(SK건국주유소 건너),충청북도_충주시_가로등분전함정보_20260630.csv
CJ-CAB-68d1ac6038,chungju,31,단월-08,36.94932321,127.9027049,,14,,,cabinet_only,달천동사무소전(충렬사쪽),충청북도_충주시_가로등분전함정보_20260630.csv
CJ-CAB-6e6dc55e1f,chungju,32,단월-09,36.94362072,127.9003195,,9,,,cabinet_only,단월교차로(건대방면),충청북도_충주시_가로등분전함정보_20260630.csv
CJ-CAB-3ffc5299d7,chungju,33,단월-10,36.9439594,127.8997706,,15,,,cabinet_only,단월교차로(단월송어장횟집앞),충청북도_충주시_가로등분전함정보_20260630.csv
CJ-CAB-7b5d603ec7,chungju,34,단월-11,36.93643235,127.9248199,,44,,,cabinet_only,능곡교 상행선,충청북도_충주시_가로등분전함정보_20260630.csv
CJ-CAB-9ee3604767,chungju,35,단월-12,36.93635558,127.9236853,,38,,,cabinet_only,능곡교 하행선,충청북도_충주시_가로등분전함정보_20260630.csv
CJ-CAB-ed3dbec80c,chungju,36,단월-13,36.94563901,127.8800465,,23,,,cabinet_only,가주3교 산행선,충청북도_충주시_가로등분전함정보_20260630.csv
CJ-CAB-663de4f978,chungju,37,단월-14,36.94561672,127.8797094,,11,,,cabinet_only,가주3교 하행선,충청북도_충주시_가로등분전함정보_20260630.csv
CJ-CAB-a01de9c25d,chungju,38,달천-02,36.96049673,127.8934191,,16,,,cabinet_only,달천대교 충주방향,충청북도_충주시_가로등분전함정보_20260630.csv
CJ-CAB-c6f111287e,chungju,39,달천-03,36.96084807,127.8934288,,29,,,cabinet_only,달천대교건너기전(주덕방향),충청북도_충주시_가로등분전함정보_20260630.csv
CJ-CAB-a0f3c9f8ba,chungju,40,달천-04,36.96682928,127.9080613,,25,,,cabinet_only,달천사거리시내방향,충청북도_충주시_가로등분전함정보_20260630.csv
CJ-CAB-edc9c0c55e,chungju,41,달천-06,36.96474486,127.9038836,,25,,,cabinet_only,달천과선교(멀티프레임앞),충청북도_충주시_가로등분전함정보_20260630.csv
CJ-CAB-8552de8413,chungju,42,달천-07,36.96222127,127.9060349,,18,,,cabinet_only,달신교차로전(달신마을쪽),충청북도_충주시_가로등분전함정보_20260630.csv
CJ-CAB-a8b8af06f1,chungju,43,달천-08,36.95615767,127.9053764,,15,,,cabinet_only,곤평마을교차로(마을쪽),충청북도_충주시_가로등분전함정보_20260630.csv
CJ-CAB-756f68de86,chungju,44,달천-09,36.95611454,127.9057155,,12,,,cabinet_only,곤평마을교차로(시내쪽),충청북도_충주시_가로등분전함정보_20260630.csv
CJ-CAB-21385fd41f,chungju,45,달천-10,36.9622052,127.9063687,,15,,,cabinet_only,달신교차로전(시내쪽),충청북도_충주시_가로등분전함정보_20260630.csv
CJ-CAB-114cf5eb9f,chungju,46,달천-11,36.9556408,127.8842877,,76,,,cabinet_only,용관교 상행선,충청북도_충주시_가로등분전함정보_20260630.csv
CJ-CAB-4e9a38cf24,chungju,47,달천-12,36.9611606,127.886294,,71,,,cabinet_only,용두교차로,충청북도_충주시_가로등분전함정보_20260630.csv
CJ-CAB-1ff1dd6236,chungju,48,목행-01,37.00047612,127.9172232,,11,,,cabinet_only,대광공업사앞,충청북도_충주시_가로등분전함정보_20260630.csv
CJ-CAB-4534a43dda,chungju,49,목행-02,37.00201426,127.9238331,,18,,,cabinet_only,목행공업단지 코리아텍옆,충청북도_충주시_가로등분전함정보_20260630.csv
CJ-CAB-cb8564bd26,chungju,50,목행-03,37.0067658,127.924152,,24,,,cabinet_only,농산물도매시장옆,충청북도_충주시_가로등분전함정보_20260630.csv
CJ-CAB-a374e93f01,chungju,51,목행-04,37.00265904,127.9296746,,36,,,cabinet_only,공원묘지입구,충청북도_충주시_가로등분전함정보_20260630.csv
CJ-CAB-9d7c1c73dd,chungju,52,목행-05,37.00239271,127.9291658,,18,,,cabinet_only,공원묘지입구건너편,충청북도_충주시_가로등분전함정보_20260630.csv
CJ-CAB-86dd30dd05,chungju,53,목행-07,37.01712345,127.9200635,,39,,,cabinet_only,대교공업사맞은편,충청북도_충주시_가로등분전함정보_20260630.csv
CJ-CAB-7c5131c375,chungju,54,목행-08,37.02402386,127.9224813,,54,,,cabinet_only,목행대교건너,충청북도_충주시_가로등분전함정보_20260630.csv
CJ-CAB-4d2fe55be2,chungju,55,목행-09,37.00327151,127.9168239,,33,,,cabinet_only,구 중앙화학입구,충청북도_충주시_가로등분전함정보_20260630.csv
CJ-CAB-c6066e2a65,chungju,56,목행-10,37.008808,127.9152446,,24,,,cabinet_only,이화예식장앞도로,충청북도_충주시_가로등분전함정보_20260630.csv
CJ-CAB-9688187e07,chungju,57,목행-11,37.01352936,127.9163179,,22,,,cabinet_only,충주댐주유소건너편,충청북도_충주시_가로등분전함정보_20260630.csv
CJ-CAB-8d56448e72,chungju,58,목행-12,37.01765368,127.9522739,,17,,,cabinet_only,목행공업단지 알바니회사앞,충청북도_충주시_가로등분전함정보_20260630.csv
CJ-CAB-0b53ce8e98,chungju,59,목행-13,37.01503113,127.9490841,,10,,,cabinet_only,새한콘크리트옆 도로건너편,충청북도_충주시_가로등분전함정보_20260630.csv
CJ-CAB-4cc4e8a8f1,chungju,60,목행-14,37.01416502,127.9547248,,26,,,cabinet_only,제2산업단지6블럭(R.C뒤편),충청북도_충주시_가로등분전함정보_20260630.csv
CJ-CAB-4a5e5badb2,chungju,61,목행-15,37.01203225,127.9328222,,18,,,cabinet_only,GCI 공장옆,충청북도_충주시_가로등분전함정보_20260630.csv
CJ-CAB-113cde2f40,chungju,62,목행-16,37.01421999,127.9329164,,23,,,cabinet_only,GE플라스틱정문 건너편,충청북도_충주시_가로등분전함정보_20260630.csv
CJ-CAB-ff0b2efcd8,chungju,63,목행-17,37.01600529,127.9340393,,22,,,cabinet_only,삼화전기-GE플라스틱 중간,충청북도_충주시_가로등분전함정보_20260630.csv
CJ-CAB-546a88a69b,chungju,64,목행-18,37.010136,127.9321923,,9,,,cabinet_only,GCI 공장앞,충청북도_충주시_가로등분전함정보_20260630.csv
CJ-CAB-d939f5a022,chungju,65,목행-19,37.00599908,127.9165786,,11,,,cabinet_only,목행가선교옆사거리,충청북도_충주시_가로등분전함정보_20260630.csv
CJ-CAB-fe34e97363,chungju,66,목행-20,37.00624356,127.9171238,,32,,,cabinet_only,한라비발디옆,충청북도_충주시_가로등분전함정보_20260630.csv
CJ-CAB-eacddae837,chungju,67,목행-21,37.01502682,127.9178443,,15,,,cabinet_only,목행파출소옆주차장,충청북도_충주시_가로등분전함정보_20260630.csv
CJ-CAB-e987646a4b,chungju,68,문화-01,36.97114211,127.9188809,,18,,,cabinet_only,대림삼거리(롯데여관입구),충청북도_충주시_가로등분전함정보_20260630.csv
CJ-CAB-ac80218eef,chungju,69,문화-02,36.96709665,127.9190017,,28,,,cabinet_only,사랑예식장밑 주유소밑,충청북도_충주시_가로등분전함정보_20260630.csv
CJ-CAB-85cd8e94db,chungju,70,문화-03,36.96889487,127.9138034,,32,,,cabinet_only,마이웨딩홀사거리,충청북도_충주시_가로등분전함정보_20260630.csv
CJ-CAB-7b759c4710,chungju,71,문화-04,36.97312009,127.9232142,,17,,,cabinet_only,문화동 868번지 이마트 맞은편 동일의원앞,충청북도_충주시_가로등분전함정보_20260630.csv
CJ-CAB-25ceb5cb5b,chungju,72,문화-05,36.9676862,127.927907,,15,,,cabinet_only,문화동 (구)여성회관앞,충청북도_충주시_가로등분전함정보_20260630.csv
CJ-CAB-80193d05c4,chungju,73,문화-06,36.96919185,127.9231696,,23,,,cabinet_only,럭키아파트옆 예지유치원앞,충청북도_충주시_가로등분전함정보_20260630.csv
CJ-CAB-caa97c0f7d,chungju,74,봉방-01,36.97663737,127.9215083,,25,,,cabinet_only,농고다리옆(경신공업사앞),충청북도_충주시_가로등분전함정보_20260630.csv
CJ-CAB-1ea52fcf69,chungju,75,봉방-02,36.97734667,127.924156,,16,,,cabinet_only,삼원초교후문옆,충청북도_충주시_가로등분전함정보_20260630.csv
CJ-CAB-51376c36a9,chungju,76,봉방-03,36.97486584,127.9249563,,12,,,cabinet_only,삼원사거리(광장사진관앞),충청북도_충주시_가로등분전함정보_20260630.csv
CJ-CAB-713110ba5d,chungju,77,봉방-04,36.97298583,127.9194766,,23,,,cabinet_only,구철길도로(CU봉방중앙점옆),충청북도_충주시_가로등분전함정보_20260630.csv
CJ-CAB-262ff578c4,chungju,78,봉방-05,36.97626338,127.9265736,,2,,,cabinet_only,봉방동대봉교 조명시설,충청북도_충주시_가로등분전함정보_20260630.csv
CJ-CAB-fa68335d94,chungju,79,봉방-08,36.97385057,127.9148377,,18,,,cabinet_only,봉방사거리(충주재활용센터앞),충청북도_충주시_가로등분전함정보_20260630.csv
CJ-CAB-eced7be7bb,chungju,80,봉방-09,36.97170129,127.9131163,,20,,,cabinet_only,숭덕학교입구옆(베스트카앞),충청북도_충주시_가로등분전함정보_20260630.csv
CJ-CAB-60e9299bcf,chungju,81,봉방-12,36.97106012,127.9179824,,9,,,cabinet_only,충주축산농협서부지점앞,충청북도_충주시_가로등분전함정보_20260630.csv
CJ-CAB-7457837a73,chungju,82,봉방-13,36.97363424,127.908973,,10,,,cabinet_only,(주)페이퍼유원앞(더블A),충청북도_충주시_가로등분전함정보_20260630.csv
CJ-CAB-22b4877595,chungju,83,봉방-14,36.97813113,127.9175414,,21,,,cabinet_only,봉방동중앙주유소앞,충청북도_충주시_가로등분전함정보_20260630.csv
CJ-CAB-90a0d32068,chungju,84,봉방-15,36.97825398,127.923776,,41,,,cabinet_only,천변도로(삼원교옆),충청북도_충주시_가로등분전함정보_20260630.csv
CJ-CAB-3e3ca81982,chungju,85,봉방-17,36.97140656,127.9073425,,22,,,cabinet_only,충주역~달천사거리(달천사거리방향),충청북도_충주시_가로등분전함정보_20260630.csv
CJ-CAB-b6db5d50c4,chungju,86,성남-01,36.96909923,127.9332862,,33,,,cabinet_only,제2 사거리 (보성한의원맞은편),충청북도_충주시_가로등분전함정보_20260630.csv
CJ-CAB-a2d0876c37,chungju,87,성내-01(공원),36.97081212,127.9357496,,22,,,cabinet_only,성내동 관아공원내,충청북도_충주시_가로등분전함정보_20260630.csv
CJ-CAB-3a78091559,chungju,88,성서-01,36.97290244,127.9297447,,20,,,cabinet_only,신한은행(충주금융센터)앞,충청북도_충주시_가로등분전함정보_20260630.csv
CJ-CAB-75a74d5acd,chungju,89,성서-02,36.96965943,127.9335522,,13,,,cabinet_only,제2사거리 장수돌침대옆,충청북도_충주시_가로등분전함정보_20260630.csv
CJ-CAB-fc594b061d,chungju,90,성서-03,36.97099668,127.9308978,,11,,,cabinet_only,현대타운 모자연약국앞,충청북도_충주시_가로등분전함정보_20260630.csv
CJ-CAB-f9b28443bc,chungju,91,성서-04,36.97173607,127.931262,,11,,,cabinet_only,현대타운 미스터피자 충주점 앞,충청북도_충주시_가로등분전함정보_20260630.csv
CJ-CAB-59314dd94f,chungju,92,성서-05,36.97005948,127.9320599,,19,,,cabinet_only,성서 황금타운 먹자골목(가르텐비어앞),충청북도_충주시_가로등분전함정보_20260630.csv
CJ-CAB-a443a00789,chungju,93,안림-02,36.97048867,127.9464307,,5,,,cabinet_only,LG안림@ LG부동산 앞,충청북도_충주시_가로등분전함정보_20260630.csv
CJ-CAB-7e5319f98b,chungju,94,안림-03,36.97015757,127.9523419,,23,,,cabinet_only,대원고등학교입구옆,충청북도_충주시_가로등분전함정보_20260630.csv
CJ-CAB-6d026f6e40,chungju,95,안림-04,36.96993211,127.9523671,,23,,,cabinet_only,대원고입구건너(안림요양원 앞),충청북도_충주시_가로등분전함정보_20260630.csv
CJ-CAB-f35e5efc7a,chungju,96,안림-05,36.97279811,127.9626194,,13,,,cabinet_only,홍익돈가스 건너,충청북도_충주시_가로등분전함정보_20260630.csv
CJ-CAB-b9ac1a8c76,chungju,97,안림-06,36.97312703,127.9626151,,14,,,cabinet_only,홍익돈가스 앞,충청북도_충주시_가로등분전함정보_20260630.csv
CJ-CAB-7c588113b3,chungju,98,연수-02,36.98620341,127.9335794,,23,,,cabinet_only,수정사우나 주차장 앞,충청북도_충주시_가로등분전함정보_20260630.csv
CJ-CAB-47ecf6e06f,chungju,99,연수-03,36.98252779,127.936809,,9,,,cabinet_only,실내체육관사거리(타이어가게앞),충청북도_충주시_가로등분전함정보_20260630.csv
CJ-CAB-6089712d56,chungju,100,연수-04,36.98736108,127.9340489,,14,,,cabinet_only,소방서사거리(연수주민센터맞은편),충청북도_충주시_가로등분전함정보_20260630.csv
CJ-CAB-1488c53677,chungju,101,연수-05,36.99147853,127.9339331,,35,,,cabinet_only,주공4단지입구(단비어린이집앞),충청북도_충주시_가로등분전함정보_20260630.csv
CJ-CAB-c80234beb4,chungju,102,연수-06,36.98705071,127.928811,,28,,,cabinet_only,임광사거리(임광상가앞),충청북도_충주시_가로등분전함정보_20260630.csv
CJ-CAB-0e7015087c,chungju,103,연수-08,36.98612242,127.9318459,,7,,,cabinet_only,우림아파트 뒤 공원,충청북도_충주시_가로등분전함정보_20260630.csv
CJ-CAB-2582d8626c,chungju,104,용탄공원-01(공원),37.00919467,127.9439914,,12,,,cabinet_only,용탄소공원(세한솔루텍앞),충청북도_충주시_가로등분전함정보_20260630.csv
CJ-CAB-c2eeb9ddf8,chungju,105,연수-12,36.98216433,127.9349065,,19,,,cabinet_only,실내체육관사거리(광장앞),충청북도_충주시_가로등분전함정보_20260630.csv
CJ-CAB-02327a336d,chungju,106,연수-13,36.9868887,127.9434889,,30,,,cabinet_only,연수지구 현대홈타운뒤,충청북도_충주시_가로등분전함정보_20260630.csv
CJ-CAB-880c203358,chungju,107,연수-14,36.98675975,127.9394667,,23,,,cabinet_only,연수지구 연수초교앞사거리(탑안경콘택트 앞),충청북도_충주시_가로등분전함정보_20260630.csv
CJ-CAB-6a09c28875,chungju,108,연수-15,36.98429837,127.9396611,,26,,,cabinet_only,대진빌딩 앞,충청북도_충주시_가로등분전함정보_20260630.csv
CJ-CAB-8c64f99c1d,chungju,109,연수-16,36.98491171,127.9418588,,25,,,cabinet_only,연수지구 문화마을옆(바푸리 숯불갈비 앞),충청북도_충주시_가로등분전함정보_20260630.csv
CJ-CAB-410cf7290d,chungju,110,연수-17,36.98442868,127.9425492,,27,,,cabinet_only,연수지구 현대홈타운옆(이상희 영어학원 옆),충청북도_충주시_가로등분전함정보_20260630.csv
CJ-CAB-dfebea5b76,chungju,111,연수-18,36.98152869,127.9436164,,6,,,cabinet_only,연수지구 양문교회옆,충청북도_충주시_가로등분전함정보_20260630.csv
CJ-CAB-3715f57be0,chungju,112,연수-19,36.98776692,127.9423934,,28,,,cabinet_only,연수지구 5호공원앞(하나로마트 뒤),충청북도_충주시_가로등분전함정보_20260630.csv
CJ-CAB-7edc453ebe,chungju,113,연수-20,36.985412,127.940124,,6,,,cabinet_only,연수지구 7호공원앞,충청북도_충주시_가로등분전함정보_20260630.csv
CJ-CAB-2da2eebf50,chungju,114,연수-21,36.98290337,127.941842,,29,,,cabinet_only,연수지구 계룡리슈빌옆,충청북도_충주시_가로등분전함정보_20260630.csv
CJ-CAB-d30ef9bdb2,chungju,115,연수-22,36.98588191,127.9392111,,28,,,cabinet_only,연수지구 3호공원옆(샤브 자연애 앞),충청북도_충주시_가로등분전함정보_20260630.csv
CJ-CAB-d8011a4b63,chungju,116,연수-23,36.98198657,127.9448553,,20,,,cabinet_only,연수지구 10호 공원앞,충청북도_충주시_가로등분전함정보_20260630.csv
CJ-CAB-1b8cab67ae,chungju,117,연수-24,36.98330753,127.9384808,,22,,,cabinet_only,연수지구 4호 공원앞,충청북도_충주시_가로등분전함정보_20260630.csv
CJ-CAB-5f82a6aac1,chungju,118,연수-25,36.98201088,127.939624,,17,,,cabinet_only,연수지구 유원APT 사거리옆,충청북도_충주시_가로등분전함정보_20260630.csv
CJ-CAB-ba5a6980dc,chungju,119,연수-26,36.98689227,127.9436069,,8,,,cabinet_only,연수지구 현대홈타운옆,충청북도_충주시_가로등분전함정보_20260630.csv
CJ-CAB-94b86c9be0,chungju,120,용산-01,36.96746619,127.9386011,,17,,,cabinet_only,공고옆 영진화원앞,충청북도_충주시_가로등분전함정보_20260630.csv
CJ-CAB-1a2784b3e3,chungju,121,용산-02,36.95893759,127.9404239,,9,,,cabinet_only,충중후문맞은편,충청북도_충주시_가로등분전함정보_20260630.csv
CJ-CAB-ffb7ab18b8,chungju,122,용산-03,36.96500217,127.9379869,,23,,,cabinet_only,영진아파트후문옆,충청북도_충주시_가로등분전함정보_20260630.csv
CJ-CAB-8f89b2c76e,chungju,123,용산-04,36.96168323,127.9433041,,32,,,cabinet_only,용산초교 삼거리(신협용산지점건너편),충청북도_충주시_가로등분전함정보_20260630.csv
CJ-CAB-7310488d66,chungju,124,용산-07,36.96172069,127.9393391,,19,,,cabinet_only,용산동여고사거리(케네디학원옆),충청북도_충주시_가로등분전함정보_20260630.csv
CJ-CAB-d5e4fffa9b,chungju,125,용산-12,36.96004102,127.9438761,,17,,,cabinet_only,동일하이빌진입로,충청북도_충주시_가로등분전함정보_20260630.csv
CJ-CAB-fff8603cf2,chungju,126,용산-13,36.95802856,127.9448337,,16,,,cabinet_only,동부외곽도로(동일하이빌101동옆 삼거리),충청북도_충주시_가로등분전함정보_20260630.csv
CJ-CAB-b144f278da,chungju,127,용탄-01,37.0176005,127.9426915,,31,,,cabinet_only,용탄철길가선교옆,충청북도_충주시_가로등분전함정보_20260630.csv
CJ-CAB-1fb62ac488,chungju,128,용탄-02,37.00927409,127.9543409,,25,,,cabinet_only,한국필터주식회사 앞,충청북도_충주시_가로등분전함정보_20260630.csv
CJ-CAB-cc4910fa4d,chungju,129,용탄-03,37.01824109,127.9520565,,15,,,cabinet_only,용탄농공단지 알바니앞,충청북도_충주시_가로등분전함정보_20260630.csv
CJ-CAB-855b1c7bfb,chungju,130,용탄-04,37.01846952,127.9545879,,7,,,cabinet_only,경원금속앞,충청북도_충주시_가로등분전함정보_20260630.csv
CJ-CAB-4a3b90388c,chungju,131,용탄-05,37.02048243,127.9580572,,14,,,cabinet_only,용탄농공단지 1길 22대현하이텍앞,충청북도_충주시_가로등분전함정보_20260630.csv
CJ-CAB-15e2a3057e,chungju,132,용탄-06,37.00962022,127.9397587,,20,,,cabinet_only,제2산업단지,충청북도_충주시_가로등분전함정보_20260630.csv
CJ-CAB-6713e70188,chungju,133,용탄-07,37.00932343,127.9404067,,14,,,cabinet_only,용탄마을입구,충청북도_충주시_가로등분전함정보_20260630.csv
CJ-CAB-72a9543ef2,chungju,134,용탄-08,37.00937934,127.9481149,,32,,,cabinet_only,태정기공앞,충청북도_충주시_가로등분전함정보_20260630.csv
CJ-CAB-ed61af6439,chungju,135,용탄-09,37.00910932,127.9480778,,12,,,cabinet_only,태정기공맞은편,충청북도_충주시_가로등분전함정보_20260630.csv
CJ-CAB-1a4dd2b307,chungju,136,지현-01,36.96221963,127.9324331,,34,,,cabinet_only,지현삼거리(삼화슈퍼마켓앞),충청북도_충주시_가로등분전함정보_20260630.csv
CJ-CAB-a5cb7db4e5,chungju,137,지현-02,36.96420572,127.9287911,,40,,,cabinet_only,사직도로(자유회관앞),충청북도_충주시_가로등분전함정보_20260630.csv
CJ-CAB-6ba2c5dcd8,chungju,138,봉방-16,36.97655106,127.9099655,,8,,,cabinet_only,충주역광장,충청북도_충주시_가로등분전함정보_20260630.csv
CJ-CAB-3a4d21f42a,chungju,139,지현-04,36.96356513,127.9346391,,53,,,cabinet_only,용산2교옆,충청북도_충주시_가로등분전함정보_20260630.csv
CJ-CAB-5f05c60cb8,chungju,140,지현-05,36.95854277,127.9321143,,16,,,cabinet_only,세경아파트 뒤편 주택가,충청북도_충주시_가로등분전함정보_20260630.csv
CJ-CAB-ac866194d0,chungju,141,지현-06,36.961485,127.9310318,,20,,,cabinet_only,청어람 학원앞,충청북도_충주시_가로등분전함정보_20260630.csv
CJ-CAB-92b6f50827,chungju,142,충의-01,36.9754134,127.9305789,,32,,,cabinet_only,현대상가아파트(충주공판장앞),충청북도_충주시_가로등분전함정보_20260630.csv
CJ-CAB-713ea40ff7,chungju,143,충의-02,36.9750429,127.9295637,,7,,,cabinet_only,충의시장내(현대상가뒤 천일소금상회앞),충청북도_충주시_가로등분전함정보_20260630.csv
CJ-CAB-54f18f1660,chungju,144,충의-04,36.97521868,127.9282371,,6,,,cabinet_only,무학교옆 하천변,충청북도_충주시_가로등분전함정보_20260630.csv
CJ-CAB-136576012f,chungju,145,충인-01,36.97374228,127.9323799,,14,,,cabinet_only,충의상가 2차(부모사랑한의원 옆),충청북도_충주시_가로등분전함정보_20260630.csv
CJ-CAB-6a2fcc78be,chungju,146,충인-02,36.97256994,127.9330759,,15,,,cabinet_only,제1사거리 시보당앞,충청북도_충주시_가로등분전함정보_20260630.csv
CJ-CAB-b7fde94fe5,chungju,147,칠금-01,36.98460491,127.9242571,,18,,,cabinet_only,칠금초교사거리,충청북도_충주시_가로등분전함정보_20260630.csv
CJ-CAB-0ed31ee27d,chungju,148,칠금-02,36.98694233,127.8988417,,62,,,cabinet_only,탄금대공원입구,충청북도_충주시_가로등분전함정보_20260630.csv
CJ-CAB-ecbf4d468b,chungju,149,앙성-12,37.08102632,127.8203558,,0,,,cabinet_only,통로암거,충청북도_충주시_가로등분전함정보_20260630.csv
CJ-CAB-b28bb741f2,chungju,150,칠금-05,36.98341499,127.9082741,,41,,,cabinet_only,칠금교회앞,충청북도_충주시_가로등분전함정보_20260630.csv
CJ-CAB-0e81b6de0f,chungju,151,중앙탑-32,36.99664049,127.875253,,28,,,cabinet_only,가금~칠금간(소일교차로),충청북도_충주시_가로등분전함정보_20260630.csv
CJ-CAB-6c6a914bca,chungju,152,칠금-07,36.98580846,127.9016196,,18,,,cabinet_only,유한킴벌리상사 앞,충청북도_충주시_가로등분전함정보_20260630.csv
CJ-CAB-953e0fc2dc,chungju,153,칠금-08,37.00253331,127.9144024,,34,,,cabinet_only,자전거도로,충청북도_충주시_가로등분전함정보_20260630.csv
CJ-CAB-195f489baf,chungju,154,칠금-09,36.98075257,127.9132404,,18,,,cabinet_only,칠금동 칠금사거리 잉크충전점옆,충청북도_충주시_가로등분전함정보_20260630.csv
CJ-CAB-68e3bab1f0,chungju,155,칠금-10,36.98645437,127.9220758,,31,,,cabinet_only,큰사랑약국앞,충청북도_충주시_가로등분전함정보_20260630.csv
CJ-CAB-ad168af39e,chungju,156,칠금-12,36.98469421,127.9189883,,20,,,cabinet_only,탄금중학교옆(교차로쪽),충청북도_충주시_가로등분전함정보_20260630.csv
CJ-CAB-f6e57faeb4,chungju,157,칠금-13,36.98490278,127.9189677,,37,,,cabinet_only,삼일@공원옆(세영아파트쪽),충청북도_충주시_가로등분전함정보_20260630.csv
CJ-CAB-5d9ba69929,chungju,158,칠금-14,36.98287092,127.9157591,,17,,,cabinet_only,터미널차량출입구건너편,충청북도_충주시_가로등분전함정보_20260630.csv
CJ-CAB-fdbd0a9f32,chungju,159,칠금-15,36.98568623,127.9165404,,17,,,cabinet_only,삼일아파트옆대로변,충청북도_충주시_가로등분전함정보_20260630.csv
CJ-CAB-c59021a799,chungju,160,칠금-16,36.98755858,127.9179444,,32,,,cabinet_only,타이어뱅크앞,충청북도_충주시_가로등분전함정보_20260630.csv
CJ-CAB-d6d8151f68,chungju,161,칠금-17,36.98209212,127.9188862,,38,,,cabinet_only,칠금주민센터 옆,충청북도_충주시_가로등분전함정보_20260630.csv
CJ-CAB-c08a865cc3,chungju,162,칠금-18,36.98260797,127.9219396,,40,,,cabinet_only,부영1차@사거리,충청북도_충주시_가로등분전함정보_20260630.csv
CJ-CAB-a2960688a8,chungju,163,칠금-19,36.98077285,127.9157179,,43,,,cabinet_only,칠금공영주차장출입구,충청북도_충주시_가로등분전함정보_20260630.csv
CJ-CAB-9e1fba74ae,chungju,164,칠금-20,36.97999885,127.9215761,,30,,,cabinet_only,농고뒤 칠금중학교옆,충청북도_충주시_가로등분전함정보_20260630.csv
CJ-CAB-2f0eb21e52,chungju,165,칠금-22,36.98302042,127.9144833,,23,,,cabinet_only,터미널차량출입구옆대로변,충청북도_충주시_가로등분전함정보_20260630.csv
CJ-CAB-69a9fc96df,chungju,166,칠금-23(공원),36.98311192,127.91897,,30,,,cabinet_only,칠금동 부영공원(금릉소공원),충청북도_충주시_가로등분전함정보_20260630.csv
CJ-CAB-dcf1762dc9,chungju,167,동량-09,37.02595227,127.9618934,,15,,,cabinet_only,조동리 선사유적박물관 앞,충청북도_충주시_가로등분전함정보_20260630.csv
CJ-CAB-74ad65d236,chungju,168,칠금-25,36.9846585,127.915306,,15,,,cabinet_only,금능교옆(코오롱 @104동 옆 대로변),충청북도_충주시_가로등분전함정보_20260630.csv
CJ-CAB-ec8c3ac4f5,chungju,169,칠금-26,36.97950454,127.9117851,,10,,,cabinet_only,칠금사거리 남단(푸르지오 103동 옆 대로변),충청북도_충주시_가로등분전함정보_20260630.csv
CJ-CAB-a8419fb8c3,chungju,170,호암공원-03(공원),36.9611643,127.9259527,,106,,,cabinet_only,호암사거리 와이즈멘동산앞,충청북도_충주시_가로등분전함정보_20260630.csv
CJ-CAB-794ad2587f,chungju,171,호암-03,36.95762537,127.931901,,23,,,cabinet_only,예고건너 숭덕교회앞,충청북도_충주시_가로등분전함정보_20260630.csv
CJ-CAB-87c19ed68a,chungju,172,성서-08,36.97173335,127.9314655,,11,,,cabinet_only,현대타운 카파매장 앞,충청북도_충주시_가로등분전함정보_20260630.csv
CJ-CAB-0c78b13ac5,chungju,173,호암-06,36.95176937,127.9165542,,30,,,cabinet_only,건대실습농장앞,충청북도_충주시_가로등분전함정보_20260630.csv
CJ-CAB-5d5b9dd3e6,chungju,174,호암-07,36.95196683,127.9163629,,31,,,cabinet_only,호암동가스충전소밑,충청북도_충주시_가로등분전함정보_20260630.csv
CJ-CAB-5d50e98a7e,chungju,175,호암공원-01(공원),36.96191434,127.9198788,,41,,,cabinet_only,호암지 생태공원 자전거도로,충청북도_충주시_가로등분전함정보_20260630.csv
CJ-CAB-3496da9dc5,chungju,176,호암-09,36.96655982,127.9238705,,4,,,cabinet_only,우륵당공원앞,충청북도_충주시_가로등분전함정보_20260630.csv
CJ-CAB-a17d513891,chungju,177,호암-11,36.94981105,127.9388551,,26,,,cabinet_only,미덕중학교입구,충청북도_충주시_가로등분전함정보_20260630.csv
CJ-CAB-5af1115211,chungju,178,호암-12,36.96536637,127.9246814,,28,,,cabinet_only,청소년수련원주차장,충청북도_충주시_가로등분전함정보_20260630.csv
CJ-CAB-1b9eb1aa0e,chungju,179,호암-13,36.95536359,127.9405905,,15,,,cabinet_only,부강 APT 101동옆,충청북도_충주시_가로등분전함정보_20260630.csv
CJ-CAB-a6e00b8ef3,chungju,180,호암-14,36.96434996,127.9247421,,4,,,cabinet_only,청소년수련원육교 아래,충청북도_충주시_가로등분전함정보_20260630.csv
CJ-CAB-dbb0980587,chungju,181,호암-15,36.95539669,127.938685,,6,,,cabinet_only,호라아파트옆소방도로(호암태권도 맞은편),충청북도_충주시_가로등분전함정보_20260630.csv
CJ-CAB-ee8a61fa61,chungju,182,호암-16,36.95361094,127.9406026,,8,,,cabinet_only,호암한우 건너,충청북도_충주시_가로등분전함정보_20260630.csv
CJ-CAB-df68d0fc3f,chungju,183,호암-17,36.95732631,127.9322219,,30,,,cabinet_only,숭덕교회 건너(예성여고옆),충청북도_충주시_가로등분전함정보_20260630.csv
CJ-CAB-17b397c662,chungju,184,호암공원-05(공원),36.96652462,127.9228931,,39,,,cabinet_only,호암지 생태공원 산책로,충청북도_충주시_가로등분전함정보_20260630.csv
CJ-CAB-5daeda2075,chungju,185,호암공원-06(공원),36.96028213,127.9223686,,58,,,cabinet_only,호암지 생태공원 전시관옆,충청북도_충주시_가로등분전함정보_20260630.csv
CJ-CAB-bd345d765d,chungju,186,용산-17,36.95741682,127.9438606,,7,,,cabinet_only,호암 더조은APT 107동뒤 삼거리,충청북도_충주시_가로등분전함정보_20260630.csv
CJ-CAB-0c30502f72,chungju,187,호암-22,36.9561949,127.9285591,,11,,,cabinet_only,예성여자중학교내 전기실앞,충청북도_충주시_가로등분전함정보_20260630.csv
CJ-CAB-32f2c8f91e,chungju,188,대소원-70,36.96557548,127.845564,,19,,,cabinet_only,충주IC전(황대마을입구),충청북도_충주시_가로등분전함정보_20260630.csv
CJ-CAB-859ca9323a,chungju,189,대소원-69,36.96595839,127.8401755,,12,,,cabinet_only,충주IC전(과적검문소옆),충청북도_충주시_가로등분전함정보_20260630.csv
CJ-CAB-a93fe8f2be,chungju,190,중앙탑-07,37.02286021,127.8615296,,30,,,cabinet_only,면사무소~중앙탑 도로(탑평리22-1),충청북도_충주시_가로등분전함정보_20260630.csv
CJ-CAB-11d939babb,chungju,191,엄정-04,37.092249,127.9427465,,30,,,cabinet_only,신만리 211-31 충주도자기마을,충청북도_충주시_가로등분전함정보_20260630.csv
CJ-CAB-efc8ea3935,chungju,192,연수-31,36.99343955,127.9345051,,19,,,cabinet_only,동부외곽도로(연수성당옆),충청북도_충주시_가로등분전함정보_20260630.csv
CJ-CAB-191ed04f97,chungju,193,연수-32,36.99368651,127.9351821,,21,,,cabinet_only,동부외곽도로-연수성당건너,충청북도_충주시_가로등분전함정보_20260630.csv
CJ-CAB-a5c630354f,chungju,194,연수-33,36.99337151,127.9384046,,14,,,cabinet_only,동부외곽도로-연수성당건너,충청북도_충주시_가로등분전함정보_20260630.csv
CJ-CAB-959137f924,chungju,195,교현2-13(공원),36.97920472,127.9315425,,5,,,cabinet_only,교현공원,충청북도_충주시_가로등분전함정보_20260630.csv
CJ-CAB-cb57929f3f,chungju,196,중앙탑-08,37.0144953,127.8669298,,11,,,cabinet_only,중앙탑,충청북도_충주시_가로등분전함정보_20260630.csv
CJ-CAB-532c225e7b,chungju,197,단월-15,36.93736514,127.8989775,,12,,,cabinet_only,하풍 교차로,충청북도_충주시_가로등분전함정보_20260630.csv
CJ-CAB-80ab3ba044,chungju,198,주덕-12,37.00754837,127.7501552,,35,,,cabinet_only,중원산업단지,충청북도_충주시_가로등분전함정보_20260630.csv
CJ-CAB-be3aac334b,chungju,199,주덕-13,37.01204122,127.7499859,,38,,,cabinet_only,중원산업단지,충청북도_충주시_가로등분전함정보_20260630.csv
CJ-CAB-d01fa63dae,chungju,200,주덕-14,37.0096061,127.7524788,,31,,,cabinet_only,중원산업단지,충청북도_충주시_가로등분전함정보_20260630.csv
CJ-CAB-6eb04b8d16,chungju,201,산척-07,37.08130427,127.9558982,,7,,,cabinet_only,산척면사무소 앞,충청북도_충주시_가로등분전함정보_20260630.csv
CJ-CAB-e31ae3809e,chungju,202,교현2-07,36.98218053,127.9316945,,19,,,cabinet_only,중앙중학교입구,충청북도_충주시_가로등분전함정보_20260630.csv
CJ-CAB-35b563f545,chungju,203,중앙탑-09,37.05669184,127.8302301,,10,,,cabinet_only,내동1교,충청북도_충주시_가로등분전함정보_20260630.csv
CJ-CAB-b46db578d6,chungju,204,연수-39,36.99127503,127.9394543,,9,,,cabinet_only,연수주공7단지 앞,충청북도_충주시_가로등분전함정보_20260630.csv
CJ-CAB-a319550ab1,chungju,205,중앙탑-33,37.00829249,127.8680105,,44,,,cabinet_only,"가금~칠금간(루암교차로,가금주유소앞)",충청북도_충주시_가로등분전함정보_20260630.csv
CJ-CAB-cc0fdcc303,chungju,206,중앙탑-34,37.01143531,127.8639424,,21,,,cabinet_only,가금~칠금간(두련교차로),충청북도_충주시_가로등분전함정보_20260630.csv
CJ-CAB-b19c4b2389,chungju,207,중앙탑-35,37.01879017,127.8561683,,20,,,cabinet_only,가금~칠금간(상지교차로),충청북도_충주시_가로등분전함정보_20260630.csv
CJ-CAB-8124b1873e,chungju,208,중앙탑-36,37.02088221,127.851562,,37,,,cabinet_only,가금~칠금간(갈동교차로),충청북도_충주시_가로등분전함정보_20260630.csv
CJ-CAB-134a369802,chungju,209,노은-03,37.04239848,127.8032269,,15,,,cabinet_only,북충주IC~가금(수룡교차로),충청북도_충주시_가로등분전함정보_20260630.csv
CJ-CAB-5628ff1dd2,chungju,210,기업-67,37.00706908,127.8123572,,0,,,cabinet_only,서충주신도시 생활체육공원 옆 주차장(기업도시 주차장),충청북도_충주시_가로등분전함정보_20260630.csv
CJ-CAB-dc38bcda3f,chungju,211,대소원-44,36.97364334,127.8245881,,30,,,cabinet_only,첨단삼거리 주덕방향,충청북도_충주시_가로등분전함정보_20260630.csv
CJ-CAB-999cc57ff9,chungju,212,대소원-45,36.97375597,127.8265322,,15,,,cabinet_only,첨단삼거리(첨단산업단지방향),충청북도_충주시_가로등분전함정보_20260630.csv
CJ-CAB-4c9e7a7f40,chungju,213,대소원-46,36.97965812,127.8287636,,21,,,cabinet_only,노계사거리옆,충청북도_충주시_가로등분전함정보_20260630.csv
CJ-CAB-2f238c1fc8,chungju,214,대소원-47,36.97973516,127.828377,,21,,,cabinet_only,노계사거리옆(Momami Station),충청북도_충주시_가로등분전함정보_20260630.csv
CJ-CAB-6a973e89fe,chungju,215,중앙탑-10,37.00599534,127.8435679,,21,,,cabinet_only,첨단산업단지 진입도로,충청북도_충주시_가로등분전함정보_20260630.csv
CJ-CAB-0aa0388d5a,chungju,216,중앙탑-11,37.00620772,127.843163,,21,,,cabinet_only,첨단산업단지 진입도로,충청북도_충주시_가로등분전함정보_20260630.csv
CJ-CAB-8c27451fcb,chungju,217,중앙탑-12,37.0131214,127.8446973,,21,,,cabinet_only,첨단산업단지 진입도로,충청북도_충주시_가로등분전함정보_20260630.csv
CJ-CAB-faf14a3bd1,chungju,218,중앙탑-13,37.01239152,127.8440684,,20,,,cabinet_only,첨단산업단지 진입도로,충청북도_충주시_가로등분전함정보_20260630.csv
CJ-CAB-aeb9992e66,chungju,219,중앙탑-14,37.01818779,127.8487705,,20,,,cabinet_only,첨단산업단지 진입도로,충청북도_충주시_가로등분전함정보_20260630.csv
CJ-CAB-88c08cb3f6,chungju,220,중앙탑-15,37.0184567,127.8486527,,18,,,cabinet_only,첨단산업단지 진입도로,충청북도_충주시_가로등분전함정보_20260630.csv
CJ-CAB-ea42902ae9,chungju,221,동량-18(단),37.02732848,127.9181209,,6,,,cabinet_only,동량면 용교리 통로박스,충청북도_충주시_가로등분전함정보_20260630.csv
CJ-CAB-8a4b75380c,chungju,222,교현1-20,36.97047795,127.9428715,,5,,,cabinet_only,충일중학교 내,충청북도_충주시_가로등분전함정보_20260630.csv
CJ-CAB-fe09a2a0a8,chungju,223,교현1-12,36.97913769,127.9382275,,4,,,cabinet_only,충주북여자중학교운동장내,충청북도_충주시_가로등분전함정보_20260630.csv
CJ-CAB-7af1ab5cba,chungju,224,교현1-16,36.96726711,127.9402316,,26,,,cabinet_only,중흥S클래스 아파트 앞(동화부동산부근),충청북도_충주시_가로등분전함정보_20260630.csv
CJ-CAB-3b233a5e55,chungju,225,금능-04(공원),36.9892002,127.9262896,,28,,,cabinet_only,시청앞 공원내,충청북도_충주시_가로등분전함정보_20260630.csv
CJ-CAB-e33e5cc027,chungju,226,목행-06,37.00672436,127.9178711,,5,,,cabinet_only,목행초교,충청북도_충주시_가로등분전함정보_20260630.csv
CJ-CAB-48bfe05c0b,chungju,227,성남-02,36.96943332,127.9380573,,22,,,cabinet_only,영진아파트 사거리 도로변,충청북도_충주시_가로등분전함정보_20260630.csv
CJ-CAB-098d7c9727,chungju,228,안림-01,36.97106894,127.9512562,,4,,,cabinet_only,대원고등학교 내,충청북도_충주시_가로등분전함정보_20260630.csv
CJ-CAB-235866da69,chungju,229,연수-01,36.983717,127.9309348,,3,,,cabinet_only,충주중앙초교,충청북도_충주시_가로등분전함정보_20260630.csv
CJ-CAB-71bb7f6fb8,chungju,230,남양공원-01(공원),36.98598795,127.9317586,,31,,,cabinet_only,우림@뒤 남양공원내,충청북도_충주시_가로등분전함정보_20260630.csv
CJ-CAB-f8876a3402,chungju,231,연수-27,36.99145788,127.9355704,,37,,,cabinet_only,연수지구 현대 아이파크앞,충청북도_충주시_가로등분전함정보_20260630.csv
CJ-CAB-bcd709a84d,chungju,232,연수-28,36.98817017,127.9389781,,14,,,cabinet_only,연수주공6단지삼거리,충청북도_충주시_가로등분전함정보_20260630.csv
CJ-CAB-44d5192adf,chungju,233,연수-29,36.98989836,127.9390896,,13,,,cabinet_only,연수주공6단지후문(곱형제앞),충청북도_충주시_가로등분전함정보_20260630.csv
CJ-CAB-899d1541e1,chungju,234,연수-30,36.98955136,127.9317894,,10,,,cabinet_only,두진아파트옆소방도로,충청북도_충주시_가로등분전함정보_20260630.csv
CJ-CAB-a4795326b7,chungju,235,용산-05,36.95898404,127.9401588,,12,,,cabinet_only,충주중학교 후문 앞,충청북도_충주시_가로등분전함정보_20260630.csv
CJ-CAB-68d478db9a,chungju,236,용산-08,36.95996497,127.9375537,,4,,,cabinet_only,남산초등학교 내,충청북도_충주시_가로등분전함정보_20260630.csv
CJ-CAB-f3ed499db1,chungju,237,용산-09,36.9581804,127.9390392,,4,,,cabinet_only,충주중학교내,충청북도_충주시_가로등분전함정보_20260630.csv
CJ-CAB-c3dd2e235e,chungju,238,용산-11,36.96642376,127.9352074,,6,,,cabinet_only,충주재능교육학원내,충청북도_충주시_가로등분전함정보_20260630.csv
CJ-CAB-5125649c9e,chungju,239,용탄-10,37.01533639,127.9388851,,13,,,cabinet_only,GE플라스틱뒤,충청북도_충주시_가로등분전함정보_20260630.csv
CJ-CAB-26208b9479,chungju,240,용탄-11,37.01583502,127.943754,,13,,,cabinet_only,명화ENG(주)앞,충청북도_충주시_가로등분전함정보_20260630.csv
CJ-CAB-bcbb9365c3,chungju,241,칠금-03,36.98507148,127.9050429,,18,,,cabinet_only,체육광장,충청북도_충주시_가로등분전함정보_20260630.csv
CJ-CAB-6e93494dec,chungju,242,중앙탑-01,37.06978601,127.876076,,50,,,cabinet_only,가금면창전리 목계대교,충청북도_충주시_가로등분전함정보_20260630.csv
CJ-CAB-6c2cc5215e,chungju,243,중앙탑-04,37.01482973,127.8667875,,5,,,cabinet_only,중앙탑공원,충청북도_충주시_가로등분전함정보_20260630.csv
CJ-CAB-d0539470f0,chungju,244,중앙탑-05,37.02954285,127.8569801,,17,,,cabinet_only,체육공원,충청북도_충주시_가로등분전함정보_20260630.csv
CJ-CAB-544623be57,chungju,245,중앙탑-06,37.01892853,127.8654404,,3,,,cabinet_only,충주호체험관광지,충청북도_충주시_가로등분전함정보_20260630.csv
CJ-CAB-5c8235d948,chungju,246,금가-02,37.04464376,127.9103684,,8,,,cabinet_only,금가이주단지2,충청북도_충주시_가로등분전함정보_20260630.csv
CJ-CAB-bfb7d2c0e5,chungju,247,금가-03,37.04495212,127.9171389,,26,,,cabinet_only,금가문화마을,충청북도_충주시_가로등분전함정보_20260630.csv
CJ-CAB-bd9fa07d8f,chungju,248,금가-04,37.03996004,127.918349,,37,,,cabinet_only,대전천 제방도로,충청북도_충주시_가로등분전함정보_20260630.csv
CJ-CAB-8a55bf17d6,chungju,249,노은-01,37.05958547,127.8003078,,14,,,cabinet_only,수룡폭포입구,충청북도_충주시_가로등분전함정보_20260630.csv
CJ-CAB-43a86b9ebd,chungju,250,노은-02,37.03238722,127.774682,,9,,,cabinet_only,금강C.C진입로,충청북도_충주시_가로등분전함정보_20260630.csv
CJ-CAB-31e32a9642,chungju,251,동량-01,37.02712844,127.934636,,29,,,cabinet_only,동량문화마을,충청북도_충주시_가로등분전함정보_20260630.csv
CJ-CAB-98a5caebde,chungju,252,동량-02,37.02884258,127.9134953,,27,,,cabinet_only,공군부대진입로,충청북도_충주시_가로등분전함정보_20260630.csv
CJ-CAB-6ea78514c4,chungju,253,동량-03,37.03248193,128.0136199,,7,,,cabinet_only,음양지하수처리장,충청북도_충주시_가로등분전함정보_20260630.csv
CJ-CAB-bc930b1cbd,chungju,254,동량-04,37.02598426,127.960447,,11,,,cabinet_only,선사박물관앞 강변도로,충청북도_충주시_가로등분전함정보_20260630.csv
CJ-CAB-9c41efd999,chungju,255,산척-01,37.07310224,127.9310228,,18,,,cabinet_only,산척면하영교차로,충청북도_충주시_가로등분전함정보_20260630.csv
CJ-CAB-69177749a5,chungju,256,산척-02,37.06908842,128.0317162,,6,,,cabinet_only,삼탄유원지,충청북도_충주시_가로등분전함정보_20260630.csv
CJ-CAB-1f6be1eb42,chungju,257,산척-03,37.08805865,127.9614416,,6,,,cabinet_only,충주구치소 교차로1,충청북도_충주시_가로등분전함정보_20260630.csv
CJ-CAB-1805bbd1a8,chungju,258,산척-04,37.08890089,127.9620259,,6,,,cabinet_only,충주구치소 교차로2,충청북도_충주시_가로등분전함정보_20260630.csv
CJ-CAB-5259eb16cb,chungju,259,산척-05,37.0735759,127.9460321,,12,,,cabinet_only,산척농협가공공장앞,충청북도_충주시_가로등분전함정보_20260630.csv
CJ-CAB-2189ac7bbb,chungju,260,산척-06,37.0757689,127.9524593,,10,,,cabinet_only,산척주유소옆,충청북도_충주시_가로등분전함정보_20260630.csv
CJ-CAB-8c0d93dd72,chungju,261,살미-01,36.90663209,127.9169621,,12,,,cabinet_only,싯계교,충청북도_충주시_가로등분전함정보_20260630.csv
CJ-CAB-5f5b666078,chungju,262,살미-08,36.90343693,127.9631918,,7,,,cabinet_only,다목적광장앞 도로,충청북도_충주시_가로등분전함정보_20260630.csv
CJ-CAB-a1e6244f09,chungju,263,수안보-01,36.84692551,127.988387,,18,,,cabinet_only,온천저장고앞,충청북도_충주시_가로등분전함정보_20260630.csv
CJ-CAB-ce26b99350,chungju,264,수안보-02,36.84439104,127.9908545,,13,,,cabinet_only,한전연수원앞도로,충청북도_충주시_가로등분전함정보_20260630.csv
CJ-CAB-07595767d7,chungju,265,수안보-03,36.84707311,127.9912254,,21,,,cabinet_only,하이스파앞,충청북도_충주시_가로등분전함정보_20260630.csv
CJ-CAB-6764cc4d66,chungju,266,수안보-05,36.84685927,127.9811435,,8,,,cabinet_only,스키장진입로앞,충청북도_충주시_가로등분전함정보_20260630.csv
CJ-CAB-baaf9a4a6e,chungju,267,수안보-06,36.84308468,127.9980097,,20,,,cabinet_only,조산공원,충청북도_충주시_가로등분전함정보_20260630.csv
CJ-CAB-b7c8a77f57,chungju,268,수안보-07,36.85156103,127.9785545,,31,,,cabinet_only,오산펌프장,충청북도_충주시_가로등분전함정보_20260630.csv
CJ-CAB-012c7a99bb,chungju,269,수안보-08,36.84868914,127.9899483,,11,,,cabinet_only,물탕공원건너,충청북도_충주시_가로등분전함정보_20260630.csv
CJ-CAB-01a318f0ed,chungju,270,수안보-09,36.8441458,127.997191,,16,,,cabinet_only,수안보초교진입로,충청북도_충주시_가로등분전함정보_20260630.csv
CJ-CAB-12a782d43a,chungju,271,수안보-10,36.84462936,127.9860255,,28,,,cabinet_only,수안보 영천교 옆,충청북도_충주시_가로등분전함정보_20260630.csv
CJ-CAB-56f4d4d87e,chungju,272,수안보-18,36.82366845,128.0906419,,22,,,cabinet_only,미륵리사지진입(월악가든),충청북도_충주시_가로등분전함정보_20260630.csv
CJ-CAB-acf0ce8a46,chungju,273,수안보-22,36.84071886,128.0044895,,30,,,cabinet_only,안보삼거리,충청북도_충주시_가로등분전함정보_20260630.csv
CJ-CAB-173aa7e4ae,chungju,274,수안보-23,36.84263589,128.0063532,,14,,,cabinet_only,공무원수련원앞,충청북도_충주시_가로등분전함정보_20260630.csv
CJ-CAB-0c257a2a1f,chungju,275,앙성-02,37.20339634,127.7431566,,10,,,cabinet_only,남한강대교,충청북도_충주시_가로등분전함정보_20260630.csv
CJ-CAB-a92e926c48,chungju,276,엄정-01,37.06851608,127.895631,,50,,,cabinet_only,엄정면 목계대교율능리 906-7,충청북도_충주시_가로등분전함정보_20260630.csv
CJ-CAB-4b6c019f75,chungju,277,엄정-03,37.07617912,127.8860539,,11,,,cabinet_only,목계 제방도로,충청북도_충주시_가로등분전함정보_20260630.csv
CJ-CAB-33751b461c,chungju,278,대소원-01,36.97420703,127.87914,,14,,,cabinet_only,하검단마을앞길,충청북도_충주시_가로등분전함정보_20260630.csv
CJ-CAB-923f7db98c,chungju,279,대소원-03,36.96523325,127.8710922,,23,,,cabinet_only,충주대 진입로,충청북도_충주시_가로등분전함정보_20260630.csv
CJ-CAB-b073b7f23c,chungju,280,대소원-05,36.97501029,127.8368904,,18,,,cabinet_only,완오리흑평마을회관앞,충청북도_충주시_가로등분전함정보_20260630.csv
CJ-CAB-fc3aaea346,chungju,281,대소원-06,36.9769903,127.8346547,,15,,,cabinet_only,완오리문화마을공동광장 앞,충청북도_충주시_가로등분전함정보_20260630.csv
CJ-CAB-c3d62ccf89,chungju,282,대소원-08,36.97625946,127.8251217,,31,,,cabinet_only,대소원초등학교뒤(산책로),충청북도_충주시_가로등분전함정보_20260630.csv
CJ-CAB-fa500e6e12,chungju,283,대소원-09,36.97243945,127.8337585,,11,,,cabinet_only,하수종말처리장뒤,충청북도_충주시_가로등분전함정보_20260630.csv
CJ-CAB-b45b63fc15,chungju,284,대소원-10(공원),36.97783808,127.8189857,,8,,,cabinet_only,대소원 면사무소옆 다목적광장,충청북도_충주시_가로등분전함정보_20260630.csv
CJ-CAB-5a85b877cc,chungju,285,주덕-01,36.97421034,127.7973128,,19,,,cabinet_only,주덕 축산물백화점 앞,충청북도_충주시_가로등분전함정보_20260630.csv
CJ-CAB-8ab6a387c3,chungju,286,주덕-02,36.97180939,127.7960052,,17,,,cabinet_only,주덕철길옆도로,충청북도_충주시_가로등분전함정보_20260630.csv
CJ-CAB-b068f6d6a8,chungju,287,주덕-03,36.97182476,127.7939554,,28,,,cabinet_only,송원요양병원옆,충청북도_충주시_가로등분전함정보_20260630.csv
CJ-CAB-7beb86b8c8,chungju,288,주덕-04,36.97372851,127.8019055,,20,,,cabinet_only,주덕역앞,충청북도_충주시_가로등분전함정보_20260630.csv
CJ-CAB-c91b3cda27,chungju,289,주덕-06,36.97273883,127.8070161,,30,,,cabinet_only,주덕마치입구,충청북도_충주시_가로등분전함정보_20260630.csv
CJ-CAB-29bfd93536,chungju,290,주덕-08,36.97419342,127.809798,,14,,,cabinet_only,신양교차로 하행선(충주),충청북도_충주시_가로등분전함정보_20260630.csv
CJ-CAB-e0cb57a292,chungju,291,주덕-09,36.97454282,127.8097624,,13,,,cabinet_only,신양교차로 상행선(충주),충청북도_충주시_가로등분전함정보_20260630.csv
CJ-CAB-29f3cda26a,chungju,292,주덕-10,36.97498465,127.8037504,,11,,,cabinet_only,신양교차로 하행선(주덕),충청북도_충주시_가로등분전함정보_20260630.csv
CJ-CAB-57274edcd2,chungju,293,주덕-11,36.97553922,127.80269,,11,,,cabinet_only,신양교차로 상행선(주덕),충청북도_충주시_가로등분전함정보_20260630.csv
CJ-CAB-eed4d1aaf8,chungju,294,용산-16(공원),36.96626902,127.9365474,,14,,,cabinet_only,용산시민체육공원(참사랑APT 101동 앞),충청북도_충주시_가로등분전함정보_20260630.csv
CJ-CAB-748a3dbf94,chungju,295,달천-13,36.95140878,127.888418,,22,,,cabinet_only,쉼터리버타운뒤 하천뚝방길,충청북도_충주시_가로등분전함정보_20260630.csv
CJ-CAB-9eccb215da,chungju,296,수안보-24,36.83974409,128.0054801,,14,,,cabinet_only,수안보 생활체육공원,충청북도_충주시_가로등분전함정보_20260630.csv
CJ-CAB-cc5927b1db,chungju,297,문화-07,36.96737833,127.9252138,,10,,,cabinet_only,호수마을아파트~(구)여성회관,충청북도_충주시_가로등분전함정보_20260630.csv
CJ-CAB-62c19a5c21,chungju,298,목행-22,37.00753014,127.9374354,,13,,,cabinet_only,충주산업단지,충청북도_충주시_가로등분전함정보_20260630.csv
CJ-CAB-2a3fdd5111,chungju,299,목행-23,37.00981247,127.9343793,,27,,,cabinet_only,충주제3산업단지,충청북도_충주시_가로등분전함정보_20260630.csv
CJ-CAB-33c58174fd,chungju,300,연수-34,36.99335393,127.941929,,19,,,cabinet_only,동부외왁순환도로(아이파크~금곡마을),충청북도_충주시_가로등분전함정보_20260630.csv
CJ-CAB-fe55d68ca9,chungju,301,연수-35,36.99362413,127.9419436,,15,,,cabinet_only,동부왹곽순환도로(아이파크~금곡마을),충청북도_충주시_가로등분전함정보_20260630.csv
CJ-CAB-b648cea203,chungju,302,연수-36,36.99034369,127.9454302,,14,,,cabinet_only,동부우회도로(금곡마을~낭띠타운사거리우측),충청북도_충주시_가로등분전함정보_20260630.csv
CJ-CAB-5fb9bc8d1e,chungju,303,연수-37,36.99032081,127.9458649,,23,,,cabinet_only,동부우회도로(금곡마을!낭띠타운사거리 좌측),충청북도_충주시_가로등분전함정보_20260630.csv
CJ-CAB-19d493d119,chungju,304,연수-38,36.98687055,127.9459489,,23,,,cabinet_only,동부우회도로(힐스테이트@신설구간),충청북도_충주시_가로등분전함정보_20260630.csv
CJ-CAB-afef63b52c,chungju,305,금능-09,36.99346403,127.9246058,,12,,,cabinet_only,효성교회건너편(동부외곽순환도로),충청북도_충주시_가로등분전함정보_20260630.csv
CJ-CAB-7ffed35e0d,chungju,306,금능-10,36.99382655,127.9241866,,8,,,cabinet_only,효성교회앞(동부외곽순환도로),충청북도_충주시_가로등분전함정보_20260630.csv
CJ-CAB-fd99a8307d,chungju,307,신니-02,36.99480146,127.7428574,,18,,,cabinet_only,중원산업단지 진입로,충청북도_충주시_가로등분전함정보_20260630.csv
CJ-CAB-a2958cea6f,chungju,308,신니-03,36.99487966,127.7425998,,16,,,cabinet_only,중원산업단지 진입로,충청북도_충주시_가로등분전함정보_20260630.csv
CJ-CAB-c93d47b474,chungju,309,주덕-15,36.99973501,127.7474834,,27,,,cabinet_only,중원산업단지 진입로,충청북도_충주시_가로등분전함정보_20260630.csv
CJ-CAB-2649e3fda6,chungju,310,주덕-16,36.99945407,127.747739,,29,,,cabinet_only,중원산업단지 진입로,충청북도_충주시_가로등분전함정보_20260630.csv
CJ-CAB-6b32bcde78,chungju,311,주덕-17,37.00603174,127.7552214,,25,,,cabinet_only,중원산업단지 진입로,충청북도_충주시_가로등분전함정보_20260630.csv
CJ-CAB-f9d2f33b6f,chungju,312,대소원-48,36.96871799,127.876091,,15,,,cabinet_only,충주대-하검단교간(충주대방향),충청북도_충주시_가로등분전함정보_20260630.csv
CJ-CAB-94c22dd364,chungju,313,대소원-49,36.96773816,127.8757766,,10,,,cabinet_only,충주대-하검단교간(원룸방면),충청북도_충주시_가로등분전함정보_20260630.csv
CJ-CAB-aed656e989,chungju,314,앙성-01,37.08996379,127.8005281,,10,,,cabinet_only,앙성한우직판장(교량옆),충청북도_충주시_가로등분전함정보_20260630.csv
CJ-CAB-4a8f8d0309,chungju,315,살미-10,36.90017179,127.9669261,,32,,,cabinet_only,세성교차로(LP-1),충청북도_충주시_가로등분전함정보_20260630.csv
CJ-CAB-bbe0b87014,chungju,316,살미-11,36.90080036,127.9663619,,14,,,cabinet_only,세성교차로(LP-2),충청북도_충주시_가로등분전함정보_20260630.csv
CJ-CAB-bef874acd4,chungju,317,살미-12,36.90079044,127.965366,,22,,,cabinet_only,세성교차로(LP-3),충청북도_충주시_가로등분전함정보_20260630.csv
CJ-CAB-3cfe7eb5a3,chungju,318,살미-09,36.88778483,127.9534967,,44,,,cabinet_only,살미면 문강1교 충주방향,충청북도_충주시_가로등분전함정보_20260630.csv
CJ-CAB-f5cf26cdf0,chungju,319,대소원-12,36.99947396,127.8394376,,23,,,cabinet_only,첨단산업단지(LP-1),충청북도_충주시_가로등분전함정보_20260630.csv
CJ-CAB-595ecf2bec,chungju,320,대소원-13,36.99843249,127.8395441,,20,,,cabinet_only,첨단산업단지(LP-2),충청북도_충주시_가로등분전함정보_20260630.csv
CJ-CAB-2f85bb1d97,chungju,321,대소원-14,36.9970263,127.8370684,,36,,,cabinet_only,첨단산업단지(LP-3),충청북도_충주시_가로등분전함정보_20260630.csv
CJ-CAB-16f815b1c0,chungju,322,대소원-15,36.99581549,127.8397821,,21,,,cabinet_only,첨단산업단지(LP-4),충청북도_충주시_가로등분전함정보_20260630.csv
CJ-CAB-a6cf4cea4a,chungju,323,대소원-16,36.9992861,127.8411543,,30,,,cabinet_only,첨단산업단지(LP-5),충청북도_충주시_가로등분전함정보_20260630.csv
CJ-CAB-bd472d5d25,chungju,324,대소원-17,36.99710405,127.8420009,,34,,,cabinet_only,첨단산업단지(LP-6),충청북도_충주시_가로등분전함정보_20260630.csv
CJ-CAB-ecf2454081,chungju,325,대소원-18,36.99895952,127.8433694,,27,,,cabinet_only,첨단산업단지(LP-7),충청북도_충주시_가로등분전함정보_20260630.csv
CJ-CAB-5519fd63ba,chungju,326,대소원-19,36.99498131,127.8427414,,17,,,cabinet_only,첨단산업단지(LP-8),충청북도_충주시_가로등분전함정보_20260630.csv
CJ-CAB-ad25310791,chungju,327,대소원-20,36.99308071,127.839474,,40,,,cabinet_only,첨단산업단지(LP-9),충청북도_충주시_가로등분전함정보_20260630.csv
CJ-CAB-47889f71ec,chungju,328,대소원-21,36.9958966,127.8337085,,23,,,cabinet_only,첨단산업단지(LP-10),충청북도_충주시_가로등분전함정보_20260630.csv
CJ-CAB-de5dae93b6,chungju,329,대소원-22,36.99376851,127.8326518,,24,,,cabinet_only,첨단산업단지(LP-11),충청북도_충주시_가로등분전함정보_20260630.csv
CJ-CAB-cff76452e7,chungju,330,대소원-23,36.99240038,127.8356473,,28,,,cabinet_only,첨단산업단지(LP-12),충청북도_충주시_가로등분전함정보_20260630.csv
CJ-CAB-f0fe3edcc8,chungju,331,대소원-24,36.99250894,127.8285155,,26,,,cabinet_only,첨단산업단지(LP-13),충청북도_충주시_가로등분전함정보_20260630.csv
CJ-CAB-6639b9a136,chungju,332,대소원-25,36.99159464,127.8310555,,27,,,cabinet_only,첨단산업단지(LP-14),충청북도_충주시_가로등분전함정보_20260630.csv
CJ-CAB-6163f1d937,chungju,333,대소원-26,36.98891646,127.8294144,,24,,,cabinet_only,첨단산업단지(LP-15),충청북도_충주시_가로등분전함정보_20260630.csv
CJ-CAB-b94f1694ac,chungju,334,대소원-27,36.98761356,127.8321129,,15,,,cabinet_only,첨단산업단지(LP-16),충청북도_충주시_가로등분전함정보_20260630.csv
CJ-CAB-c9fc2f515c,chungju,335,대소원-28,36.98876517,127.8362085,,47,,,cabinet_only,첨단산업단지(LP-17),충청북도_충주시_가로등분전함정보_20260630.csv
CJ-CAB-41a469cff8,chungju,336,대소원-29,36.98654476,127.8312982,,30,,,cabinet_only,코아루아파트 106동옆(LP-18),충청북도_충주시_가로등분전함정보_20260630.csv
CJ-CAB-728aca1e38,chungju,337,대소원-30,36.98519744,127.8316542,,39,,,cabinet_only,코이즈앞 사거리(LP-19),충청북도_충주시_가로등분전함정보_20260630.csv
CJ-CAB-8649c0c6a2,chungju,338,대소원-31,36.98622156,127.8291971,,17,,,cabinet_only,TOP부동산 맞은편(LP-20),충청북도_충주시_가로등분전함정보_20260630.csv
CJ-CAB-a363383b37,chungju,339,대소원-32,36.98685038,127.8278588,,27,,,cabinet_only,중앙부동산앞(LP-21),충청북도_충주시_가로등분전함정보_20260630.csv
CJ-CAB-77a543e8df,chungju,340,대소원-33,36.98765036,127.8261995,,14,,,cabinet_only,김태현공인중개사옆건너,충청북도_충주시_가로등분전함정보_20260630.csv
CJ-CAB-ed0657ef0a,chungju,341,대소원-34,36.98942213,127.8253818,,23,,,cabinet_only,첨단산업단지(LP-23),충청북도_충주시_가로등분전함정보_20260630.csv
CJ-CAB-ec2e8003b8,chungju,342,대소원-35,36.9853415,127.8261857,,19,,,cabinet_only,수아다방 건너,충청북도_충주시_가로등분전함정보_20260630.csv
CJ-CAB-ad290781c1,chungju,343,대소원-36,36.98889562,127.8239973,,16,,,cabinet_only,도담다담공원옆,충청북도_충주시_가로등분전함정보_20260630.csv
CJ-CAB-90970029c3,chungju,344,대소원-37,36.98914117,127.8239944,,10,,,cabinet_only,도담다담공원옆,충청북도_충주시_가로등분전함정보_20260630.csv
CJ-CAB-56697fb39d,chungju,345,대소원-38,36.98764742,127.8259748,,20,,,cabinet_only,조이할인마트,충청북도_충주시_가로등분전함정보_20260630.csv
CJ-CAB-c6f791fb63,chungju,346,대소원-39,36.98680276,127.8275803,,20,,,cabinet_only,바다속으로횟집 옆,충청북도_충주시_가로등분전함정보_20260630.csv
CJ-CAB-7b0462e9aa,chungju,347,대소원-40,36.98619588,127.829003,,13,,,cabinet_only,GS편의점 첨단1호점앞,충청북도_충주시_가로등분전함정보_20260630.csv
CJ-CAB-46ba26dcad,chungju,348,대소원-41,36.98549256,127.8303629,,14,,,cabinet_only,첨단산업단지 PP-6,충청북도_충주시_가로등분전함정보_20260630.csv
CJ-CAB-cc757f0864,chungju,349,대소원-42,36.98821018,127.8266801,,16,,,cabinet_only,첨단산업단지(PP-7),충청북도_충주시_가로등분전함정보_20260630.csv
CJ-CAB-d6d02d8565,chungju,350,대소원-50(공원),36.9896285,127.827771,,19,,,cabinet_only,제2호근린공원(성마루공원),충청북도_충주시_가로등분전함정보_20260630.csv
CJ-CAB-7b8f0fcaeb,chungju,351,대소원-51(공원),36.98906453,127.8295003,,13,,,cabinet_only,제3호근린공원(쇳돌공원),충청북도_충주시_가로등분전함정보_20260630.csv
CJ-CAB-44302b80fe,chungju,352,대소원-52(공원),36.98774396,127.8318279,,8,,,cabinet_only,제3호근린공원(쇳돌공원),충청북도_충주시_가로등분전함정보_20260630.csv
CJ-CAB-2c19c49019,chungju,353,대소원-53(공원),36.98774479,127.8321916,,16,,,cabinet_only,제4-1호근린공원(산성공원),충청북도_충주시_가로등분전함정보_20260630.csv
CJ-CAB-296af39df8,chungju,354,대소원-54(공원),36.98847085,127.8354583,,6,,,cabinet_only,제4-2호근린공원(산성공원),충청북도_충주시_가로등분전함정보_20260630.csv
CJ-CAB-408e1b409a,chungju,355,대소원-55(공원),36.9832179,127.8318994,,23,,,cabinet_only,제5-1근린공원(이안공원),충청북도_충주시_가로등분전함정보_20260630.csv
CJ-CAB-65fcae0bde,chungju,356,대소원-56(공원),36.98529475,127.8331968,,10,,,cabinet_only,제5-2호근린공원(이안공원),충청북도_충주시_가로등분전함정보_20260630.csv
CJ-CAB-b2600dac4d,chungju,357,대소원-57(공원),36.9918822,127.8303607,,12,,,cabinet_only,제1호경관녹지,충청북도_충주시_가로등분전함정보_20260630.csv
CJ-CAB-090a7061d4,chungju,358,대소원-58(공원),36.9901421,127.8335656,,20,,,cabinet_only,제2호경관녹지,충청북도_충주시_가로등분전함정보_20260630.csv
CJ-CAB-cef6751159,chungju,359,대소원-59(공원),36.98898885,127.8241949,,5,,,cabinet_only,도담다담공원,충청북도_충주시_가로등분전함정보_20260630.csv
CJ-CAB-9c5884d501,chungju,360,대소원-60(공원),36.98781414,127.8285572,,6,,,cabinet_only,제2호어린이공원(그린나래공원),충청북도_충주시_가로등분전함정보_20260630.csv
CJ-CAB-61950d06b3,chungju,361,대소원-61(공원),36.98506679,127.8292379,,6,,,cabinet_only,제3호어린이공원(가온누리공원),충청북도_충주시_가로등분전함정보_20260630.csv
CJ-CAB-3425d4bdfe,chungju,362,호암-23,36.95673402,127.9404867,,12,,,cabinet_only,세영 더조은아파트 정문 건너편,충청북도_충주시_가로등분전함정보_20260630.csv
CJ-CAB-e9be177267,chungju,363,노은-04,37.04082403,127.8091732,,16,,,cabinet_only,북충주IC~가금(노은고개교차로),충청북도_충주시_가로등분전함정보_20260630.csv
CJ-CAB-1a3230a5c4,chungju,364,대소원-42-1(공원),36.99051821,127.8266517,,15,,,cabinet_only,제1호근린공원(다인공원),충청북도_충주시_가로등분전함정보_20260630.csv
CJ-CAB-4699b1d94b,chungju,365,용산-15,36.9596105,127.9473038,,16,,,cabinet_only,동부외곽도로(동일하이빌 104동 맞은편),충청북도_충주시_가로등분전함정보_20260630.csv
CJ-CAB-257db9d21f,chungju,366,호암-21,36.9570724,127.9437507,,17,,,cabinet_only,동부외곽도로(더조은APT107동 옆),충청북도_충주시_가로등분전함정보_20260630.csv
CJ-CAB-85f3182633,chungju,367,호암-24,36.95355116,127.9410397,,12,,,cabinet_only,호암한우옆,충청북도_충주시_가로등분전함정보_20260630.csv
CJ-CAB-fef8855e0f,chungju,368,기업-01,37.01414444,127.8074324,,12,,,cabinet_only,충주기업도시(LP-CJ-01),충청북도_충주시_가로등분전함정보_20260630.csv
CJ-CAB-8aa53a8535,chungju,369,기업-02,37.0138364,127.8076791,,19,,,cabinet_only,충주기업도시(LP-CJ-02),충청북도_충주시_가로등분전함정보_20260630.csv
CJ-CAB-93e1084022,chungju,370,기업-03,37.01141855,127.8107658,,11,,,cabinet_only,충주기업도시(LP-CJ-03),충청북도_충주시_가로등분전함정보_20260630.csv
CJ-CAB-131c12a013,chungju,371,기업-45,37.00626492,127.8100454,,10,,,cabinet_only,충주기업도시(LP-CJ-45),충청북도_충주시_가로등분전함정보_20260630.csv
CJ-CAB-b0ab85a680,chungju,372,기업-60,37.00868931,127.8135879,,23,,,cabinet_only,충주기업도시(LP-CJ-60),충청북도_충주시_가로등분전함정보_20260630.csv
CJ-CAB-4b036edb86,chungju,373,기업-64,37.01108331,127.8107061,,14,,,cabinet_only,충주기업도시(LP-CJ-64),충청북도_충주시_가로등분전함정보_20260630.csv
CJ-CAB-3f0c14b962,chungju,374,안림-07,36.97620867,127.9670451,,15,,,cabinet_only,엔젤산후조리원옆,충청북도_충주시_가로등분전함정보_20260630.csv
CJ-CAB-109fbee4f3,chungju,375,안림-08,36.97587563,127.9675546,,16,,,cabinet_only,엔젤산후조리원입구 건너,충청북도_충주시_가로등분전함정보_20260630.csv
CJ-CAB-65c67881b6,chungju,376,목행-24,37.01194661,127.9549556,,12,,,cabinet_only,용탄동 510-2번지,충청북도_충주시_가로등분전함정보_20260630.csv
CJ-CAB-328f642739,chungju,377,중앙탑-16,37.07597969,127.8548534,,33,,,cabinet_only,가흥초교 앞,충청북도_충주시_가로등분전함정보_20260630.csv
CJ-CAB-4b2939a817,chungju,378,중앙탑-17,37.07502349,127.8575078,,13,,,cabinet_only,하가흥마을회관 앞,충청북도_충주시_가로등분전함정보_20260630.csv
CJ-CAB-e63da27ce9,chungju,379,산척-09,37.07606063,127.9326502,,23,,,cabinet_only,귀래~목계간도로 서곡교차로(LP-01A),충청북도_충주시_가로등분전함정보_20260630.csv
CJ-CAB-b1e8b7090f,chungju,380,산척-08,37.07560335,127.932937,,15,,,cabinet_only,귀래~목계간도로 서곡교차로(LP-01B),충청북도_충주시_가로등분전함정보_20260630.csv
CJ-CAB-fb3284deaa,chungju,381,엄정-05,37.09329368,127.9207796,,18,,,cabinet_only,귀래~목계간도로 엄정교차로(LP-02A),충청북도_충주시_가로등분전함정보_20260630.csv
CJ-CAB-80bf242e08,chungju,382,엄정-06,37.09371311,127.9215931,,28,,,cabinet_only,귀래~목계간도로 엄정교차로(LP-02B),충청북도_충주시_가로등분전함정보_20260630.csv
CJ-CAB-cd28b8d590,chungju,383,엄정-07,37.09023802,127.9229626,,11,,,cabinet_only,귀래~목계간도로 엄정교차로(LP-02C),충청북도_충주시_가로등분전함정보_20260630.csv
CJ-CAB-b3a10b854d,chungju,384,엄정-08,37.09029861,127.9232811,,23,,,cabinet_only,귀래~목계간도로 엄정교차로(LP-02D),충청북도_충주시_가로등분전함정보_20260630.csv
CJ-CAB-9a67a9ba92,chungju,385,소태-03,37.10651732,127.8947064,,13,,,cabinet_only,귀래~목계간도로 동막교차로(LP-03A),충청북도_충주시_가로등분전함정보_20260630.csv
CJ-CAB-5f2529dcd6,chungju,386,소태-04,37.10736797,127.8930205,,26,,,cabinet_only,귀래~목계간도로 동막교차로(LP-03B),충청북도_충주시_가로등분전함정보_20260630.csv
CJ-CAB-2e569cc7ff,chungju,387,소태-05,37.10735927,127.8941763,,24,,,cabinet_only,귀래~목계간도로 동막교차로(LP-03C),충청북도_충주시_가로등분전함정보_20260630.csv
CJ-CAB-2164d31438,chungju,388,소태-06,37.12984289,127.8832434,,20,,,cabinet_only,귀래~목계간도로 구룡교차로(LP-04A),충청북도_충주시_가로등분전함정보_20260630.csv
CJ-CAB-3504ebdfc1,chungju,389,소태-07,37.13720452,127.8838156,,26,,,cabinet_only,귀래~목계간도로 구룡교차로(LP-04B),충청북도_충주시_가로등분전함정보_20260630.csv
CJ-CAB-9914b81d5b,chungju,390,소태-08,37.13044803,127.8833517,,16,,,cabinet_only,귀래~목계간도로 구룡교차로(LP-04C),충청북도_충주시_가로등분전함정보_20260630.csv
CJ-CAB-6688a289e0,chungju,391,소태-09,37.13637814,127.883775,,19,,,cabinet_only,귀래~목계간도로 구룡교차로(LP-04D),충청북도_충주시_가로등분전함정보_20260630.csv
CJ-CAB-e19af8cc89,chungju,392,대소원-62,36.97398969,127.8191367,,6,,,cabinet_only,대소원사거리,충청북도_충주시_가로등분전함정보_20260630.csv
CJ-CAB-17332ace95,chungju,393,주덕-18,36.97704356,127.7885532,,9,,,cabinet_only,주덕초교 앞,충청북도_충주시_가로등분전함정보_20260630.csv
CJ-CAB-3dfd2fbedd,chungju,394,중앙탑-18,37.01965501,127.8593075,,4,,,cabinet_only,탄금호조정경기장 진입도로,충청북도_충주시_가로등분전함정보_20260630.csv
CJ-CAB-db0c8e810f,chungju,395,중앙탑-19,37.01969682,127.8591338,,4,,,cabinet_only,탄금호조정경기장 진입도로,충청북도_충주시_가로등분전함정보_20260630.csv
CJ-CAB-6208328fdf,chungju,396,중앙탑-20,37.02274323,127.8623886,,91,,,cabinet_only,탄금호조정경기장,충청북도_충주시_가로등분전함정보_20260630.csv
CJ-CAB-a081da713c,chungju,397,중앙탑-21,37.02044326,127.8642944,,78,,,cabinet_only,탄금호조정경기장,충청북도_충주시_가로등분전함정보_20260630.csv
CJ-CAB-ba00d20e6c,chungju,398,중앙탑-22,37.00497773,127.8727729,,10,,,cabinet_only,탄금호조정경기장,충청북도_충주시_가로등분전함정보_20260630.csv
CJ-CAB-cae265a45f,chungju,399,호암-25,36.96536865,127.9206193,,4,,,cabinet_only,호암공원(문화동 3887-2),충청북도_충주시_가로등분전함정보_20260630.csv
CJ-CAB-0a742f960b,chungju,400,달천-16,36.9637002,127.8870814,,15,,,cabinet_only,용두교차로(제천방향),충청북도_충주시_가로등분전함정보_20260630.csv
CJ-CAB-b8b044445d,chungju,401,달천-17,36.96371333,127.8868317,,13,,,cabinet_only,용두교차로(충주방향),충청북도_충주시_가로등분전함정보_20260630.csv
CJ-CAB-35f1908a2c,chungju,402,금가-07,36.99097197,127.883885,,4,,,cabinet_only,창동교차로,충청북도_충주시_가로등분전함정보_20260630.csv
CJ-CAB-724a5559fd,chungju,403,금가-08,36.99086461,127.8834794,,4,,,cabinet_only,창동교차로,충청북도_충주시_가로등분전함정보_20260630.csv
CJ-CAB-417cf348d1,chungju,404,금가-09,36.98521133,127.882156,,4,,,cabinet_only,창동교차로,충청북도_충주시_가로등분전함정보_20260630.csv
CJ-CAB-1d468754da,chungju,405,금가-10,36.98560106,127.8818488,,4,,,cabinet_only,창동교차로,충청북도_충주시_가로등분전함정보_20260630.csv
CJ-CAB-00928b61a2,chungju,406,금가-05,36.99719699,127.8888802,,14,,,cabinet_only,우륵대교 북단(다리아래),충청북도_충주시_가로등분전함정보_20260630.csv
CJ-CAB-d6ab4a8986,chungju,407,금가-06,36.99111312,127.8839877,,13,,,cabinet_only,우륵대교 남단(다리아래),충청북도_충주시_가로등분전함정보_20260630.csv
CJ-CAB-af29ba4892,chungju,408,금가-15,37.00252316,127.9010024,,4,,,cabinet_only,유송교차로,충청북도_충주시_가로등분전함정보_20260630.csv
CJ-CAB-f06e4d296f,chungju,409,금가-16,37.00274016,127.9009039,,4,,,cabinet_only,유송교차로,충청북도_충주시_가로등분전함정보_20260630.csv
CJ-CAB-a83e62f80b,chungju,410,금가-17,37.001926,127.896569,,4,,,cabinet_only,유송교차로,충청북도_충주시_가로등분전함정보_20260630.csv
CJ-CAB-bc23d98dbb,chungju,411,금가-18,37.00212714,127.8964815,,4,,,cabinet_only,유송교차로,충청북도_충주시_가로등분전함정보_20260630.csv
CJ-CAB-6c86a8c1f4,chungju,412,금가-19,37.03079948,127.9126087,,5,,,cabinet_only,문산교차로,충청북도_충주시_가로등분전함정보_20260630.csv
CJ-CAB-68908ab1ba,chungju,413,금가-20,37.03103082,127.9124035,,4,,,cabinet_only,문산교차로,충청북도_충주시_가로등분전함정보_20260630.csv
CJ-CAB-c8105af5ab,chungju,414,금가-21,37.02739576,127.9096769,,4,,,cabinet_only,문산교차로,충청북도_충주시_가로등분전함정보_20260630.csv
CJ-CAB-17f0d29033,chungju,415,금가-22,37.02745226,127.9093601,,5,,,cabinet_only,문산교차로,충청북도_충주시_가로등분전함정보_20260630.csv
CJ-CAB-cb94716ae2,chungju,416,금가-11,37.03548133,127.9264413,,14,,,cabinet_only,사암교차로,충청북도_충주시_가로등분전함정보_20260630.csv
CJ-CAB-fc4875f87c,chungju,417,금가-12,37.03567842,127.9268764,,18,,,cabinet_only,사암교차로,충청북도_충주시_가로등분전함정보_20260630.csv
CJ-CAB-a283f12a2a,chungju,418,금가-13,37.04114606,127.9279573,,15,,,cabinet_only,사암교차로,충청북도_충주시_가로등분전함정보_20260630.csv
CJ-CAB-957be0721f,chungju,419,금가-14,37.03835653,127.9277716,,17,,,cabinet_only,사암교차로,충청북도_충주시_가로등분전함정보_20260630.csv
CJ-CAB-cac7941e34,chungju,420,동량-05,37.02311726,127.9336879,,17,,,cabinet_only,동량면 용교리 자전거길,충청북도_충주시_가로등분전함정보_20260630.csv
CJ-CAB-d7f884e5a4,chungju,421,금가-23,37.0191601,127.9082191,,17,,,cabinet_only,용두~금가간 화물차휴게소(금가방향),충청북도_충주시_가로등분전함정보_20260630.csv
CJ-CAB-75eb7210a1,chungju,422,탄금대교경관,36.98946257,127.8890317,,10,,,cabinet_only,신탄금대교 중앙,충청북도_충주시_가로등분전함정보_20260630.csv
CJ-CAB-429a7577a2,chungju,423,칠금-29,36.97879574,127.9137336,,42,,,cabinet_only,충주 푸르지오 아파트 107동 앞,충청북도_충주시_가로등분전함정보_20260630.csv
CJ-CAB-71120615c8,chungju,424,칠금-27,36.98555531,127.8954839,,35,,,cabinet_only,탄금대교가기전 S-OIL 주유소앞 사거리,충청북도_충주시_가로등분전함정보_20260630.csv
CJ-CAB-e22f552736,chungju,425,중앙탑-31,36.99206295,127.8822773,,19,,,cabinet_only,탄금대교지나 삼거리,충청북도_충주시_가로등분전함정보_20260630.csv
CJ-CAB-3bc469185e,chungju,426,칠금-28,36.98858428,127.8914027,,17,,,cabinet_only,충주장례식장 건너편(탄금대교초입),충청북도_충주시_가로등분전함정보_20260630.csv
CJ-CAB-63dd1bcdc7,chungju,427,신니-04,36.99573729,127.7380052,,8,,,cabinet_only,신니우체국앞도로변,충청북도_충주시_가로등분전함정보_20260630.csv
CJ-CAB-62599a7694,chungju,428,신니-05,37.00270365,127.6801201,,30,,,cabinet_only,서충주 나들목 국도측 좌측분전함,충청북도_충주시_가로등분전함정보_20260630.csv
CJ-CAB-361bec7600,chungju,429,신니-06,37.00270569,127.6801566,,28,,,cabinet_only,서충주 나들목 국도측 우측분전함,충청북도_충주시_가로등분전함정보_20260630.csv
CJ-CAB-b4c79ad017,chungju,430,안림-16,36.97147243,127.9484868,,23,,,cabinet_only,교현안림동 행정복지센터 옆,충청북도_충주시_가로등분전함정보_20260630.csv
CJ-CAB-ab25492196,chungju,431,성서-07,36.97038121,127.9306741,,9,,,cabinet_only,충주천 제2공영주차장(성서1길36),충청북도_충주시_가로등분전함정보_20260630.csv
CJ-CAB-3ad77df85f,chungju,432,중앙탑-37,37.03799447,127.8187335,,13,,,cabinet_only,북충주IC~가금(상구교차로),충청북도_충주시_가로등분전함정보_20260630.csv
CJ-CAB-71dcc08ccc,chungju,433,중앙탑-38,37.03638286,127.8247294,,13,,,cabinet_only,북충주IC~가금(중구1교차로),충청북도_충주시_가로등분전함정보_20260630.csv
CJ-CAB-e2cd41e605,chungju,434,중앙탑-39,37.03442058,127.8283216,,7,,,cabinet_only,북충주IC~가금(중구2교차로),충청북도_충주시_가로등분전함정보_20260630.csv
CJ-CAB-833fe8c6e7,chungju,435,중앙탑-40,37.02532544,127.8470097,,16,,,cabinet_only,북충주IC~가금(중원교차로),충청북도_충주시_가로등분전함정보_20260630.csv
CJ-CAB-48b928200b,chungju,436,수안보-32,36.84283743,127.9852526,,15,,,cabinet_only,수안보 교차로,충청북도_충주시_가로등분전함정보_20260630.csv
CJ-CAB-c456072264,chungju,437,칠금(어린)1(공원),36.98521074,127.9184688,,8,,,cabinet_only,칠금1호,충청북도_충주시_가로등분전함정보_20260630.csv
CJ-CAB-abd910de27,chungju,438,수안보-25,36.83033541,127.9979085,,58,,,cabinet_only,달두루전원마을(LP-1),충청북도_충주시_가로등분전함정보_20260630.csv
CJ-CAB-22a7c2b634,chungju,439,수안보-26,36.83022539,127.9962537,,25,,,cabinet_only,달두루전원마을(LP-2),충청북도_충주시_가로등분전함정보_20260630.csv
CJ-CAB-a493152e2f,chungju,440,수안보-27,36.82900283,127.9972523,,28,,,cabinet_only,달두루전원마을(LP-3),충청북도_충주시_가로등분전함정보_20260630.csv
CJ-CAB-52b78487d5,chungju,441,앙성-03,37.09302739,127.7973609,,17,,,cabinet_only,앙성탄산온천 앞,충청북도_충주시_가로등분전함정보_20260630.csv
CJ-CAB-7aea9c4b4d,chungju,442,앙성-04,37.0961512,127.79004,,17,,,cabinet_only,켄싱턴리조트 입구(초막집옆),충청북도_충주시_가로등분전함정보_20260630.csv
CJ-CAB-6d768fc954,chungju,443,앙성-05,37.1099496,127.7431735,,8,,,cabinet_only,앙성면 유량 삼거리,충청북도_충주시_가로등분전함정보_20260630.csv
CJ-CAB-53f12064ec,chungju,444,칠금-08-1,36.9939183,127.9068938,,28,,,cabinet_only,탄금대교 자전거도로,충청북도_충주시_가로등분전함정보_20260630.csv
CJ-CAB-5d2d1da4c9,chungju,445,대소원-63,36.96746072,127.8674541,,10,,,cabinet_only,교통대 환경관 앞(국원대교~상검단교간),충청북도_충주시_가로등분전함정보_20260630.csv
CJ-CAB-d3928cab0c,chungju,446,엄정-09,37.08632833,127.9149611,,20,,,cabinet_only,엄정면사무소앞,충청북도_충주시_가로등분전함정보_20260630.csv
CJ-CAB-144e29128f,chungju,447,엄정-10,37.0882742,127.9187972,,4,,,cabinet_only,엄정면 내동마을회관 뒷길,충청북도_충주시_가로등분전함정보_20260630.csv
CJ-CAB-1a452bb69a,chungju,448,연수-07,36.98471677,127.9263785,,9,,,cabinet_only,연수소공원(세원한아름 아파트 공원앞),충청북도_충주시_가로등분전함정보_20260630.csv
CJ-CAB-6f11aa248b,chungju,449,봉방-18(공원),36.97889185,127.9185023,,11,,,cabinet_only,국원고옆 연꽃공원내,충청북도_충주시_가로등분전함정보_20260630.csv
CJ-CAB-3d1a31c31a,chungju,450,안림-09,36.97278333,127.9798461,,10,,,cabinet_only,마즈막재 주차장,충청북도_충주시_가로등분전함정보_20260630.csv
CJ-CAB-2fd6fbf9f4,chungju,451,수안보-28,36.88222685,127.9823387,,0,,,cabinet_only,경찰학교 앞,충청북도_충주시_가로등분전함정보_20260630.csv
CJ-CAB-aa70bd0b05,chungju,452,수안보-29,36.88100651,127.9729573,,2,,,cabinet_only,수회초등학교 부근,충청북도_충주시_가로등분전함정보_20260630.csv
CJ-CAB-54b0e1a189,chungju,453,금릉-11,36.99381892,127.9224225,,34,,,cabinet_only,동부우회도로(두손광고뒤),충청북도_충주시_가로등분전함정보_20260630.csv
CJ-CAB-ab44bbaa73,chungju,454,금릉-12,36.99349439,127.9221518,,18,,,cabinet_only,동부우회도로(두손광고뒤),충청북도_충주시_가로등분전함정보_20260630.csv
CJ-CAB-1a25e8e071,chungju,455,중앙탑-23,37.02360948,127.8277799,,24,,,cabinet_only,기업도시 북측진입도로 LP-1,충청북도_충주시_가로등분전함정보_20260630.csv
CJ-CAB-249e4ef763,chungju,456,중앙탑-24,37.02349917,127.8280934,,24,,,cabinet_only,기업도시 북측진입도로 LP-1,충청북도_충주시_가로등분전함정보_20260630.csv
CJ-CAB-17b19c59a8,chungju,457,중앙탑-25,37.0278077,127.830135,,23,,,cabinet_only,기업도시 북측진입도로 LP-3,충청북도_충주시_가로등분전함정보_20260630.csv
CJ-CAB-56b0f4d2bc,chungju,458,중앙탑-26,37.02772025,127.8307212,,23,,,cabinet_only,기업도시 북측진입도로 LP-4,충청북도_충주시_가로등분전함정보_20260630.csv
CJ-CAB-1ef4da2b99,chungju,459,수안보-30,36.8809112,127.9779811,,4,,,cabinet_only,수안보 경찰학교앞(수회3교옆),충청북도_충주시_가로등분전함정보_20260630.csv
CJ-CAB-a0ac6ae835,chungju,460,동량-06,37.02638027,127.9660512,,8,,,cabinet_only,동량우체국 맞은편,충청북도_충주시_가로등분전함정보_20260630.csv
CJ-CAB-44c667e923,chungju,461,동량-07,37.02662848,127.9662763,,10,,,cabinet_only,동량우체국 옆,충청북도_충주시_가로등분전함정보_20260630.csv
CJ-CAB-388e0861a9,chungju,462,달천-18,36.95455654,127.8919154,,12,,,cabinet_only,송림제방도로,충청북도_충주시_가로등분전함정보_20260630.csv
CJ-CAB-0df435ec8c,chungju,463,교현1-17,36.9773136,127.9449349,,15,,,cabinet_only,안림동 푸르지오(1차) 앞,충청북도_충주시_가로등분전함정보_20260630.csv
CJ-CAB-96ad8aa80a,chungju,464,교현1-18,36.97713457,127.9450845,,14,,,cabinet_only,안림동 푸르지오(2차)앞,충청북도_충주시_가로등분전함정보_20260630.csv
CJ-CAB-d43f2c0712,chungju,465,소태-13,37.11198823,127.8873133,,5,,,cabinet_only,소태면 졸음쉼터(야동휴게소 건너편),충청북도_충주시_가로등분전함정보_20260630.csv
CJ-CAB-8d96ec028b,chungju,466,중앙탑-27,37.03068018,127.835218,,17,,,cabinet_only,기업도시 북측진입도로LP-5,충청북도_충주시_가로등분전함정보_20260630.csv
CJ-CAB-c4772cc412,chungju,467,중앙탑-28,37.03084176,127.8356244,,25,,,cabinet_only,기업도시 북측진입도로 LP-6,충청북도_충주시_가로등분전함정보_20260630.csv
CJ-CAB-de8125cb4f,chungju,468,중앙탑-29,37.03265389,127.8370772,,20,,,cabinet_only,기업도기 북측진입도로 LP-7,충청북도_충주시_가로등분전함정보_20260630.csv
CJ-CAB-574a979970,chungju,469,중앙탑-30,37.02020556,127.8252203,,32,,,cabinet_only,기업도시 북측진입도로 생태터널,충청북도_충주시_가로등분전함정보_20260630.csv
CJ-CAB-e5dcd3104e,chungju,470,용탄-12,37.00906025,127.9444651,,12,,,cabinet_only,용탄동 941번지(충주산업 4단지),충청북도_충주시_가로등분전함정보_20260630.csv
CJ-CAB-f6695f3af5,chungju,471,중앙탑-42,36.98128547,127.8872294,,39,,,cabinet_only,갈마~교통대 도로,충청북도_충주시_가로등분전함정보_20260630.csv
CJ-CAB-9b2adc52d2,chungju,472,중앙탑-43,37.07280402,127.8690995,,13,,,cabinet_only,가금농공단지 도로변,충청북도_충주시_가로등분전함정보_20260630.csv
CJ-CAB-8920d64a09,chungju,473,소태-12,37.1125944,127.8866819,,5,,,cabinet_only,소태면 야동휴게소 출구,충청북도_충주시_가로등분전함정보_20260630.csv
CJ-CAB-552a2aa0c2,chungju,474,봉방공원-19(공원),36.97316697,127.9192056,,7,,,cabinet_only,봉방동주민센터옆 공원,충청북도_충주시_가로등분전함정보_20260630.csv
CJ-CAB-d38a5081b0,chungju,475,단월-16,36.94317661,127.9050763,,23,,,cabinet_only,서부우회도로(대명개발 건너편),충청북도_충주시_가로등분전함정보_20260630.csv
CJ-CAB-867883b3ed,chungju,476,단월-17,36.94268148,127.9144264,,23,,,cabinet_only,서부우회도로(충주골재앞),충청북도_충주시_가로등분전함정보_20260630.csv
CJ-CAB-0f22966a0b,chungju,477,단월-18,36.94349765,127.9051003,,23,,,cabinet_only,서부우회도로(대명지하수옆),충청북도_충주시_가로등분전함정보_20260630.csv
CJ-CAB-14a859f3a3,chungju,478,단월-19,36.94296894,127.9144237,,24,,,cabinet_only,서부우회도로(충주골재맞은편),충청북도_충주시_가로등분전함정보_20260630.csv
CJ-CAB-d3b1853881,chungju,479,호암공원-02(공원),36.95976225,127.9231764,,16,,,cabinet_only,호암공원 생태전시관 옆(산책로),충청북도_충주시_가로등분전함정보_20260630.csv
CJ-CAB-dbc00534bc,chungju,480,호암-28,36.962182,127.9170187,,19,,,cabinet_only,중원경교회 앞,충청북도_충주시_가로등분전함정보_20260630.csv
CJ-CAB-91b85c9466,chungju,481,지현-03,36.97127849,127.9291438,,3,,,cabinet_only,현대타운앞 은혜별채뒤 3주차장-소,충청북도_충주시_가로등분전함정보_20260630.csv
CJ-CAB-0c7de5b560,chungju,482,지현-07,36.96842996,127.933031,,11,,,cabinet_only,지현주민센터 건너편,충청북도_충주시_가로등분전함정보_20260630.csv
CJ-CAB-c259456a8e,chungju,483,문화-08,36.97078281,127.9300193,,12,,,cabinet_only,현대타운입구 문화교건너,충청북도_충주시_가로등분전함정보_20260630.csv
CJ-CAB-5bb084dffe,chungju,484,문화-09,36.97105359,127.9302472,,12,,,cabinet_only,"현대타운입구,젊음의거리입구(문화교옆)",충청북도_충주시_가로등분전함정보_20260630.csv
CJ-CAB-834188d1f5,chungju,485,문화-10,36.97104502,127.9288967,,5,,,cabinet_only,현대타운앞 은혜별채뒤 3주차장-대,충청북도_충주시_가로등분전함정보_20260630.csv
CJ-CAB-2888ca8428,chungju,486,신니-07(공원),37.0008461,127.6877836,,27,,,cabinet_only,동락전승지,충청북도_충주시_가로등분전함정보_20260630.csv
CJ-CAB-c436f00e65,chungju,487,동량-08,36.99877621,128.0030488,,7,,,cabinet_only,IBK기업은행 연수원 입구,충청북도_충주시_가로등분전함정보_20260630.csv
CJ-CAB-1f1624b3f7,chungju,488,금릉-13,36.98965935,127.9219988,,35,,,cabinet_only,칠금-금제간 도시계획도로,충청북도_충주시_가로등분전함정보_20260630.csv
CJ-CAB-38996c4fe3,chungju,489,금릉-14,36.98966833,127.9217124,,18,,,cabinet_only,칠금-금제간 도시계획도로,충청북도_충주시_가로등분전함정보_20260630.csv
CJ-CAB-702ba00546,chungju,490,대소원-64,36.97998904,127.8190578,,9,,,cabinet_only,대소교-메가폴리스(메가폴리스방향),충청북도_충주시_가로등분전함정보_20260630.csv
CJ-CAB-e5084ff056,chungju,491,대소원-65,36.98002461,127.8187999,,9,,,cabinet_only,대소교-메가폴리스(대소교방향),충청북도_충주시_가로등분전함정보_20260630.csv
CJ-CAB-d45be00a5a,chungju,492,메가-01,36.99710306,127.812077,,33,,,cabinet_only,메가폴리스 LP-01,충청북도_충주시_가로등분전함정보_20260630.csv
CJ-CAB-c5bdb75e10,chungju,493,메가-02,36.99889904,127.8136296,,20,,,cabinet_only,메가폴리스 LP-02,충청북도_충주시_가로등분전함정보_20260630.csv
CJ-CAB-247239fce0,chungju,494,메가-03,36.99607226,127.8116139,,29,,,cabinet_only,메가폴리스 LP-03,충청북도_충주시_가로등분전함정보_20260630.csv
CJ-CAB-fb6601c553,chungju,495,메가-04,36.9964822,127.816547,,26,,,cabinet_only,메가폴리스 LP-04,충청북도_충주시_가로등분전함정보_20260630.csv
CJ-CAB-39a69f192b,chungju,496,메가-05,36.99628269,127.8164045,,26,,,cabinet_only,메가폴리스 LP-05,충청북도_충주시_가로등분전함정보_20260630.csv
CJ-CAB-dbeccbb1bd,chungju,497,메가-06,36.99228461,127.8140562,,12,,,cabinet_only,메가폴리스 LP-06,충청북도_충주시_가로등분전함정보_20260630.csv
CJ-CAB-fe9dacfeaf,chungju,498,메가-07,36.99237089,127.8132989,,25,,,cabinet_only,메가폴리스 LP-07,충청북도_충주시_가로등분전함정보_20260630.csv
CJ-CAB-94dcb5f204,chungju,499,메가-08,36.99497994,127.8197774,,22,,,cabinet_only,메가폴리스 LP-08,충청북도_충주시_가로등분전함정보_20260630.csv
CJ-CAB-6a0c6f9982,chungju,500,메가-09,36.9928976,127.8182751,,51,,,cabinet_only,메가폴리스 LP-09,충청북도_충주시_가로등분전함정보_20260630.csv
CJ-CAB-160ae8f9d7,chungju,501,메가-10,36.99289343,127.8185531,,44,,,cabinet_only,메가폴리스 LP-10,충청북도_충주시_가로등분전함정보_20260630.csv
CJ-CAB-01dc019252,chungju,502,메가-11,36.98871197,127.8153604,,52,,,cabinet_only,메가폴리스 LP-11,충청북도_충주시_가로등분전함정보_20260630.csv
CJ-CAB-6b27eb0635,chungju,503,메가-12,36.98859786,127.8155754,,22,,,cabinet_only,메가폴리스 LP-12,충청북도_충주시_가로등분전함정보_20260630.csv
CJ-CAB-ac0e3968d4,chungju,504,메가-13,36.98461319,127.816847,,56,,,cabinet_only,메가폴리스 LP-13,충청북도_충주시_가로등분전함정보_20260630.csv
CJ-CAB-3a7272fab7,chungju,505,메가-14,36.98430826,127.8169673,,54,,,cabinet_only,메가폴리스 LP-14,충청북도_충주시_가로등분전함정보_20260630.csv
CJ-CAB-f0e8a6fb5e,chungju,506,메가-15,36.98485253,127.8216624,,32,,,cabinet_only,메가폴리스 LP-15,충청북도_충주시_가로등분전함정보_20260630.csv
CJ-CAB-7e47e5d946,chungju,507,메가-16,36.98479917,127.8218865,,16,,,cabinet_only,메가폴리스 LP-16,충청북도_충주시_가로등분전함정보_20260630.csv
CJ-CAB-4f11636bfb,chungju,508,교현1-19,36.97939093,127.9433345,,8,,,cabinet_only,충주 엘리시아아파트 옆 도로,충청북도_충주시_가로등분전함정보_20260630.csv
CJ-CAB-60b97fa101,chungju,509,메가-18,36.99786281,127.8172386,,14,,,cabinet_only,메가폴리스 LP-18,충청북도_충주시_가로등분전함정보_20260630.csv
CJ-CAB-1690503a61,chungju,510,메가-19,36.99545517,127.8129104,,10,,,cabinet_only,메가폴리스 LP-19,충청북도_충주시_가로등분전함정보_20260630.csv
CJ-CAB-1ac3f888f3,chungju,511,메가-20,36.99410188,127.8157858,,17,,,cabinet_only,메가폴리스 LP-20,충청북도_충주시_가로등분전함정보_20260630.csv
CJ-CAB-c3f34b4eed,chungju,512,메가-21,36.99383918,127.815988,,19,,,cabinet_only,메가폴리스 LP-21,충청북도_충주시_가로등분전함정보_20260630.csv
CJ-CAB-7489a3d3ee,chungju,513,메가-22,36.99374115,127.8168126,,11,,,cabinet_only,메가폴리스 LP-22,충청북도_충주시_가로등분전함정보_20260630.csv
CJ-CAB-b74693171e,chungju,514,메가-23,36.99177014,127.8158227,,27,,,cabinet_only,메가폴리스 LP-23,충청북도_충주시_가로등분전함정보_20260630.csv
CJ-CAB-1dbe067c1a,chungju,515,메가-24,36.99487689,127.8200207,,28,,,cabinet_only,메가폴리스 LP-24,충청북도_충주시_가로등분전함정보_20260630.csv
CJ-CAB-f958d10eec,chungju,516,메가-25,36.99371769,127.8250912,,19,,,cabinet_only,메가폴리스 LP-25,충청북도_충주시_가로등분전함정보_20260630.csv
CJ-CAB-f161bf5eac,chungju,517,메가-26,36.98605599,127.8196283,,17,,,cabinet_only,메가폴리스 LP-26,충청북도_충주시_가로등분전함정보_20260630.csv
CJ-CAB-b4f242c2fd,chungju,518,메가-27,36.98621109,127.8200034,,16,,,cabinet_only,메가폴리스 LP-27,충청북도_충주시_가로등분전함정보_20260630.csv
CJ-CAB-1df207734a,chungju,519,메가-28(공원),36.99475603,127.8195813,,15,,,cabinet_only,메가폴리스 LP-G2,충청북도_충주시_가로등분전함정보_20260630.csv
CJ-CAB-b1f5084ab2,chungju,520,메가-29(공원),36.99317339,127.8174805,,9,,,cabinet_only,메가폴리스 LP-G3,충청북도_충주시_가로등분전함정보_20260630.csv
CJ-CAB-23139a5f0b,chungju,521,메가-30(공원),36.9923001,127.8170471,,10,,,cabinet_only,메가폴리스 LP-G4,충청북도_충주시_가로등분전함정보_20260630.csv
CJ-CAB-e90b0afc35,chungju,522,메가-31(공원),36.99107214,127.8167588,,28,,,cabinet_only,메가폴리스 LP-G5,충청북도_충주시_가로등분전함정보_20260630.csv
CJ-CAB-939ef8997d,chungju,523,메가-32(공원),36.99280031,127.8245225,,22,,,cabinet_only,메가폴리스 LP-G6,충청북도_충주시_가로등분전함정보_20260630.csv
CJ-CAB-91e032edb8,chungju,524,메가-33(공원),36.98740327,127.8209036,,14,,,cabinet_only,메가폴리스 LP-G7,충청북도_충주시_가로등분전함정보_20260630.csv
CJ-CAB-0f8a9857c0,chungju,525,메가-34(공원),36.98588527,127.8133365,,20,,,cabinet_only,메가폴리스 LP-G8,충청북도_충주시_가로등분전함정보_20260630.csv
CJ-CAB-015a66b0b4,chungju,526,메가-35(공원),36.99541318,127.812792,,8,,,cabinet_only,메가폴리스 LP-G9,충청북도_충주시_가로등분전함정보_20260630.csv
CJ-CAB-f8e99feef9,chungju,527,메가-36(공원),36.9890976,127.8156256,,10,,,cabinet_only,메가폴리스 LP-G10,충청북도_충주시_가로등분전함정보_20260630.csv
CJ-CAB-835509ba5d,chungju,528,앙성-06,37.10997295,127.7537491,,4,,,cabinet_only,삼신빌라앞,충청북도_충주시_가로등분전함정보_20260630.csv
CJ-CAB-0e2184ded9,chungju,529,앙성-07,37.10814439,127.7529512,,23,,,cabinet_only,앙성면사무소(하나로마트앞),충청북도_충주시_가로등분전함정보_20260630.csv
CJ-CAB-1315f657ee,chungju,530,앙성-08,37.10809994,127.7523243,,19,,,cabinet_only,앙성면사무소 맞은편(중원주유소앞),충청북도_충주시_가로등분전함정보_20260630.csv
CJ-CAB-f51d619d25,chungju,531,앙성-09,37.10648983,127.7589599,,19,,,cabinet_only,한양아파트 앞,충청북도_충주시_가로등분전함정보_20260630.csv
CJ-CAB-31d871a053,chungju,532,앙성-10,37.10666612,127.7590446,,19,,,cabinet_only,앙성 신내마을 입구(앙성초 맞은편),충청북도_충주시_가로등분전함정보_20260630.csv
CJ-CAB-c4c3669850,chungju,533,앙성-11,37.1052932,127.7563942,,15,,,cabinet_only,용포아파트 앞,충청북도_충주시_가로등분전함정보_20260630.csv
CJ-CAB-822bfdaff4,chungju,534,달천-19,36.95762401,127.9083439,,20,,,cabinet_only,동부외곽(예성운전학원~충원대로)충원대로방향,충청북도_충주시_가로등분전함정보_20260630.csv
CJ-CAB-566f70d6fc,chungju,535,달천-20,36.95736274,127.9083379,,18,,,cabinet_only,동부외곽(예성운전학원~충원대로)운전학원방향,충청북도_충주시_가로등분전함정보_20260630.csv
CJ-CAB-c6ac1edc11,chungju,536,메가-17,36.99801588,127.8172543,,14,,,cabinet_only,충주메가폴리스 LP-17,충청북도_충주시_가로등분전함정보_20260630.csv
CJ-CAB-9948cb4ad3,chungju,537,대소원-66,36.97742648,127.8183771,,10,,,cabinet_only,대소원면사무소 앞,충청북도_충주시_가로등분전함정보_20260630.csv
CJ-CAB-b7f4802c48,chungju,538,대소원-67,36.97655932,127.8149752,,18,,,cabinet_only,대소리2구 마을회관 앞 버스정류소옆,충청북도_충주시_가로등분전함정보_20260630.csv
CJ-CAB-7122843f2e,chungju,539,주덕-20,36.97471561,127.7931769,,10,,,cabinet_only,주덕 원솔원룸 옆(주덕-신양1리),충청북도_충주시_가로등분전함정보_20260630.csv
CJ-CAB-9805c0d525,chungju,540,달천-21,36.95589566,127.9160423,,18,,,cabinet_only,충주종합운동장 입구 건너편,충청북도_충주시_가로등분전함정보_20260630.csv
CJ-CAB-074b610706,chungju,541,달천-22,36.95609413,127.9163029,,18,,,cabinet_only,충주 종합운동장 입구 옆,충청북도_충주시_가로등분전함정보_20260630.csv
CJ-CAB-6b4075ae9c,chungju,542,메가-37,36.97450731,127.8053794,,8,,,cabinet_only,메가폴리스진입도로(신양교차로아래),충청북도_충주시_가로등분전함정보_20260630.csv
CJ-CAB-7a75e71a2d,chungju,543,메가-38,36.97880645,127.8075417,,33,,,cabinet_only,메가폴리스 진입도로 신양교지나 우측(메가방향),충청북도_충주시_가로등분전함정보_20260630.csv
CJ-CAB-1e9d89eb82,chungju,544,메가-39,36.97860829,127.8078625,,27,,,cabinet_only,메가폴리스진입도로 신양교지나 좌측(주덕방향),충청북도_충주시_가로등분전함정보_20260630.csv
CJ-CAB-dde78a5fbf,chungju,545,메가-40,36.9850018,127.8054703,,10,,,cabinet_only,메가폴리스진입도로 영평교차로 주덕방향,충청북도_충주시_가로등분전함정보_20260630.csv
CJ-CAB-d0bfb2f0f7,chungju,546,메가-41,36.98519246,127.8059216,,10,,,cabinet_only,메가폴리스진입도로 영평교차로(영평2구마을회관 방향),충청북도_충주시_가로등분전함정보_20260630.csv
CJ-CAB-2c69f3faa8,chungju,547,메가-42,36.98940693,127.8066204,,29,,,cabinet_only,메가폴리스 진입도로(영평교차로에서 메가방향 좌측),충청북도_충주시_가로등분전함정보_20260630.csv
CJ-CAB-bee1c73f5d,chungju,548,메가-43,36.98935104,127.8068894,,29,,,cabinet_only,메가폴리스 진입도로(영평교차로에서 메가방향 우측),충청북도_충주시_가로등분전함정보_20260630.csv
CJ-CAB-da6379a0e3,chungju,549,경관조명-01,36.97574772,127.8071557,,3,,,cabinet_only,메가폴리스진입도로 경관(조형물분전함),충청북도_충주시_가로등분전함정보_20260630.csv
CJ-CAB-52fb56df28,chungju,550,경관조명-02,36.97608189,127.8073726,,1,,,cabinet_only,메가폴리스진입도로 경관(신양교경관 주덕방향),충청북도_충주시_가로등분전함정보_20260630.csv
CJ-CAB-f2b7882653,chungju,551,경관조명-03,36.9785452,127.8078647,,1,,,cabinet_only,메가폴리스진입도로 경관(신양교경관 메가방향),충청북도_충주시_가로등분전함정보_20260630.csv
CJ-CAB-1c3107ee67,chungju,552,경관조명-04,36.9854455,127.805812,,1,,,cabinet_only,메가폴리스진입도로 경관(영평교경관),충청북도_충주시_가로등분전함정보_20260630.csv
CJ-CAB-cb2517dd6f,chungju,553,대소원-71,36.96514828,127.8515977,,6,,,cabinet_only,중원대로 에스와이 유공압ENG앞,충청북도_충주시_가로등분전함정보_20260630.csv
CJ-CAB-ef65bf18e7,chungju,554,대소원-72,36.96537178,127.8422127,,21,,,cabinet_only,중원대로 성마루 입구,충청북도_충주시_가로등분전함정보_20260630.csv
CJ-CAB-56e0900aa6,chungju,555,대소원-73,36.96470148,127.8534315,,23,,,cabinet_only,중원대로 농협 청과물 종합유통시설 건너편,충청북도_충주시_가로등분전함정보_20260630.csv
CJ-CAB-1587acfc4a,chungju,556,용산-18,36.95890364,127.9421498,,11,,,cabinet_only,충주 푸르지오 3차 입구,충청북도_충주시_가로등분전함정보_20260630.csv
CJ-CAB-c173920cef,chungju,557,교현1-10,36.98130653,127.9595285,,16,,,cabinet_only,계명힐스타운,충청북도_충주시_가로등분전함정보_20260630.csv
CJ-CAB-fb0f884eb4,chungju,558,안림-10,36.9735546,127.9759114,,20,,,cabinet_only,충주의료원-마즈막재(듀레베이커리앤카페앞),충청북도_충주시_가로등분전함정보_20260630.csv
CJ-CAB-d1e5bece9f,chungju,559,안림-11,36.97380272,127.9755973,,20,,,cabinet_only,충주의료원-마즈막재(듀레베이커리앤카페건너편),충청북도_충주시_가로등분전함정보_20260630.csv
CJ-CAB-feb0c87f15,chungju,560,용탄-20(공원),37.00752029,127.9497238,,24,,,cabinet_only,제5일반산업단지 LP-G(공원),충청북도_충주시_가로등분전함정보_20260630.csv
CJ-CAB-d057a5a4ab,chungju,561,용탄-13,37.00898728,127.9488123,,15,,,cabinet_only,제5일반산업단지 LP-01,충청북도_충주시_가로등분전함정보_20260630.csv
CJ-CAB-5d2898e26c,chungju,562,용탄-14,37.00792587,127.9530825,,9,,,cabinet_only,제5일반산업단지 LP-02,충청북도_충주시_가로등분전함정보_20260630.csv
CJ-CAB-8db2f74c1f,chungju,563,용탄-15,37.00897875,127.9543709,,16,,,cabinet_only,제5일반산업단지 LP-03,충청북도_충주시_가로등분전함정보_20260630.csv
CJ-CAB-9e772752e3,chungju,564,용탄-16,37.00884689,127.9548018,,13,,,cabinet_only,제5일반산업단지 LP-04,충청북도_충주시_가로등분전함정보_20260630.csv
CJ-CAB-aff66a3a14,chungju,565,용탄-17,37.01065108,127.9553805,,13,,,cabinet_only,제5일반산업단지 LP-05,충청북도_충주시_가로등분전함정보_20260630.csv
CJ-CAB-dec2746973,chungju,566,용탄-18,37.0086602,127.9505581,,5,,,cabinet_only,제5일반산업단지 LP-06,충청북도_충주시_가로등분전함정보_20260630.csv
CJ-CAB-d9c165ddd5,chungju,567,용탄-19,37.00875447,127.949756,,23,,,cabinet_only,제5일반산업단지 LP-07,충청북도_충주시_가로등분전함정보_20260630.csv
CJ-CAB-4232fbaa73,chungju,568,수안보-31,36.84661658,127.9895559,,12,,,cabinet_only,수안보온천랜드앞(수안보파크로드),충청북도_충주시_가로등분전함정보_20260630.csv
CJ-CAB-685f359c54,chungju,569,대소원-68,36.96504169,127.8714101,,19,,,cabinet_only,교통대앞 CU편의점 옆,충청북도_충주시_가로등분전함정보_20260630.csv
CJ-CAB-c51c87dd35,chungju,570,봉방-13-1,36.97579363,127.910424,,15,,,cabinet_only,봉방동 169번지,충청북도_충주시_가로등분전함정보_20260630.csv
CJ-CAB-4d12d03f3a,chungju,571,칠금-17-1,36.98202897,127.9188966,,26,,,cabinet_only,칠금동 1009번지,충청북도_충주시_가로등분전함정보_20260630.csv
CJ-CAB-5f4c650b2d,chungju,572,연수-41,36.9898342,127.9310543,,27,,,cabinet_only,충주 센트럴푸르지오 아파트 옆,충청북도_충주시_가로등분전함정보_20260630.csv
CJ-CAB-92f2402397,chungju,573,교현2-15(공원),36.97807065,127.9333902,,15,,,cabinet_only,예성초등학교 후문,충청북도_충주시_가로등분전함정보_20260630.csv
CJ-CAB-785b6ec700,chungju,574,목행-25,37.0090611,127.9153205,,7,,,cabinet_only,목행동 영무예다음 아파므 103동 앞,충청북도_충주시_가로등분전함정보_20260630.csv
CJ-CAB-eb3dbeeb90,chungju,575,목행-26,37.0098911,127.9169371,,5,,,cabinet_only,목행동 영무예다음 아파트 106동 앞,충청북도_충주시_가로등분전함정보_20260630.csv
CJ-CAB-bbffa39813,chungju,576,대소원-74,36.96381271,127.8764827,,11,,,cabinet_only,용두동 솔로몬하우스 맞은편,충청북도_충주시_가로등분전함정보_20260630.csv
CJ-CAB-20a284aa36,chungju,577,연수-42,36.98365972,127.928758,,0,,,cabinet_only,연원5길 5-1,충청북도_충주시_가로등분전함정보_20260630.csv
CJ-CAB-8a3955fd00,chungju,578,교현2-16(공원),36.97920287,127.9314919,,10,,,cabinet_only,교현근린공원,충청북도_충주시_가로등분전함정보_20260630.csv
CJ-CAB-cfee532403,chungju,579,기업공원-09(공원),37.00677842,127.8143399,,30,,,cabinet_only,서충주생활체육공원,충청북도_충주시_가로등분전함정보_20260630.csv
CJ-CAB-9c196abc6e,chungju,580,대소원-75,36.9645276,127.8578664,,7,,,cabinet_only,"충주IC~시내구간(2구간),충주산업 입구 건너편편",충청북도_충주시_가로등분전함정보_20260630.csv
CJ-CAB-e5cb8114f4,chungju,581,대소원-76,36.96351487,127.8658036,,20,,,cabinet_only,충주IC~시내구간(2구간),충청북도_충주시_가로등분전함정보_20260630.csv
CJ-CAB-4776801deb,chungju,582,기업공원-10(공원),37.01050052,127.8233738,,11,,,cabinet_only,서청주 중앙공원,충청북도_충주시_가로등분전함정보_20260630.csv
CJ-CAB-cbfeb0e7fd,chungju,583,호암-29,36.95480516,127.9201497,,12,,,cabinet_only,종합운동장 입구 지산조경 앞,충청북도_충주시_가로등분전함정보_20260630.csv
CJ-CAB-e1f446daa3,chungju,584,기업-19,37.01215566,127.8302428,,19,,,cabinet_only,중앙탑면 용전리 699번지,충청북도_충주시_가로등분전함정보_20260630.csv
CJ-CAB-3ac8b6cce4,chungju,585,기업-65,37.01638146,127.8334771,,10,,,cabinet_only,중앙탑면 용전리 732-1,충청북도_충주시_가로등분전함정보_20260630.csv
CJ-CAB-2c67393328,chungju,586,호암-42,36.95268531,127.924514,,20,,,cabinet_only,호암택지 개발지구 LP-1,충청북도_충주시_가로등분전함정보_20260630.csv
CJ-CAB-59a4c4e1e3,chungju,587,호암-43,36.95295237,127.9246435,,28,,,cabinet_only,호암택지 개발지구 LP-2,충청북도_충주시_가로등분전함정보_20260630.csv
CJ-CAB-f1f4a3fe82,chungju,588,호암-44,36.95252947,127.9346376,,22,,,cabinet_only,호암택지 개발지구 LP-3,충청북도_충주시_가로등분전함정보_20260630.csv
CJ-CAB-1309fe6e1a,chungju,589,호암-45,36.95279538,127.9346254,,30,,,cabinet_only,호암택지 개발지구 LP-4,충청북도_충주시_가로등분전함정보_20260630.csv
CJ-CAB-42d878a68c,chungju,590,호암-46,36.95277223,127.9252125,,20,,,cabinet_only,호암택지 개발지구 LP-5,충청북도_충주시_가로등분전함정보_20260630.csv
CJ-CAB-a0dc596877,chungju,591,호암-47,36.95669081,127.9253428,,15,,,cabinet_only,호암택지 개발지구 LP-6,충청북도_충주시_가로등분전함정보_20260630.csv
CJ-CAB-9f6fc4bde0,chungju,592,호암-48,36.95625328,127.9265641,,12,,,cabinet_only,호암택지 개발지구 LP-7,충청북도_충주시_가로등분전함정보_20260630.csv
CJ-CAB-6949d01750,chungju,593,호암-49,36.95599751,127.926721,,9,,,cabinet_only,호암택지 개발지구 LP-8,충청북도_충주시_가로등분전함정보_20260630.csv
CJ-CAB-4832c4e5da,chungju,594,호암-50,36.95715935,127.9238972,,32,,,cabinet_only,호암택지 개발지구 LP-9,충청북도_충주시_가로등분전함정보_20260630.csv
CJ-CAB-ce9bc7112d,chungju,595,호암-51,36.95623737,127.9219521,,25,,,cabinet_only,호암택지 개발지구 LP-10,충청북도_충주시_가로등분전함정보_20260630.csv
CJ-CAB-0801ce8e41,chungju,596,호암-52,36.95258946,127.92929,,40,,,cabinet_only,호암택지 개발지구 LP-11,충청북도_충주시_가로등분전함정보_20260630.csv
CJ-CAB-09bad323e9,chungju,597,호암-53,36.95401908,127.9337,,39,,,cabinet_only,호암택지 개발지구 LP-12,충청북도_충주시_가로등분전함정보_20260630.csv
CJ-CAB-ca2e151837,chungju,598,호암-54,36.9541107,127.9340801,,7,,,cabinet_only,호암택지 개발지구 LP-13,충청북도_충주시_가로등분전함정보_20260630.csv
CJ-CAB-51e41d8726,chungju,599,호암-55,36.95566119,127.9339952,,15,,,cabinet_only,호암택지 개발지구 LP-14,충청북도_충주시_가로등분전함정보_20260630.csv
CJ-CAB-ba3e0a6f38,chungju,600,호암-56,36.95560053,127.9345474,,15,,,cabinet_only,호암택지 개발지구 LP-15,충청북도_충주시_가로등분전함정보_20260630.csv
CJ-CAB-c7b4d7f80c,chungju,601,호암공원-29(공원),36.95701672,127.9227573,,29,,,cabinet_only,호암택지 제1호 근린공원,충청북도_충주시_가로등분전함정보_20260630.csv
CJ-CAB-28a3e49a4d,chungju,602,호암공원-30(공원),36.95466592,127.9206757,,29,,,cabinet_only,호암택지 제2호 근린공원,충청북도_충주시_가로등분전함정보_20260630.csv
CJ-CAB-a1aff86be7,chungju,603,호암공원-31(공원),36.95382412,127.9285429,,18,,,cabinet_only,호암택지 제3호 근린공원,충청북도_충주시_가로등분전함정보_20260630.csv
CJ-CAB-ff87181eb3,chungju,604,호암공원-32(공원),36.95407323,127.9339758,,16,,,cabinet_only,호암택지 제4호 근린공원,충청북도_충주시_가로등분전함정보_20260630.csv
CJ-CAB-54eb6c5e77,chungju,605,호암공원-33(공원),36.95301951,127.9379121,,35,,,cabinet_only,호암택지 제4호 근린공원 및 수변공원,충청북도_충주시_가로등분전함정보_20260630.csv
CJ-CAB-7f94395c62,chungju,606,호암공원-34(공원),36.9573881,127.934391,,19,,,cabinet_only,호암택지 수변공원,충청북도_충주시_가로등분전함정보_20260630.csv
CJ-CAB-178530b494,chungju,607,호암공원-35(공원),36.95679292,127.9361689,,15,,,cabinet_only,호암택지 수변공원2,충청북도_충주시_가로등분전함정보_20260630.csv
CJ-CAB-54f766fdea,chungju,608,호암공원-36(공원),36.95321304,127.9316412,,6,,,cabinet_only,호암택지 제1호 어린이공원,충청북도_충주시_가로등분전함정보_20260630.csv
CJ-CAB-0f4ef3666b,chungju,609,호암공원-37(공원),36.95716098,127.9314732,,8,,,cabinet_only,호암택지 제2호 어린이공원,충청북도_충주시_가로등분전함정보_20260630.csv
CJ-CAB-6d94462b93,chungju,610,호암공원-38(공원),36.95347451,127.9357746,,9,,,cabinet_only,호암택지 제3호 어린이공원,충청북도_충주시_가로등분전함정보_20260630.csv
CJ-CAB-54cb443a2b,chungju,611,호암공원-39(공원),36.95538174,127.9282657,,9,,,cabinet_only,호암택지 제4호 어린이공원,충청북도_충주시_가로등분전함정보_20260630.csv
CJ-CAB-583bc2c831,chungju,612,호암공원-40(공원),36.95462684,127.9251241,,9,,,cabinet_only,호암택지 연결녹지1,충청북도_충주시_가로등분전함정보_20260630.csv
CJ-CAB-d4c63f8118,chungju,613,호암공원-41(공원),36.9545295,127.9257629,,7,,,cabinet_only,호암택지 연결녹지2,충청북도_충주시_가로등분전함정보_20260630.csv
CJ-CAB-6592336615,chungju,614,수안보-14,36.8785478,127.9714343,,0,,,cabinet_only,수안보면 수회리 558-1,충청북도_충주시_가로등분전함정보_20260630.csv
CJ-CAB-70c3a9cb83,chungju,615,앙성-13,37.09972923,127.7703916,,0,,,cabinet_only,통로암거,충청북도_충주시_가로등분전함정보_20260630.csv
CJ-CAB-1c00d39e36,chungju,616,기업-66,37.01625289,127.833501,,44,,,cabinet_only,중앙탑면 용전리 732-1,충청북도_충주시_가로등분전함정보_20260630.csv
CJ-CAB-3c5e56bd89,chungju,617,칠금-24,36.98689997,127.9111938,,24,,,cabinet_only,금릉사거리~무술공원간 시청방향,충청북도_충주시_가로등분전함정보_20260630.csv
CJ-CAB-aaf2ef94f5,chungju,618,칠금-24-1,36.98708252,127.911182,,25,,,cabinet_only,금릉사거리~무술공원간 무술공원방향,충청북도_충주시_가로등분전함정보_20260630.csv
CJ-CAB-62df0e2885,chungju,619,엄정-11,37.0847243,127.9129399,,7,,,cabinet_only,엄정교 앞,충청북도_충주시_가로등분전함정보_20260630.csv
CJ-CAB-dc21ff8188,chungju,620,노은공원-01(공원),37.04732821,127.7578842,,5,,,cabinet_only,연하공원(연하1리다기능회관앞),충청북도_충주시_가로등분전함정보_20260630.csv
CJ-CAB-8356e8e7a0,chungju,621,칠금-30,36.98857066,127.908942,,23,,,cabinet_only,충주세계무술박물관 뒤(칠금신촌~칠지마을),충청북도_충주시_가로등분전함정보_20260630.csv
CJ-CAB-d463abdcfd,chungju,622,칠금-31,36.98853239,127.9092336,,20,,,cabinet_only,충주세계무술박물관 건너편(칠금신촌~칠지마을),충청북도_충주시_가로등분전함정보_20260630.csv
CJ-CAB-c832a79942,chungju,623,중앙탑-02,37.02211758,127.8492328,,6,,,cabinet_only,서충주신도시 시외버스 정류소,충청북도_충주시_가로등분전함정보_20260630.csv
CJ-CAB-18c30ca361,chungju,624,호암-05,36.96306737,127.9251378,,15,,,cabinet_only,호암예술관앞 주차장,충청북도_충주시_가로등분전함정보_20260630.csv
CJ-CAB-dde197b629,chungju,625,칠금-32(공원),36.98623238,127.9235404,,9,,,cabinet_only,칠금2호 어린이공원,충청북도_충주시_가로등분전함정보_20260630.csv
CJ-CAB-fbd6930df8,chungju,626,달천-23,36.96256,127.8771252,,15,,,cabinet_only,대한건재 철물 옆,충청북도_충주시_가로등분전함정보_20260630.csv
CJ-CAB-1ee66a0af7,chungju,627,목행-27,37.01740448,127.9203141,,20,,,cabinet_only,충북 충주시 목행동 736-4,충청북도_충주시_가로등분전함정보_20260630.csv
CJ-CAB-89d66a4834,chungju,628,앙성-14,37.09986151,127.8195395,,7,,,cabinet_only,앙성~소태간 세월교(복여울교 진입),충청북도_충주시_가로등분전함정보_20260630.csv
CJ-CAB-3c36163e96,chungju,629,연수-43(공원),36.98494082,127.9475097,,52,,,cabinet_only,연수자연마당,충청북도_충주시_가로등분전함정보_20260630.csv
CJ-CAB-9262ef6687,chungju,630,목행-28,37.02345523,127.9226065,,22,,,cabinet_only,충북 충주시 동량면 용교리 648-3,충청북도_충주시_가로등분전함정보_20260630.csv
CJ-CAB-6b61b78348,chungju,631,동량-11,37.02770409,127.9234193,,21,,,cabinet_only,동량면 거점소독소,충청북도_충주시_가로등분전함정보_20260630.csv
CJ-CAB-a08b3a3143,chungju,632,동량-16,37.02186909,127.9667835,,9,,,cabinet_only,동량대교 옆 필모텔 앞 삼거리,충청북도_충주시_가로등분전함정보_20260630.csv
CJ-CAB-5e8c11ed81,chungju,633,용탄-21,37.01900286,127.964266,,45,,,cabinet_only,용탄~동량간 동량대교(동량방향),충청북도_충주시_가로등분전함정보_20260630.csv
CJ-CAB-3d5ebdd8f5,chungju,634,용탄-22,37.01897381,127.9643759,,41,,,cabinet_only,용탄~동량간 동량대교(용탄방향),충청북도_충주시_가로등분전함정보_20260630.csv
CJ-CAB-d844b5b873,chungju,635,동량-10,37.0305968,127.9282827,,27,,,cabinet_only,대미초 도시계획도로(동량 공인중개사옆),충청북도_충주시_가로등분전함정보_20260630.csv
CJ-CAB-6616dfa741,chungju,636,호암공원-04(공원),36.96495141,127.9238735,,94,,,cabinet_only,호암동 590-1번지,충청북도_충주시_가로등분전함정보_20260630.csv
CJ-CAB-89501f85d7,chungju,637,동량-12,37.02267369,127.9211418,,21,,,cabinet_only,용대마을 자전거도로1,충청북도_충주시_가로등분전함정보_20260630.csv
CJ-CAB-2d68138749,chungju,638,동량-13,37.02322633,127.9414237,,13,,,cabinet_only,용대마을 자전거도로2,충청북도_충주시_가로등분전함정보_20260630.csv
CJ-CAB-897b7c0022,chungju,639,동량-14,37.02431203,127.9515987,,14,,,cabinet_only,용대마을 자전거도로3,충청북도_충주시_가로등분전함정보_20260630.csv
CJ-CAB-56f3a4f28d,chungju,640,동량-15,37.02563782,127.94326,,29,,,cabinet_only,용대마을 자전거도로4,충청북도_충주시_가로등분전함정보_20260630.csv
CJ-CAB-08de96705a,chungju,641,신니-08,36.99585976,127.7375093,,4,,,cabinet_only,신니우체국 옆,충청북도_충주시_가로등분전함정보_20260630.csv
CJ-CAB-6cee735f77,chungju,642,신니-11,36.99642095,127.7371019,,7,,,cabinet_only,덕성빌딩 앞,충청북도_충주시_가로등분전함정보_20260630.csv
CJ-CAB-9aabadfed0,chungju,643,신니-09,36.99732116,127.7368775,,5,,,cabinet_only,하나로마트 옆,충청북도_충주시_가로등분전함정보_20260630.csv
CJ-CAB-7ead8e071b,chungju,644,신니-10,36.99737796,127.7367994,,6,,,cabinet_only,주덕농협 앞,충청북도_충주시_가로등분전함정보_20260630.csv
CJ-CAB-e875b00f25,chungju,645,용산교,37.08499388,127.9147876,,3,,,cabinet_only,엄정면 용산교옆(내창장비석옆),충청북도_충주시_가로등분전함정보_20260630.csv
CJ-CAB-ae29214da6,chungju,646,주덕-21,36.97564601,127.8018874,,7,,,cabinet_only,주덕 신양교차로 진달래아파트 앞 큰길 횡단보도건너편,충청북도_충주시_가로등분전함정보_20260630.csv
CJ-CAB-4742273de1,chungju,647,주덕-22,36.97542985,127.8018739,,7,,,cabinet_only,주덕 신양교차로 진달래아파트 앞 큰길 횡단보도옆,충청북도_충주시_가로등분전함정보_20260630.csv
CJ-CAB-3757e18c43,chungju,648,동량대교경관,37.01903,127.9643906,,7,,,cabinet_only,용탄~동량간 동량대교경관(동량방향),충청북도_충주시_가로등분전함정보_20260630.csv
CJ-CAB-ac873c8b7e,chungju,649,남한강교경관01,37.00620091,127.915091,,2,,,cabinet_only,충주낚시 건너편 자전거도로 진입후 200m 앞철교기둥옆,충청북도_충주시_가로등분전함정보_20260630.csv
CJ-CAB-bc6bfc4b31,chungju,650,남한강교경관02,37.01835418,127.9125553,,2,,,cabinet_only,금가면 김생로 164 옆 철교 기둥옆,충청북도_충주시_가로등분전함정보_20260630.csv
CJ-CAB-e92747b128,chungju,651,앙성-26(용포교경관),37.10911227,127.7543087,,2,,,cabinet_only,앙성면 용포교 경관,충청북도_충주시_가로등분전함정보_20260630.csv
CJ-CAB-b0ceec354d,chungju,652,안림-12,36.97792564,127.9586549,,15,,,cabinet_only,약막삼거리-안심마을(약막삼거리방향),충청북도_충주시_가로등분전함정보_20260630.csv
CJ-CAB-396c7a457a,chungju,653,산척-10,37.07073205,128.0294692,,16,,,cabinet_only,산척면 명서교 경관조명,충청북도_충주시_가로등분전함정보_20260630.csv
CJ-CAB-82f79d5771,chungju,654,중앙탑-44,37.03952558,127.8461207,,0,,,cabinet_only,충주 고구려 천문과학관 입구,충청북도_충주시_가로등분전함정보_20260630.csv
CJ-CAB-cebeb2a005,chungju,655,노은-05,37.04182156,127.7876403,,17,,,cabinet_only,신효3교차로(노은방향),충청북도_충주시_가로등분전함정보_20260630.csv
CJ-CAB-03b8b5015a,chungju,656,노은-06,37.04157572,127.7876855,,18,,,cabinet_only,심효3교차로(북충주IC방향),충청북도_충주시_가로등분전함정보_20260630.csv
CJ-CAB-9b66b61552,chungju,657,노은-07,37.04219483,127.7783554,,4,,,cabinet_only,수지테크앞 교차로(노은방향),충청북도_충주시_가로등분전함정보_20260630.csv
CJ-CAB-f6ad24c799,chungju,658,노은-08,37.04202712,127.7781654,,4,,,cabinet_only,수지테크앞 교차로(북충주IC방향),충청북도_충주시_가로등분전함정보_20260630.csv
CJ-CAB-5f33d5898a,chungju,659,노은-09,37.04196947,127.7738934,,10,,,cabinet_only,신효1교차로(노은방향),충청북도_충주시_가로등분전함정보_20260630.csv
CJ-CAB-4d6885a7c2,chungju,660,노은-10,37.04180005,127.7743104,,13,,,cabinet_only,신효1교차로(북충주IC)방향,충청북도_충주시_가로등분전함정보_20260630.csv
CJ-CAB-79bc7a2d3d,chungju,661,노은-11,37.04464634,127.756666,,15,,,cabinet_only,연하2교차로(노은방향),충청북도_충주시_가로등분전함정보_20260630.csv
CJ-CAB-3f5b919fc0,chungju,662,노은-12,37.04439422,127.7566382,,11,,,cabinet_only,연하2교차로(북충주IC방향),충청북도_충주시_가로등분전함정보_20260630.csv
CJ-CAB-817589b1d0,chungju,663,노은-13,37.04657011,127.7527676,,7,,,cabinet_only,"연하1교차로(노은반점앞),회전교차로",충청북도_충주시_가로등분전함정보_20260630.csv
CJ-CAB-e21af723ba,chungju,664,노은-14,37.04625588,127.7522334,,11,,,cabinet_only,"연하1교차로(북충주IC방면),회전교차로",충청북도_충주시_가로등분전함정보_20260630.csv
CJ-CAB-3648de8a04,chungju,665,앙성-15,37.09581688,127.7898425,,19,,,cabinet_only,앙성역 입구,충청북도_충주시_가로등분전함정보_20260630.csv
CJ-CAB-223fc27e7a,chungju,666,안림-13,36.97784876,127.9595272,,18,,,cabinet_only,약막삼거리-안심마을(안심마을방향),충청북도_충주시_가로등분전함정보_20260630.csv
CJ-CAB-578d8056a4,chungju,667,주덕-23,36.97933949,127.7803849,,11,,,cabinet_only,주덕 신중교차로(회전교차로),충청북도_충주시_가로등분전함정보_20260630.csv
CJ-CAB-586138a3b4,chungju,668,수안보-33,36.84396202,127.9864134,,6,,,cabinet_only,수안보 제2공영주차장,충청북도_충주시_가로등분전함정보_20260630.csv
CJ-CAB-21167e94d8,chungju,669,안림-14(단),36.97743248,127.9600273,,0,,,cabinet_only,마즈막재~안심마을 구간 통로암거,충청북도_충주시_가로등분전함정보_20260630.csv
CJ-CAB-9bda3123e4,chungju,670,봉방-19(단),36.97811174,127.9098171,,0,,,cabinet_only,충주역 옆 하방마을 입구 통로암거,충청북도_충주시_가로등분전함정보_20260630.csv
CJ-CAB-35c58834d1,chungju,671,앙성-16(단),37.06928691,127.8527607,,0,,,cabinet_only,이천~충주간 철도 통로암거1,충청북도_충주시_가로등분전함정보_20260630.csv
CJ-CAB-fbf07b4c2a,chungju,672,앙성-17(단),37.0693566,127.8518395,,0,,,cabinet_only,이천~충주간 철도 통로암거2,충청북도_충주시_가로등분전함정보_20260630.csv
CJ-CAB-eed1282c33,chungju,673,앙성-18(단),37.06961216,127.848871,,0,,,cabinet_only,이천~충주간 철도 통로암거3,충청북도_충주시_가로등분전함정보_20260630.csv
CJ-CAB-4e95359f8f,chungju,674,앙성-19(단),37.070552,127.840895,,0,,,cabinet_only,이천~충주간 철도 통로암거4,충청북도_충주시_가로등분전함정보_20260630.csv
CJ-CAB-2e413b4c75,chungju,675,앙성-20(단),37.07055432,127.8370635,,0,,,cabinet_only,이천~충주간 철도 통로암거5,충청북도_충주시_가로등분전함정보_20260630.csv
CJ-CAB-6e94afbaca,chungju,676,앙성-21(단),37.08987732,127.7906006,,0,,,cabinet_only,이천~충주간 철도 통로암거6,충청북도_충주시_가로등분전함정보_20260630.csv
CJ-CAB-22e8455d48,chungju,677,앙성-22(단),37.09137015,127.78833,,0,,,cabinet_only,이천~충주간 철도 통로암거7,충청북도_충주시_가로등분전함정보_20260630.csv
CJ-CAB-db8037d74c,chungju,678,앙성-23(단),37.09245511,127.7865851,,0,,,cabinet_only,이천~충주간 철도 통로암거8,충청북도_충주시_가로등분전함정보_20260630.csv
CJ-CAB-ab21d61d5f,chungju,679,앙성-24(단),37.09333905,127.7849169,,0,,,cabinet_only,이천~충주간 철도 통로암거9,충청북도_충주시_가로등분전함정보_20260630.csv
CJ-CAB-bec62af4e7,chungju,680,앙성-25(단),37.09433851,127.7831486,,0,,,cabinet_only,이천~충주간 철도 통로암거10,충청북도_충주시_가로등분전함정보_20260630.csv
CJ-CAB-72277d45d1,chungju,681,금릉-15,36.9962647,127.9174096,,32,,,cabinet_only,삼성조경 건너편 교차로,충청북도_충주시_가로등분전함정보_20260630.csv
CJ-CAB-2591fd5ec6,chungju,682,목행-29,37.01138768,127.9152234,,26,,,cabinet_only,충주호 파크골프장크 옆 축구장 앞,충청북도_충주시_가로등분전함정보_20260630.csv
CJ-CAB-ce2dee55fc,chungju,683,달천-03-1,36.96093583,127.8934411,,2,,,cabinet_only,달천대교건너기전(주덕방향)달천3번분전함 옆,충청북도_충주시_가로등분전함정보_20260630.csv
CJ-CAB-08b04b9e58,chungju,684,수안보-34,36.84301584,127.9854693,,7,,,cabinet_only,수안보 제1공영주차장,충청북도_충주시_가로등분전함정보_20260630.csv
CJ-CAB-6ea06074c7,chungju,685,목행-30,37.01773819,127.9205625,,31,,,cabinet_only,충주호 파크골프장,충청북도_충주시_가로등분전함정보_20260630.csv
CJ-CAB-47cb54cb9b,chungju,686,앙성-27(용포1교경관),37.10930327,127.7561514,,10,,,cabinet_only,앙성면 용포1교(한도아파트앞),충청북도_충주시_가로등분전함정보_20260630.csv
CJ-CAB-e17dd821df,chungju,687,동량-17,37.02634282,127.9689867,,24,,,cabinet_only,동량교 조동천,충청북도_충주시_가로등분전함정보_20260630.csv
CJ-CAB-44cf145274,chungju,688,대소원-77,36.90003437,127.9218674,,7,,,cabinet_only,팔봉교옆(팔봉사거리),충청북도_충주시_가로등분전함정보_20260630.csv
CJ-CAB-aa212f6a08,chungju,689,안림-15,36.97298536,127.9540743,,59,,,cabinet_only,교현천산책로(큰맘할매순대국 앞),충청북도_충주시_가로등분전함정보_20260630.csv
CJ-CAB-ea32875540,chungju,690,살미-13,36.89809984,127.9245563,,5,,,cabinet_only,수주팔봉 출렁다리 앞(계단입구),충청북도_충주시_가로등분전함정보_20260630.csv
CJ-CAB-7ccfa9bf29,chungju,691,문화-11,36.97301112,127.9276579,,5,,,cabinet_only,부민삼거리,충청북도_충주시_가로등분전함정보_20260630.csv
CJ-CAB-b6e8408aa6,chungju,692,단월-32,36.94061478,127.9044403,,80,,,cabinet_only,달천강 제방도로,충청북도_충주시_가로등분전함정보_20260630.csv
CJ-CAB-4b4cdef06d,chungju,693,연수-45,36.9913592,127.9447432,,7,,,cabinet_only,연수동 금곡마을(금곡어린이집 옆),충청북도_충주시_가로등분전함정보_20260630.csv
CJ-CAB-c264b98888,chungju,694,중앙탑-45,37.06351682,127.8340727,,5,,,cabinet_only,중앙탑 가흥 교량재가설(내동대교 옆),충청북도_충주시_가로등분전함정보_20260630.csv
CJ-CAB-26c830937b,chungju,695,호암-18(단),36.94905519,127.9489286,,0,,,cabinet_only,범바위 약수터,충청북도_충주시_가로등분전함정보_20260630.csv
CJ-CAB-ece7a608f5,chungju,696,교현(어린)6(공원),36.98407496,127.9244767,,7,,,cabinet_only,교현2동복지회관옆공원,충청북도_충주시_가로등분전함정보_20260630.csv
CJ-CAB-178f28bf74,chungju,697,교통섬 경관조명1(공원),36.96637051,127.9067887,,1,,,cabinet_only,건국대사거리1,충청북도_충주시_가로등분전함정보_20260630.csv
CJ-CAB-5c1637dabb,chungju,698,교현1-21,36.979568,127.9360478,,12,,,cabinet_only,교현동 주거지 주차장(농협하나로마트 건너편),충청북도_충주시_가로등분전함정보_20260630.csv
CJ-CAB-2be9dc3753,chungju,699,연수-11(단),36.98738421,127.9378129,,0,,,cabinet_only,연수초교내,충청북도_충주시_가로등분전함정보_20260630.csv
CJ-CAB-b04f759ce1,chungju,700,성남-03,36.96531312,127.9337874,,6,,,cabinet_only,용산교옆 전주부착,충청북도_충주시_가로등분전함정보_20260630.csv
CJ-CAB-9ccc1cd891,chungju,701,대소원-78,36.96696165,127.8777372,,15,,,cabinet_only,대소원면 검단리 53-1,충청북도_충주시_가로등분전함정보_20260630.csv
CJ-CAB-1fe1881aad,chungju,702,봉방-20,36.97614351,127.9076823,,6,,,cabinet_only,봉방동 350-14,충청북도_충주시_가로등분전함정보_20260630.csv
CJ-CAB-611c67861f,chungju,703,살미-14,36.92511845,127.9364591,,14,,,cabinet_only,국도3호선(노루목다리지나 500m) 충주방향,충청북도_충주시_가로등분전함정보_20260630.csv
CJ-CAB-ed5cd25a3c,chungju,704,살미-15,36.92426862,127.936819,,3,,,cabinet_only,국도3호선(노루목다리지나 500m) 수안보방향,충청북도_충주시_가로등분전함정보_20260630.csv
CJ-CAB-d67fe44a86,chungju,705,산척-13,37.0779437,127.9386587,,29,,,cabinet_only,동충주산업단지진입도로,충청북도_충주시_가로등분전함정보_20260630.csv
CJ-CAB-4d64ab2ba2,chungju,706,산척-14,37.07783842,127.9388683,,31,,,cabinet_only,동충주산업단지진입도로,충청북도_충주시_가로등분전함정보_20260630.csv
CJ-CAB-9039f204e4,chungju,707,산척-12,37.07669608,127.933195,,8,,,cabinet_only,서곡교차로,충청북도_충주시_가로등분전함정보_20260630.csv
CJ-CAB-65b2ef6fe5,chungju,708,살미-16,36.90582477,127.9778025,,17,,,cabinet_only,유기농산업복합서비스지원단지 진입도로,충청북도_충주시_가로등분전함정보_20260630.csv
CJ-CAB-ad99d23660,chungju,709,연수-44,36.98561797,127.9525458,,50,,,cabinet_only,연수자연마당 산책로 조명등,충청북도_충주시_가로등분전함정보_20260630.csv
CJ-CAB-ed4edc9be6,chungju,710,목행-31,37.01745482,127.9245594,,13,,,cabinet_only,코스모신소재 옆 도로,충청북도_충주시_가로등분전함정보_20260630.csv
CJ-CAB-4ca1d10833,chungju,711,안림-18,36.97963936,127.9545265,,16,,,cabinet_only,안림 안심마을~안림택지 도로개설,충청북도_충주시_가로등분전함정보_20260630.csv
CJ-CAB-230b302fb1,chungju,712,안림-17,36.97970828,127.9549205,,16,,,cabinet_only,안림 안심마을~안림택지 도로(택지방향)개설,충청북도_충주시_가로등분전함정보_20260630.csv
CJ-CAB-96a3bda8fa,chungju,713,단월-33,36.93908895,127.9143986,,59,,,cabinet_only,단월강수욕장 제방도로,충청북도_충주시_가로등분전함정보_20260630.csv
CJ-CAB-7ced7e3142,chungju,714,산척-20,37.0847,127.9416858,,0,,,cabinet_only,동충주산업단지,충청북도_충주시_가로등분전함정보_20260630.csv
CJ-CAB-0daef5d304,chungju,715,산척-15,37.08449108,127.9418969,,16,,,cabinet_only,동충주산업단지,충청북도_충주시_가로등분전함정보_20260630.csv
CJ-CAB-f265accabd,chungju,716,산척-22,37.08283271,127.9388315,,22,,,cabinet_only,동충주산업단지,충청북도_충주시_가로등분전함정보_20260630.csv
CJ-CAB-66e749a4be,chungju,717,산척-23,37.08268913,127.9388993,,24,,,cabinet_only,동충주산업단지,충청북도_충주시_가로등분전함정보_20260630.csv
CJ-CAB-2bb27d3746,chungju,718,산척-24,37.08492911,127.9394956,,14,,,cabinet_only,동충주산업단지,충청북도_충주시_가로등분전함정보_20260630.csv
CJ-CAB-48e274b112,chungju,719,산척-21,37.08692425,127.9398632,,20,,,cabinet_only,동충주산업단지,충청북도_충주시_가로등분전함정보_20260630.csv
CJ-CAB-05e24f832d,chungju,720,산척-25,37.08411399,127.9445605,,0,,,cabinet_only,동충주산업단지,충청북도_충주시_가로등분전함정보_20260630.csv
CJ-CAB-9c45d6bd20,chungju,721,산척-29,37.08688775,127.9455874,,18,,,cabinet_only,동충주산업단지,충청북도_충주시_가로등분전함정보_20260630.csv
CJ-CAB-82be652ab8,chungju,722,산척-26,37.08163797,127.9454618,,23,,,cabinet_only,동충주산업단지,충청북도_충주시_가로등분전함정보_20260630.csv
CJ-CAB-939dcbe2c6,chungju,723,주덕-19(단),36.97577925,127.7951392,,0,,,cabinet_only,주덕읍 행정복지센터 뒤편,충청북도_충주시_가로등분전함정보_20260630.csv
CJ-CAB-4a0682963d,chungju,724,산척-17,37.08629836,127.9519655,,21,,,cabinet_only,동충주산업단지,충청북도_충주시_가로등분전함정보_20260630.csv
CJ-CAB-6c08dbf708,chungju,725,산척-18,37.0861803,127.9523604,,26,,,cabinet_only,동충주산업단지,충청북도_충주시_가로등분전함정보_20260630.csv
CJ-CAB-7ca673f349,chungju,726,산척-28,37.08446825,127.9501249,,27,,,cabinet_only,동충주산업단지,충청북도_충주시_가로등분전함정보_20260630.csv
CJ-CAB-6f6477fb3e,chungju,727,산척-30,37.08490988,127.9478572,,27,,,cabinet_only,동충주산업단지,충청북도_충주시_가로등분전함정보_20260630.csv
CJ-CAB-38ef8b2424,chungju,728,산척-31,37.0856266,127.9511839,,16,,,cabinet_only,동충주산업단지,충청북도_충주시_가로등분전함정보_20260630.csv
CJ-CAB-3f346b883b,chungju,729,산척-32,37.08410219,127.9513911,,23,,,cabinet_only,동충주산업단지,충청북도_충주시_가로등분전함정보_20260630.csv
CJ-CAB-4008a506c5,chungju,730,산척-16,37.08929152,127.9444251,,19,,,cabinet_only,동충주산업단지,충청북도_충주시_가로등분전함정보_20260630.csv
CJ-CAB-fdbf3ecc44,chungju,731,산척-19,37.08943335,127.9450005,,21,,,cabinet_only,동충주산업단지,충청북도_충주시_가로등분전함정보_20260630.csv
CJ-CAB-9171dd1cdd,chungju,732,산척-27,37.08086101,127.9521955,,31,,,cabinet_only,동충주산업단지,충청북도_충주시_가로등분전함정보_20260630.csv
CJ-CAB-e40f3bb7c7,chungju,733,산척-33,37.08053363,127.9506057,,62,,,cabinet_only,동충주산업단지,충청북도_충주시_가로등분전함정보_20260630.csv
CJ-CAB-cb179f8e2c,chungju,734,동충주산단공원3,37.08176042,127.9521182,,4,,,cabinet_only,동충주산단공원3,충청북도_충주시_가로등분전함정보_20260630.csv
CJ-CAB-7444a1cfd7,chungju,735,동충주산단공원4,37.0841277,127.9532626,,10,,,cabinet_only,동충주산단공원4,충청북도_충주시_가로등분전함정보_20260630.csv
CJ-CAB-d91867c654,chungju,736,동충주산단공원2,37.08136957,127.9494522,,32,,,cabinet_only,동충주산단공원2,충청북도_충주시_가로등분전함정보_20260630.csv
CJ-CAB-ac26ca1f30,chungju,737,동충주산단공원1,37.0849287,127.9384103,,17,,,cabinet_only,동충주산단공원1,충청북도_충주시_가로등분전함정보_20260630.csv
CJ-CAB-7837c54044,chungju,738,앙성-28,37.10004593,127.7729568,,8,,,cabinet_only,마련교차로 터널,충청북도_충주시_가로등분전함정보_20260630.csv
CJ-CAB-59673239ee,chungju,739,봉방-21,36.97898933,127.9081738,,27,,,cabinet_only,봉방동 하방천변길 제방도로,충청북도_충주시_가로등분전함정보_20260630.csv
CJ-CAB-d22f741942,chungju,740,봉방-22,36.98051882,127.901383,,85,,,cabinet_only,봉방동 하방천변길 제방도로,충청북도_충주시_가로등분전함정보_20260630.csv
CJ-CAB-1ef47c09ff,chungju,741,교통섬 경관조명2(공원),36.96593938,127.9067555,,2,,,cabinet_only,건국대사거리2,충청북도_충주시_가로등분전함정보_20260630.csv
CJ-CAB-119503bae6,chungju,742,교통섬 경관조명3(공원),36.97566311,127.9102596,,2,,,cabinet_only,충주역사거리1,충청북도_충주시_가로등분전함정보_20260630.csv
CJ-CAB-78b98201aa,chungju,743,교통섬 경관조명4(공원),36.97537715,127.9100962,,1,,,cabinet_only,충주역사거리2,충청북도_충주시_가로등분전함정보_20260630.csv
CJ-CAB-c812ada7c0,chungju,744,교통섬 경관조명5(공원),36.98087573,127.9128965,,2,,,cabinet_only,롯데마트사거리,충청북도_충주시_가로등분전함정보_20260630.csv
CJ-CAB-4c58e065b7,chungju,745,교통섬 경관조명6(공원),36.98706163,127.9285579,,4,,,cabinet_only,임광사거리,충청북도_충주시_가로등분전함정보_20260630.csv
CJ-CAB-93a12d5468,chungju,746,폐철도1(공원),36.98313393,127.9133447,,41,,,cabinet_only,미세먼지차단숲1,충청북도_충주시_가로등분전함정보_20260630.csv
CJ-CAB-4bd7079253,chungju,747,폐철도2(공원),36.98584598,127.9155533,,55,,,cabinet_only,미세먼지차단숲2,충청북도_충주시_가로등분전함정보_20260630.csv
CJ-CAB-cabbdb52a4,chungju,748,폐철도3(공원),36.98928477,127.9168469,,55,,,cabinet_only,미세먼지차단숲3,충청북도_충주시_가로등분전함정보_20260630.csv
CJ-CAB-2e031aa699,chungju,749,신립녹지1(공원),36.98185067,127.9215563,,20,,,cabinet_only,튼튼태권도옆 녹지,충청북도_충주시_가로등분전함정보_20260630.csv
CJ-CAB-7ef327628d,chungju,750,신립녹지2(공원),36.98071752,127.9215651,,22,,,cabinet_only,칠금동 952번지,충청북도_충주시_가로등분전함정보_20260630.csv
CJ-CAB-a9bd2fb6f1,chungju,751,신립녹지3(공원),36.98075114,127.9218772,,20,,,cabinet_only,칠금동 1091번지,충청북도_충주시_가로등분전함정보_20260630.csv
CJ-CAB-b72431b10a,chungju,752,신립녹지4(공원),36.98211351,127.9219386,,50,,,cabinet_only,칠금동 881번지,충청북도_충주시_가로등분전함정보_20260630.csv
CJ-CAB-7645a21f40,chungju,753,계명녹지1(공원),36.98256081,127.9214835,,28,,,cabinet_only,칠금동 879번지,충청북도_충주시_가로등분전함정보_20260630.csv
CJ-CAB-78a8fdfe23,chungju,754,계명녹지2(공원),36.98254716,127.9220814,,34,,,cabinet_only,칠금동 817번지,충청북도_충주시_가로등분전함정보_20260630.csv
CJ-CAB-9e28f79c91,chungju,755,금가공원1(공원),37.04290583,127.9253007,,11,,,cabinet_only,금가소공원,충청북도_충주시_가로등분전함정보_20260630.csv
CJ-CAB-0dea112901,chungju,756,주덕농공-1,36.96738578,127.7853357,,0,,,cabinet_only,주덕농공단지(그랜그래스 바이오앞),충청북도_충주시_가로등분전함정보_20260630.csv
CJ-CAB-6ddc70f53e,chungju,757,금가-24,37.03687741,127.8656664,,9,,,cabinet_only,전주형,충청북도_충주시_가로등분전함정보_20260630.csv
CJ-CAB-0e44b961c8,chungju,759,호암-57,36.9583788,127.9206081,,11,,,cabinet_only,표찰번호57-6 옆,충청북도_충주시_가로등분전함정보_20260630.csv
CJ-CAB-629943cfbb,chungju,760,수안보-15(단),36.87552867,127.9687436,,0,,,cabinet_only,윤통마을 진입로,충청북도_충주시_가로등분전함정보_20260630.csv
CJ-CAB-b5a95ffb73,chungju,761,엄정-12,37.09273648,127.9454604,,7,,,cabinet_only,엄정 탄방도로,충청북도_충주시_가로등분전함정보_20260630.csv
CJ-CAB-fb77e7343a,chungju,762,기업-47,37.00306383,127.8182675,,20,,,cabinet_only,포스코DX 옆 사거리,충청북도_충주시_가로등분전함정보_20260630.csv
CJ-CAB-261b138306,chungju,763,살미-17,36.93531052,127.9834238,,4,,,cabinet_only,살미면 재오개리 산83-13,충청북도_충주시_가로등분전함정보_20260630.csv
CJ-CAB-57c91c2e42,chungju,765,봉방-23,36.98160133,127.8967573,,15,,,cabinet_only,하방2교 난간,충청북도_충주시_가로등분전함정보_20260630.csv
CJ-CAB-98a45636bc,chungju,766,살미-18,36.9041579,127.9584422,,12,,,cabinet_only,살미역 입구,충청북도_충주시_가로등분전함정보_20260630.csv
CJ-CAB-ea97cf0850,chungju,767,호암-58,36.94769603,127.9386867,,10,,,cabinet_only,충주 미덕중학교 앞,충청북도_충주시_가로등분전함정보_20260630.csv
CJ-CAB-6d617500a2,chungju,768,칠금-33,36.98652239,127.9217313,,25,,,cabinet_only,GS25시 편의전 충주현대점,충청북도_충주시_가로등분전함정보_20260630.csv
CJ-CAB-181e6d9861,chungju,769,살미-19(단),36.90177024,127.9619073,,5,,,cabinet_only,이천-문경간 통로박스,충청북도_충주시_가로등분전함정보_20260630.csv
CJ-CAB-0dc2c6de1b,chungju,770,살미-20(단),36.90081037,127.964853,,12,,,cabinet_only,이천-문경간 통로박스,충청북도_충주시_가로등분전함정보_20260630.csv
CJ-CAB-af2db7c1ab,chungju,771,살미-21(단),36.89695837,127.9761552,,5,,,cabinet_only,이천-문경간 통로박스,충청북도_충주시_가로등분전함정보_20260630.csv
CJ-CAB-50107516f2,chungju,772,달천-24,36.96836727,127.9038618,,14,,,cabinet_only,이천-문경간 달천지하차도,충청북도_충주시_가로등분전함정보_20260630.csv
CJ-CAB-adc0ed8a64,chungju,773,수안보-35,36.84002637,128.004999,,16,,,cabinet_only,수안보 생활체육공원 입구,충청북도_충주시_가로등분전함정보_20260630.csv
CJ-CAB-d5c92ff622,chungju,774,봉방(어린)-6(공원),36.97466261,127.9163051,,4,,,cabinet_only,봉방6호 어린이공원,충청북도_충주시_가로등분전함정보_20260630.csv
CJ-CAB-bfba24db5c,chungju,775,봉방(어린)-7(공원),36.97821959,127.9152738,,4,,,cabinet_only,봉방7호 어린이공원,충청북도_충주시_가로등분전함정보_20260630.csv
CJ-CAB-d1ec368e19,chungju,776,목행(어린)-1(공원),37.01040557,127.91697,,10,,,cabinet_only,목행1호 어린이공원,충청북도_충주시_가로등분전함정보_20260630.csv
CJ-CAB-3e16c3937f,chungju,777,칠금-34(설치예정),36.99185196,127.9118342,,0,,,cabinet_only,능암늪지 진입도로,충청북도_충주시_가로등분전함정보_20260630.csv
CJ-CAB-af31453834,chungju,778,호암녹지1(공원),36.95771009,127.9286652,,29,,,cabinet_only,예성여자중학교 옆 녹지,충청북도_충주시_가로등분전함정보_20260630.csv
CJ-CAB-e57232e80f,chungju,800,봉방(어린)-2(공원),36.97373605,127.9125978,,6,,,cabinet_only,봉방2호 어린이공원,충청북도_충주시_가로등분전함정보_20260630.csv
CJ-CAB-95daa25dd9,chungju,801,교현(어린)-2(공원),36.98369956,127.9271187,,5,,,cabinet_only,교현2어린이공원,충청북도_충주시_가로등분전함정보_20260630.csv
CJ-CAB-654960a0c1,chungju,802,봉방(어린)-5(공원),36.97538809,127.9139512,,5,,,cabinet_only,봉방5호어린이공원,충청북도_충주시_가로등분전함정보_20260630.csv
CJ-CAB-488daf31df,chungju,804,기업-04,37.01898619,127.8298423,,27,,,cabinet_only,용전리857 (제2호 어린이공원 주변-1),충청북도_충주시_가로등분전함정보_20260630.csv
CJ-CAB-a1ce23ef29,chungju,805,기업-05,37.0197299,127.8268895,,42,,,cabinet_only,용전리942 (제2호 어린이공원 주변-2),충청북도_충주시_가로등분전함정보_20260630.csv
CJ-CAB-85e1921709,chungju,806,기업-06,37.01937971,127.8263912,,38,,,cabinet_only,용전리 979 (제1호 어린이공원 주변),충청북도_충주시_가로등분전함정보_20260630.csv
CJ-CAB-afc783cb2b,chungju,807,기업-07,37.01763332,127.8219366,,18,,,cabinet_only,용전리 725 (킹스테일CC입구 사거리-1),충청북도_충주시_가로등분전함정보_20260630.csv
CJ-CAB-82894e157c,chungju,808,기업-08,37.01817629,127.8225745,,19,,,cabinet_only,용전리 725 (킹스테일CC입구 사거리-2),충청북도_충주시_가로등분전함정보_20260630.csv
CJ-CAB-61e57e4004,chungju,809,기업-09,37.01744123,127.8223503,,28,,,cabinet_only,용전리 647 (킹스테일CC입구 사거리-3),충청북도_충주시_가로등분전함정보_20260630.csv
CJ-CAB-ebdd685731,chungju,810,기업-10,37.01764278,127.822521,,35,,,cabinet_only,용전리 762 (킹스테일CC입구 사거리-4),충청북도_충주시_가로등분전함정보_20260630.csv
CJ-CAB-7c820e867a,chungju,811,기업-11,37.01606462,127.8253075,,12,,,cabinet_only,용전리726(마트부지 주변),충청북도_충주시_가로등분전함정보_20260630.csv
CJ-CAB-60f9c11a4f,chungju,812,기업-12,37.01630595,127.8255882,,21,,,cabinet_only,용전리 663(마트부지),충청북도_충주시_가로등분전함정보_20260630.csv
CJ-CAB-d02c46f922,chungju,813,기업-13,37.01682251,127.8261332,,11,,,cabinet_only,용전리730(연립단지),충청북도_충주시_가로등분전함정보_20260630.csv
CJ-CAB-ef77761759,chungju,814,기업-14,37.01562074,127.8253224,,20,,,cabinet_only,용전리662(보도육교-공동주택),충청북도_충주시_가로등분전함정보_20260630.csv
CJ-CAB-52dfe71cde,chungju,815,기업-15,37.01666718,127.829671,,16,,,cabinet_only,용전리 731 (공동주택2),충청북도_충주시_가로등분전함정보_20260630.csv
CJ-CAB-76acdbfb01,chungju,816,기업-16,37.01683414,127.8296335,,25,,,cabinet_only,용전리 731 (공동주택1),충청북도_충주시_가로등분전함정보_20260630.csv
CJ-CAB-b076ed3fcd,chungju,817,기업-17,37.01478422,127.8328529,,13,,,cabinet_only,"용전리 695 (초,중학교 주변)",충청북도_충주시_가로등분전함정보_20260630.csv
CJ-CAB-a941107097,chungju,818,기업-18,37.01366893,127.8277339,,34,,,cabinet_only,용전리 726 (보도육교 대로변),충청북도_충주시_가로등분전함정보_20260630.csv
CJ-CAB-5a937f95ca,chungju,820,기업-20,37.01194972,127.8303782,,26,,,cabinet_only,용전리 731 (공동주택3 삼거리-2),충청북도_충주시_가로등분전함정보_20260630.csv
CJ-CAB-6266f90d0a,chungju,821,기업-21,37.01485353,127.8180301,,35,,,cabinet_only,화곡리 1092 (산토끼터널 진입로-1),충청북도_충주시_가로등분전함정보_20260630.csv
CJ-CAB-61e5309a48,chungju,822,기업-22,37.01493405,127.8177866,,42,,,cabinet_only,화곡리 1259 (산토끼 터널 진입로-2),충청북도_충주시_가로등분전함정보_20260630.csv
CJ-CAB-32f9dc9fcd,chungju,823,기업-23,37.01110545,127.8150377,,27,,,cabinet_only,화곡리 1129 ( 테크노폴리스 삼거리),충청북도_충주시_가로등분전함정보_20260630.csv
CJ-CAB-1df34df884,chungju,824,기업-24,37.00852182,127.816982,,10,,,cabinet_only,화곡리1122 (주상복합 삼거리),충청북도_충주시_가로등분전함정보_20260630.csv
CJ-CAB-adc3e849d8,chungju,825,기업-25,37.00838511,127.8165536,,10,,,cabinet_only,화곡리 1273 (주상복합 사거리-1),충청북도_충주시_가로등분전함정보_20260630.csv
CJ-CAB-c2b396dce5,chungju,826,기업-26,37.01060588,127.8201952,,45,,,cabinet_only,영평리 532 (종교시설 삼거리),충청북도_충주시_가로등분전함정보_20260630.csv
CJ-CAB-ebe5501498,chungju,827,기업-27,37.00971677,127.8207475,,47,,,cabinet_only,영평리 583 (제5호 어린이공원 입구),충청북도_충주시_가로등분전함정보_20260630.csv
CJ-CAB-066fddcd91,chungju,828,기업-28,37.00690457,127.8179421,,47,,,cabinet_only,주덕읍 화곡리 1115번지,충청북도_충주시_가로등분전함정보_20260630.csv
CJ-CAB-94b3396a37,chungju,829,기업-29,37.00750519,127.8216506,,31,,,cabinet_only,영평리 583 (중학교 사거리-1),충청북도_충주시_가로등분전함정보_20260630.csv
CJ-CAB-819ba276ec,chungju,830,기업-30,37.01041866,127.8309177,,16,,,cabinet_only,용전리 726 (배수지(용수공급시설) 입구),충청북도_충주시_가로등분전함정보_20260630.csv
CJ-CAB-9b1ebc0851,chungju,831,기업-31,37.0058915,127.8321127,,29,,,cabinet_only,영평리 590 (영평교-1),충청북도_충주시_가로등분전함정보_20260630.csv
CJ-CAB-afe8e0f500,chungju,832,기업-32,37.00757607,127.8228002,,31,,,cabinet_only,영평리 583 (중학교2 입구),충청북도_충주시_가로등분전함정보_20260630.csv
CJ-CAB-94ac9945ff,chungju,833,기업-33,37.00731987,127.8217385,,10,,,cabinet_only,영평리 583 (중학교2 사거리-2),충청북도_충주시_가로등분전함정보_20260630.csv
CJ-CAB-884614ef7c,chungju,834,기업-34,37.00728185,127.8213729,,47,,,cabinet_only,영평리 583 (초등학교2 사거리),충청북도_충주시_가로등분전함정보_20260630.csv
CJ-CAB-9d0ff41343,chungju,835,기업-35,37.00673931,127.8170809,,12,,,cabinet_only,화곡리 1143 (주상복합사거리-3),충청북도_충주시_가로등분전함정보_20260630.csv
CJ-CAB-2a0ab54892,chungju,836,기업-36,37.00650774,127.8157049,,19,,,cabinet_only,화곡리 1170 ( 체육시설 사거리-1),충청북도_충주시_가로등분전함정보_20260630.csv
CJ-CAB-c98eed5cd5,chungju,837,기업-37,37.00649488,127.8152806,,36,,,cabinet_only,화곡리 1259 (체육시설 사거리-2),충청북도_충주시_가로등분전함정보_20260630.csv
CJ-CAB-3d8d0672d1,chungju,838,기업-38,37.00626929,127.8153288,,27,,,cabinet_only,화곡리 1259 (체육시설 사거리-3),충청북도_충주시_가로등분전함정보_20260630.csv
CJ-CAB-b49c6d748a,chungju,839,기업-39,37.0064999,127.817171,,14,,,cabinet_only,화곡리 1243 (제3호근린공원 사거리-1),충청북도_충주시_가로등분전함정보_20260630.csv
CJ-CAB-2f29525cd0,chungju,840,기업-40,37.00661813,127.8176666,,14,,,cabinet_only,화곡리 1275 (제3호근린공원 사거리-2),충청북도_충주시_가로등분전함정보_20260630.csv
CJ-CAB-1243f40e3e,chungju,841,기업-41,37.00680625,127.8175001,,12,,,cabinet_only,화곡리 1115 (제3호근린공원 사거리-3),충청북도_충주시_가로등분전함정보_20260630.csv
CJ-CAB-de094915bd,chungju,842,기업-42,37.00322741,127.815448,,13,,,cabinet_only,화곡리 1196 (포스코ICT 삼거리-1),충청북도_충주시_가로등분전함정보_20260630.csv
CJ-CAB-a8bfe8519e,chungju,843,기업-43,37.00351859,127.8176531,,32,,,cabinet_only,화곡리 1213 (포스코ICT 사거리-1),충청북도_충주시_가로등분전함정보_20260630.csv
CJ-CAB-d43fd47681,chungju,844,기업-44,37.00616666,127.8118982,,27,,,cabinet_only,화곡리 1264 (체육시설 삼거리),충청북도_충주시_가로등분전함정보_20260630.csv
CJ-CAB-6d1a93e9ce,chungju,846,기업-46,37.00337599,127.8157894,,32,,,cabinet_only,영평리 588 (포스코ICT 삼거리-2),충청북도_충주시_가로등분전함정보_20260630.csv
CJ-CAB-a3dbfbfc65,chungju,848,기업-48,37.00290805,127.8199496,,34,,,cabinet_only,화곡리 1247 (임광토건 사거리),충청북도_충주시_가로등분전함정보_20260630.csv
CJ-CAB-7d8e83d4c9,chungju,849,기업-49,37.00239821,127.8220113,,18,,,cabinet_only,화곡리 1267 (현대엠코사거리-1),충청북도_충주시_가로등분전함정보_20260630.csv
CJ-CAB-32099889e8,chungju,850,기업-50,37.00211083,127.8218734,,20,,,cabinet_only,영평리 589 (현대엠코사거리-2),충청북도_충주시_가로등분전함정보_20260630.csv
CJ-CAB-b9260e6907,chungju,851,기업-51,37.00169269,127.8249977,,29,,,cabinet_only,영평리 583 (고라니길 터널 진입로-1),충청북도_충주시_가로등분전함정보_20260630.csv
CJ-CAB-de5f3e26f8,chungju,852,기업-52,37.00214434,127.8306507,,17,,,cabinet_only,영평리 567 (상업용지-1),충청북도_충주시_가로등분전함정보_20260630.csv
CJ-CAB-2ef1195fa0,chungju,853,기업-53,37.00134322,127.8279541,,29,,,cabinet_only,영평리 593 (코오롱 생명과학 사거리-1),충청북도_충주시_가로등분전함정보_20260630.csv
CJ-CAB-5ed453a9bb,chungju,854,기업-54,37.00133757,127.828117,,32,,,cabinet_only,영평리 593 (코오롱 생명과학 사거리-2),충청북도_충주시_가로등분전함정보_20260630.csv
CJ-CAB-fae5966b3e,chungju,855,기업-55,37.00286624,127.8330712,,26,,,cabinet_only,완오리 1197 (푸른기술부지 사거리),충청북도_충주시_가로등분전함정보_20260630.csv
CJ-CAB-c172c11ff8,chungju,856,기업-56,37.00576827,127.8323388,,26,,,cabinet_only,완오리 1203 (영평교-2),충청북도_충주시_가로등분전함정보_20260630.csv
CJ-CAB-5ac4733a0b,chungju,857,기업-57,37.00343956,127.8316225,,10,,,cabinet_only,영평리 567 (상업용지-2),충청북도_충주시_가로등분전함정보_20260630.csv
CJ-CAB-9ab656602b,chungju,858,기업-58,37.00270646,127.8327268,,36,,,cabinet_only,영평리 589 (제2호 근린공원 입구),충청북도_충주시_가로등분전함정보_20260630.csv
CJ-CAB-6a3f638625,chungju,859,기업-59,36.99861789,127.8320896,,9,,,cabinet_only,영평리 579 (미원CS 삼거리),충청북도_충주시_가로등분전함정보_20260630.csv
CJ-CAB-ea60be1ff0,chungju,861,기업-61,36.99794872,127.8282431,,18,,,cabinet_only,대소원면 영평리 585 (LH그린파워 삼거리-1),충청북도_충주시_가로등분전함정보_20260630.csv
CJ-CAB-b8a9ce3a2f,chungju,862,기업-62,36.99811121,127.8281999,,12,,,cabinet_only,영평리 530 (LH그린파워 삼거리-2),충청북도_충주시_가로등분전함정보_20260630.csv
CJ-CAB-29fa91ff39,chungju,863,기업-63,36.99779638,127.8235907,,30,,,cabinet_only,영평리 595 (저류지 입구),충청북도_충주시_가로등분전함정보_20260630.csv
CJ-CAB-b7da43bbf2,chungju,901,기업공원-01(공원),37.00249928,127.8327189,,7,,,cabinet_only,영평리 575 (제2호 근린공원),충청북도_충주시_가로등분전함정보_20260630.csv
CJ-CAB-44888433cd,chungju,902,기업공원-02(공원),37.00661547,127.8187058,,17,,,cabinet_only,화곡리 1245 (제3호 근린공원),충청북도_충주시_가로등분전함정보_20260630.csv
CJ-CAB-bfb60ec20d,chungju,903,기업공원-03(공원),37.00182063,127.8149555,,6,,,cabinet_only,화곡리 1266 (제4호 근린공원),충청북도_충주시_가로등분전함정보_20260630.csv
CJ-CAB-ea22a376fc,chungju,904,기업공원-04(공원),37.01845819,127.8241507,,4,,,cabinet_only,용전리 641 (제1호 어린이공원),충청북도_충주시_가로등분전함정보_20260630.csv
CJ-CAB-0bbf829212,chungju,905,기업공원-05(공원),37.01918247,127.8285101,,6,,,cabinet_only,용전리 920 (제2호 어린이공원),충청북도_충주시_가로등분전함정보_20260630.csv
CJ-CAB-cd18d6830f,chungju,906,기업공원-06(공원),37.00632982,127.8222278,,8,,,cabinet_only,영평리 583 ( 제4호 어린이공원),충청북도_충주시_가로등분전함정보_20260630.csv
CJ-CAB-a0cf5079ab,chungju,907,기업공원-07(공원),37.00933904,127.8212967,,6,,,cabinet_only,화곡리 1254 (제5호 어린이공원),충청북도_충주시_가로등분전함정보_20260630.csv
CJ-CAB-cb16e5f64c,chungju,908,기업공원-08(공원),37.01566475,127.8299944,,7,,,cabinet_only,용전리 726 (제3호 어린이공원),충청북도_충주시_가로등분전함정보_20260630.csv
CJ-CAB-9bcd6e26a8,chungju,1000,대소원-11(단),36.96288836,127.8710768,,0,,,cabinet_only,충주대학교입구 지하통로,충청북도_충주시_가로등분전함정보_20260630.csv
CJ-CAB-b2f22b2224,chungju,1001,산척-11(단),37.08858678,127.962214,,0,,,cabinet_only,산척면 구치소옆 터널(송강교차로주변),충청북도_충주시_가로등분전함정보_20260630.csv
CJ-CAB-35b9a99f00,chungju,1002,신니-01(단),36.99799684,127.7405154,,0,,,cabinet_only,신니 용원교~수청교간,충청북도_충주시_가로등분전함정보_20260630.csv
CJ-CAB-bfa10d81ca,chungju,1003,주덕-07(단),36.975492,127.7877107,,0,,,cabinet_only,주덕초등학교 운동장,충청북도_충주시_가로등분전함정보_20260630.csv
CJ-CAB-6f99db3224,chungju,1004,단월-01(단),36.9472023,127.9001877,,0,,,cabinet_only,단월초등학교 정문,충청북도_충주시_가로등분전함정보_20260630.csv
CJ-CAB-12fb466e29,chungju,1005,단월-20(단),36.93765826,127.8884632,,0,,,cabinet_only,소가주2길,충청북도_충주시_가로등분전함정보_20260630.csv
CJ-CAB-71292f351f,chungju,1006,단월-21(단),36.95311365,127.8833364,,0,,,cabinet_only,용관동 201-6번지,충청북도_충주시_가로등분전함정보_20260630.csv
CJ-CAB-b40860c996,chungju,1007,단월-22(단),36.93814082,127.9153906,,0,,,cabinet_only,임경엽장군교차로,충청북도_충주시_가로등분전함정보_20260630.csv
CJ-CAB-7f81e62b30,chungju,1008,단월-23(단),36.93803148,127.9171544,,0,,,cabinet_only,풍동 827-1번지,충청북도_충주시_가로등분전함정보_20260630.csv
CJ-CAB-9c1693c70e,chungju,1009,단월-24(단),36.93830373,127.9135418,,0,,,cabinet_only,풍동 825-1번지,충청북도_충주시_가로등분전함정보_20260630.csv
CJ-CAB-483df728f4,chungju,1010,단월-25(단),36.93828548,127.9125467,,0,,,cabinet_only,풍동 454-1번지,충청북도_충주시_가로등분전함정보_20260630.csv
CJ-CAB-371ce2ae23,chungju,1011,단월-26(단),36.93823598,127.9106309,,0,,,cabinet_only,풍동 822-1번지,충청북도_충주시_가로등분전함정보_20260630.csv
CJ-CAB-3308c0e877,chungju,1012,단월-27(단),36.93807323,127.9087923,,0,,,cabinet_only,풍동 819-3번지,충청북도_충주시_가로등분전함정보_20260630.csv
CJ-CAB-219ad49f6a,chungju,1013,단월-28(단),36.93795581,127.9067662,,0,,,cabinet_only,풍동 819-1번지,충청북도_충주시_가로등분전함정보_20260630.csv
CJ-CAB-9b2eaa5980,chungju,1014,단월-29(단),36.93782373,127.9048858,,0,,,cabinet_only,풍동 816-3번지,충청북도_충주시_가로등분전함정보_20260630.csv
CJ-CAB-ee7cabe1f3,chungju,1015,단월-30(단),36.93758153,127.9008911,,0,,,cabinet_only,풍동 586-1번지,충청북도_충주시_가로등분전함정보_20260630.csv
CJ-CAB-a60c513ee0,chungju,1016,단월-31(단),36.93727041,127.8967581,,0,,,cabinet_only,가주동 563-13번지,충청북도_충주시_가로등분전함정보_20260630.csv
CJ-CAB-e5c16a09af,chungju,1017,달천-05(단),36.96251858,127.8796779,,0,,,cabinet_only,달천초등학교,충청북도_충주시_가로등분전함정보_20260630.csv
CJ-CAB-dca78edc61,chungju,1018,달천-14(단),36.9598759,127.8859339,,4,,,cabinet_only,용두교차로 아래 굴다리 터널등,충청북도_충주시_가로등분전함정보_20260630.csv
CJ-CAB-187f859ea3,chungju,1019,달천-15(단),36.95426871,127.8840164,,0,,,cabinet_only,용관동 187-3번지,충청북도_충주시_가로등분전함정보_20260630.csv
CJ-CAB-bf331dd84c,chungju,1020,살미-03(단),36.9095565,127.9508586,,0,,,cabinet_only,살미면 세성리 532번지,충청북도_충주시_가로등분전함정보_20260630.csv
CJ-CAB-75f5c1bf69,chungju,1021,살미-04(단),36.9059311,127.9557407,,0,,,cabinet_only,살미면 세성리 423-2번지,충청북도_충주시_가로등분전함정보_20260630.csv
CJ-CAB-5ca5c9073b,chungju,1022,살미-06(단),36.89901862,127.9721467,,0,,,cabinet_only,살미면 설운리 486-4번지,충청북도_충주시_가로등분전함정보_20260630.csv
CJ-CAB-49d231f4e9,chungju,1023,살미-07(단),36.89588458,127.979078,,0,,,cabinet_only,살미면 용천리 476-2번지,충청북도_충주시_가로등분전함정보_20260630.csv
CJ-CAB-bd1eed8d39,chungju,1024,연수-46,36.98196155,127.9404489,,7,,,cabinet_only,연수9호 어린이공원,충청북도_충주시_가로등분전함정보_20260630.csv
CJ-CAB-120ccf7803,chungju,1025,호암공원-42(공원),36.95783593,127.9194423,,17,,,cabinet_only,충주 시민의숲,충청북도_충주시_가로등분전함정보_20260630.csv
CJ-CAB-5b7219e0f1,chungju,11111,단월-34(경관),36.94026464,127.8998058,,4,,,cabinet_only,단월교 경관(라인바),충청북도_충주시_가로등분전함정보_20260630.csv
CJ-CAB-dec182fc0e,chungju,11112,단월-35,36.93954325,127.8969783,,30,,,cabinet_only,운전면허시험장 후문(쪽문),충청북도_충주시_가로등분전함정보_20260630.csv
