controller_uid,municipality_id,cabinet_uid,company_code,cabinet_code,cabinet_seq,operation_mode,switch_model,modem_type,modem_id,on_offset_min,off_offset_min,voltage_setting,sequential_control,forced_time,latitude,longitude,address,source_file,source_row
GN-CTL-9567827aee,gangneung,GN-CAB-9567827aee,KNI,YB,1,0,GMC-200,3,1,-15.0,10.0,220.0,1,100,37.7660943,128.9183928,강원특별자치도 강릉시 입암동 39-15,강원특별자치도 강릉시_분전함_20230820.csv,2
GN-CTL-db9e2d6e6a,gangneung,GN-CAB-db9e2d6e6a,KNM,YB,1,0,GMC-200,3,0,-15.0,5.0,220.0,0,60,37.7643206,128.8720296,강원특별자치도 강릉시 유천동 산17-5,강원특별자치도 강릉시_분전함_20230820.csv,3
GN-CTL-f51ac68b19,gangneung,GN-CAB-f51ac68b19,KNC,YB,1,0,GMC-200S,3,1,-20.0,5.0,220.0,1,60,37.7660943,128.9183928,강원특별자치도 강릉시 입암동 39-15,강원특별자치도 강릉시_분전함_20230820.csv,4
GN-CTL-9bec217cb1,gangneung,GN-CAB-9bec217cb1,KNI,YB,2,0,GMC-200,3,2,-15.0,10.0,220.0,1,60,37.7816049,128.9155538,강원특별자치도 강릉시 포남동 1224,강원특별자치도 강릉시_분전함_20230820.csv,5
GN-CTL-512af880fc,gangneung,GN-CAB-512af880fc,KNM,YB,2,0,GMC-200,3,0,-15.0,5.0,220.0,0,60,37.7609204,128.8700489,강원특별자치도 강릉시 유천동 778,강원특별자치도 강릉시_분전함_20230820.csv,6
GN-CTL-d9f45454b3,gangneung,GN-CAB-d9f45454b3,KNC,YB,2,0,GMC-200S,3,2,-20.0,5.0,220.0,1,30,37.7816049,128.9155538,강원특별자치도 강릉시 포남동 1224,강원특별자치도 강릉시_분전함_20230820.csv,7
GN-CTL-3cff071224,gangneung,GN-CAB-3cff071224,KNC,YB,3,0,GMC-200S,3,3,-20.0,5.0,220.0,1,5,37.752146,128.878618,강원특별자치도 강릉시 홍제동 264,강원특별자치도 강릉시_분전함_20230820.csv,8
GN-CTL-aed5234b00,gangneung,GN-CAB-aed5234b00,KNI,YB,3,0,GMC-200,3,3,-15.0,10.0,220.0,1,60,37.7522616,128.8785378,강원특별자치도 강릉시 홍제동 264,강원특별자치도 강릉시_분전함_20230820.csv,9
GN-CTL-b7788ec1f1,gangneung,GN-CAB-b7788ec1f1,KNM,YB,3,0,GMC-200,3,0,-15.0,5.0,220.0,0,40,37.7551326,128.8692661,강원특별자치도 강릉시 홍제동 677 옆공원,강원특별자치도 강릉시_분전함_20230820.csv,10
GN-CTL-eb9d6cdbd0,gangneung,GN-CAB-eb9d6cdbd0,KNI,YB,4,0,GMC-200,3,4,-15.0,10.0,220.0,1,10,37.7687966,128.8735351,강원특별자치도 강릉시 유천동 15-13,강원특별자치도 강릉시_분전함_20230820.csv,11
GN-CTL-fcdc205f52,gangneung,GN-CAB-fcdc205f52,KNM,YB,4,0,GMC-200,3,0,-15.0,5.0,220.0,0,90,37.7549853,128.8696956,강원특별자치도 강릉시 홍제동 677 건너공원,강원특별자치도 강릉시_분전함_20230820.csv,12
GN-CTL-8a6eba9340,gangneung,GN-CAB-8a6eba9340,KNC,YB,4,0,GMC-200S,3,4,-20.0,5.0,220.0,1,60,37.7687951,128.8734954,강원특별자치도 강릉시 유천동 43,강원특별자치도 강릉시_분전함_20230820.csv,13
GN-CTL-20eb89b717,gangneung,GN-CAB-20eb89b717,KNM,YB,5,0,GMC-200,3,0,-15.0,-10.0,220.0,0,60,37.7638335,128.8684487,강원특별자치도 강릉시 유천동 251 길건너공원,강원특별자치도 강릉시_분전함_20230820.csv,14
GN-CTL-295de8377b,gangneung,GN-CAB-295de8377b,KNI,YB,5,0,GMC-200,3,5,-15.0,10.0,220.0,1,100,37.7404649,128.9247017,강원특별자치도 강릉시 청량동 166-3,강원특별자치도 강릉시_분전함_20230820.csv,15
GN-CTL-17ea9add7f,gangneung,GN-CAB-17ea9add7f,KNC,YB,5,0,GMC-200S,3,5,-20.0,5.0,220.0,1,60,37.7403031,128.9262678,강원특별자치도 강릉시 청량동 147-1,강원특별자치도 강릉시_분전함_20230820.csv,16
GN-CTL-73a8514dd8,gangneung,GN-CAB-73a8514dd8,KNM,YB,6,0,GMC-200,3,0,-15.0,5.0,220.0,0,60,37.760616,128.8661185,강원특별자치도 강릉시 유천동 776-5,강원특별자치도 강릉시_분전함_20230820.csv,17
GN-CTL-2527a360eb,gangneung,GN-CAB-2527a360eb,KNI,YB,6,0,GMC-200,3,6,-15.0,10.0,220.0,1,100,37.7247062,128.8443392,강원특별자치도 강릉시 구정면 제비리 912,강원특별자치도 강릉시_분전함_20230820.csv,18
GN-CTL-2742b3b2b1,gangneung,GN-CAB-2742b3b2b1,KNC,YB,6,0,GMC-200S,3,6,-20.0,5.0,220.0,1,50,37.7247062,128.8443392,강원특별자치도 강릉시 구정면 제비리 912,강원특별자치도 강릉시_분전함_20230820.csv,19
GN-CTL-fdcdb511ef,gangneung,GN-CAB-fdcdb511ef,KNM,YB,7,0,GMC-200,3,0,-15.0,5.0,220.0,0,60,37.7584751,128.8717453,강원특별자치도 강릉시 유천동 175-48,강원특별자치도 강릉시_분전함_20230820.csv,20
GN-CTL-481343ae2e,gangneung,GN-CAB-481343ae2e,KNC,YB,7,0,GMC-200S,3,7,-20.0,5.0,220.0,1,5,37.760705,128.8922625,강원특별자치도 강릉시 교동 183-75,강원특별자치도 강릉시_분전함_20230820.csv,21
GN-CTL-d9eb850586,gangneung,GN-CAB-d9eb850586,KNI,YB,7,0,GMC-200,3,7,-15.0,10.0,220.0,1,60,37.7607086,128.8923136,강원특별자치도 강릉시 교동 183-336,강원특별자치도 강릉시_분전함_20230820.csv,22
GN-CTL-26a16d20fc,gangneung,GN-CAB-26a16d20fc,KNM,YB,8,0,GMC-200,3,0,-15.0,5.0,220.0,0,10,37.7635822,128.8658808,강원특별자치도 강릉시 유천동 778,강원특별자치도 강릉시_분전함_20230820.csv,23
GN-CTL-7eb49baa44,gangneung,GN-CAB-7eb49baa44,KNC,YB,8,0,GMC-200S,3,8,-20.0,5.0,220.0,1,5,37.7608277,128.8920654,강원특별자치도 강릉시 교동 896-1,강원특별자치도 강릉시_분전함_20230820.csv,24
GN-CTL-0c0f4cbd39,gangneung,GN-CAB-0c0f4cbd39,KNI,YB,8,0,GMC-200,3,8,-15.0,10.0,220.0,1,100,37.7608277,128.8920654,강원특별자치도 강릉시 교동 896-1,강원특별자치도 강릉시_분전함_20230820.csv,25
GN-CTL-383f6acabd,gangneung,GN-CAB-383f6acabd,KNC,YB,9,0,GMC-200S,3,9,-15.0,5.0,220.0,1,60,37.7628952,128.8858485,강원특별자치도 강릉시 교동 산200-3,강원특별자치도 강릉시_분전함_20230820.csv,26
GN-CTL-d43144cd71,gangneung,GN-CAB-d43144cd71,KNI,YB,9,0,GMC-200,3,9,-15.0,5.0,220.0,1,60,37.7628307,128.8857337,강원특별자치도 강릉시 교동 산200-3,강원특별자치도 강릉시_분전함_20230820.csv,27
GN-CTL-41a20fb225,gangneung,GN-CAB-41a20fb225,KNM,YB,9,0,GMC-200,3,0,15.0,5.0,220.0,0,40,37.7606294,128.8704087,강원특별자치도 강릉시 유천동 132-5,강원특별자치도 강릉시_분전함_20230820.csv,28
GN-CTL-e3a3e4a93e,gangneung,GN-CAB-e3a3e4a93e,KNC,YB,10,0,GMC-200S,3,10,-20.0,5.0,220.0,1,17,37.7625227,128.9002007,강원특별자치도 강릉시 교동 135,강원특별자치도 강릉시_분전함_20230820.csv,29
GN-CTL-16836d5f88,gangneung,GN-CAB-16836d5f88,KNM,YB,10,0,GMC-200,3,0,-15.0,0.0,220.0,0,60,37.7778824,128.9168814,강원특별자치도 강릉시 포남동 1223-1,강원특별자치도 강릉시_분전함_20230820.csv,30
GN-CTL-dc34749746,gangneung,GN-CAB-dc34749746,KNI,YB,10,0,GMC-200,3,10,-15.0,10.0,220.0,1,100,37.7625227,128.9002007,강원특별자치도 강릉시 교동 135,강원특별자치도 강릉시_분전함_20230820.csv,31
GN-CTL-1e99c1e69a,gangneung,GN-CAB-1e99c1e69a,KNC,YB,11,0,GMC-200S,3,11,-20.0,5.0,220.0,1,60,37.7627265,128.9000781,강원특별자치도 강릉시 교동 1566,강원특별자치도 강릉시_분전함_20230820.csv,32
GN-CTL-93c4b8577d,gangneung,GN-CAB-93c4b8577d,KNI,YB,11,0,GMC-200,3,11,-15.0,10.0,220.0,1,60,37.7627762,128.9000449,강원특별자치도 강릉시 교동 134-55,강원특별자치도 강릉시_분전함_20230820.csv,33
GN-CTL-f9391fe317,gangneung,GN-CAB-f9391fe317,KNM,YB,12,0,GMC-200,3,0,-25.0,-10.0,220.0,0,40,37.8087014,128.9023518,강원특별자치도 강릉시 안현동 82-9,강원특별자치도 강릉시_분전함_20230820.csv,34
GN-CTL-b7626e6258,gangneung,GN-CAB-b7626e6258,KNI,YB,12,0,GMC-200,3,12,-15.0,10.0,220.0,0,60,37.7657802,128.9042695,강원특별자치도 강릉시 포남동 1118,강원특별자치도 강릉시_분전함_20230820.csv,35
GN-CTL-97237ca1c0,gangneung,GN-CAB-97237ca1c0,KNC,YB,12,0,GMC-200S,3,12,-20.0,5.0,220.0,0,90,37.7657802,128.9042695,강원특별자치도 강릉시 포남동 1118,강원특별자치도 강릉시_분전함_20230820.csv,36
GN-CTL-c35e9d1a7e,gangneung,GN-CAB-c35e9d1a7e,KNM,YB,13,0,GMC-200S,3,0,-15.0,5.0,220.0,5,220,37.7519617,128.915517,강원특별자치도 강릉시 입암동 산101,강원특별자치도 강릉시_분전함_20230820.csv,37
GN-CTL-714e77afe0,gangneung,GN-CAB-714e77afe0,KNC,YB,13,0,GMC-200S,3,13,-20.0,5.0,220.0,0,10,37.7656939,128.9037804,강원특별자치도 강릉시 포남동 1197-13,강원특별자치도 강릉시_분전함_20230820.csv,38
GN-CTL-b2c6a91786,gangneung,GN-CAB-b2c6a91786,KNI,YB,13,0,GMC-200,3,13,-15.0,10.0,220.0,1,60,37.7656939,128.9037804,강원특별자치도 강릉시 포남동 1197-13,강원특별자치도 강릉시_분전함_20230820.csv,39
GN-CTL-5c2c5339ca,gangneung,GN-CAB-5c2c5339ca,KNC,YB,14,0,GMC-200S,3,14,-20.0,5.0,220.0,3,10,37.755108,128.8810935,강원특별자치도 강릉시 교동 1744-2,강원특별자치도 강릉시_분전함_20230820.csv,40
GN-CTL-ff6cfa0fb0,gangneung,GN-CAB-ff6cfa0fb0,KNI,YB,14,0,GMC-200,3,14,-15.0,10.0,220.0,1,100,37.7551348,128.8810911,강원특별자치도 강릉시 교동 1742,강원특별자치도 강릉시_분전함_20230820.csv,41
GN-CTL-a48dfd1bdc,gangneung,GN-CAB-a48dfd1bdc,KNI,YB,15,0,GMC-200,3,15,-15.0,10.0,220.0,1,60,37.7568433,128.8863432,강원특별자치도 강릉시 교동 984-5,강원특별자치도 강릉시_분전함_20230820.csv,42
GN-CTL-1f0048acf0,gangneung,GN-CAB-1f0048acf0,KNC,YB,15,0,GMC-200,3,15,-20.0,5.0,220.0,1,10,37.7568596,128.8863237,강원특별자치도 강릉시 교동 980-2,강원특별자치도 강릉시_분전함_20230820.csv,43
GN-CTL-3cf147d80a,gangneung,GN-CAB-3cf147d80a,KNC,YB,16,0,GMC-200S,3,16,-20.0,5.0,220.0,1,100,37.7570123,128.8857691,강원특별자치도 강릉시 교동 980-2,강원특별자치도 강릉시_분전함_20230820.csv,44
GN-CTL-0a228df9f2,gangneung,GN-CAB-0a228df9f2,KNI,YB,16,0,GMC-200,3,16,-15.0,10.0,220.0,1,100,37.757037,128.8857553,강원특별자치도 강릉시 교동 941-23,강원특별자치도 강릉시_분전함_20230820.csv,45
GN-CTL-aa1717a3f6,gangneung,GN-CAB-aa1717a3f6,KNC,YB,17,0,GMC-200S,3,17,-20.0,5.0,220.0,1,60,37.7578446,128.8922286,강원특별자치도 강릉시 교동 162-209,강원특별자치도 강릉시_분전함_20230820.csv,46
GN-CTL-1a04b38f10,gangneung,GN-CAB-1a04b38f10,KNI,YB,17,0,GMC-200,3,17,-15.0,10.0,220.0,1,60,37.7577899,128.8922445,강원특별자치도 강릉시 교동 162-209,강원특별자치도 강릉시_분전함_20230820.csv,47
GN-CTL-d4a2a76d4b,gangneung,GN-CAB-d4a2a76d4b,KNI,YB,18,0,GMC-200,3,18,-15.0,10.0,220.0,1,100,37.7569902,128.8990554,강원특별자치도 강릉시 옥천동 163-1,강원특별자치도 강릉시_분전함_20230820.csv,48
GN-CTL-10209e24ea,gangneung,GN-CAB-10209e24ea,KNC,YB,18,0,GMC-200,3,18,-15.0,5.0,220.0,0,60,37.7569902,128.8990554,강원특별자치도 강릉시 옥천동 163-1,강원특별자치도 강릉시_분전함_20230820.csv,49
GN-CTL-05fac76bf4,gangneung,GN-CAB-05fac76bf4,KNI,YB,19,0,GMC-200,3,19,-15.0,10.0,220.0,1,100,37.7600433,128.9039385,강원특별자치도 강릉시 옥천동 206,강원특별자치도 강릉시_분전함_20230820.csv,50
GN-CTL-ce433f1a52,gangneung,GN-CAB-ce433f1a52,KNC,YB,19,0,GMC-200S,3,19,-15.0,5.0,220.0,0,5,37.7600729,128.9039363,강원특별자치도 강릉시 옥천동 351,강원특별자치도 강릉시_분전함_20230820.csv,51
GN-CTL-71bc616c4e,gangneung,GN-CAB-71bc616c4e,KNC,YB,20,0,GMC-200S,3,20,-20.0,5.0,220.0,1,40,37.7715559,128.9100948,강원특별자치도 강릉시 포남동 1197-4,강원특별자치도 강릉시_분전함_20230820.csv,52
GN-CTL-b266809af4,gangneung,GN-CAB-b266809af4,KNI,YB,20,0,GMC-200,3,20,-15.0,10.0,220.0,1,100,37.7715559,128.9100948,강원특별자치도 강릉시 포남동 1197-4,강원특별자치도 강릉시_분전함_20230820.csv,53
GN-CTL-f85ce11845,gangneung,GN-CAB-f85ce11845,KNI,YB,21,0,GMC-200,3,21,-15.0,10.0,220.0,0,30,37.7737045,128.9130498,강원특별자치도 강릉시 포남동 1295,강원특별자치도 강릉시_분전함_20230820.csv,54
GN-CTL-777c8f9164,gangneung,GN-CAB-777c8f9164,KNC,YB,21,0,GMC-200S,3,21,-20.0,5.0,220.0,0,5,37.7737045,128.9130498,강원특별자치도 강릉시 포남동 1295,강원특별자치도 강릉시_분전함_20230820.csv,55
GN-CTL-4c46396b15,gangneung,GN-CAB-4c46396b15,KNC,YB,22,0,GMC-200S,3,22,-20.0,5.0,220.0,1,1,37.787771,128.8938647,강원특별자치도 강릉시 운정동 66-4,강원특별자치도 강릉시_분전함_20230820.csv,56
GN-CTL-4da8757142,gangneung,GN-CAB-4da8757142,KNI,YB,22,0,GMC-200,3,22,-15.0,10.0,220.0,1,100,37.7879342,128.8939244,강원특별자치도 강릉시 운정동 732,강원특별자치도 강릉시_분전함_20230820.csv,57
GN-CTL-feb21406a2,gangneung,GN-CAB-feb21406a2,KNI,YB,23,0,GMC-200,3,23,-15.0,10.0,220.0,1,100,37.7638691,128.9079008,강원특별자치도 강릉시 포남동 1144-2,강원특별자치도 강릉시_분전함_20230820.csv,58
GN-CTL-6ee3db6979,gangneung,GN-CAB-6ee3db6979,KNC,YB,23,0,GMC-200S,3,23,-20.0,5.0,220.0,1,1,37.7638177,128.9077645,강원특별자치도 강릉시 포남동 1197-35,강원특별자치도 강릉시_분전함_20230820.csv,59
GN-CTL-f6bdead4fa,gangneung,GN-CAB-f6bdead4fa,KNI,YB,24,0,GMC-200,3,24,-36.0,10.0,220.0,1,100,37.7518556,128.894159,강원특별자치도 강릉시 성내동 14-3,강원특별자치도 강릉시_분전함_20230820.csv,60
GN-CTL-bb23d69cea,gangneung,GN-CAB-bb23d69cea,KNC,YB,24,0,GMC-200S,3,24,-20.0,5.0,220.0,1,1,37.751588,128.894347,강원특별자치도 강릉시 성내동 17-2,강원특별자치도 강릉시_분전함_20230820.csv,61
GN-CTL-708959e7ee,gangneung,GN-CAB-708959e7ee,KNC,YB,25,0,GMC-200S,3,25,-20.0,5.0,220.0,1,20,37.7503046,128.8950682,강원특별자치도 강릉시 남문동 50-2,강원특별자치도 강릉시_분전함_20230820.csv,62
GN-CTL-877d04d763,gangneung,GN-CAB-877d04d763,KNI,YB,25,0,GMC-200,3,25,-15.0,10.0,220.0,1,100,37.7502613,128.8952745,강원특별자치도 강릉시 성남동 284,강원특별자치도 강릉시_분전함_20230820.csv,63
GN-CTL-c8ae3a7dca,gangneung,GN-CAB-c8ae3a7dca,KNC,YB,26,0,GMC-200S,3,26,-20.0,5.0,220.0,1,30,37.7547911,128.9026602,강원특별자치도 강릉시 성남동 292,강원특별자치도 강릉시_분전함_20230820.csv,64
GN-CTL-94197dd303,gangneung,GN-CAB-94197dd303,KNI,YB,26,0,GMC-200,3,26,-15.0,10.0,220.0,1,60,37.7547911,128.9026602,강원특별자치도 강릉시 성남동 292,강원특별자치도 강릉시_분전함_20230820.csv,65
GN-CTL-1cc6c66495,gangneung,GN-CAB-1cc6c66495,KNC,YB,27,0,GMC-200S,3,27,-20.0,5.0,220.0,5,60,37.7634166,128.9069986,강원특별자치도 강릉시 포남동 1133-1,강원특별자치도 강릉시_분전함_20230820.csv,66
GN-CTL-96036e88d1,gangneung,GN-CAB-96036e88d1,KNI,YB,27,0,GMC-200,3,27,-15.0,5.0,220.0,5,60,37.7634166,128.9069986,강원특별자치도 강릉시 포남동 1133-1,강원특별자치도 강릉시_분전함_20230820.csv,67
GN-CTL-7676cab0e2,gangneung,GN-CAB-7676cab0e2,KNI,YB,28,0,GMC-200,3,28,-15.0,10.0,220.0,1,60,37.7667759,128.9106831,강원특별자치도 강릉시 포남동 1171-15,강원특별자치도 강릉시_분전함_20230820.csv,68
GN-CTL-52d6fac39d,gangneung,GN-CAB-52d6fac39d,KNC,YB,28,0,GMC-200S,3,28,-20.0,5.0,220.0,1,60,37.7668019,128.9106013,강원특별자치도 강릉시 포남동 1197-16,강원특별자치도 강릉시_분전함_20230820.csv,69
GN-CTL-20d0338983,gangneung,GN-CAB-20d0338983,KNI,YB,29,0,GMC-200,3,29,-15.0,10.0,220.0,1,60,37.7726162,128.9458749,강원특별자치도 강릉시 견소동 186-1,강원특별자치도 강릉시_분전함_20230820.csv,70
GN-CTL-0b187a0444,gangneung,GN-CAB-0b187a0444,KNC,YB,29,0,GMC-200S,3,29,-20.0,5.0,220.0,1,1,37.7726162,128.9458749,강원특별자치도 강릉시 견소동 186-1,강원특별자치도 강릉시_분전함_20230820.csv,71
GN-CTL-51fc7c84aa,gangneung,GN-CAB-51fc7c84aa,KNI,YB,30,0,GMC-200,3,30,-15.0,10.0,220.0,1,100,37.7503928,128.8957527,강원특별자치도 강릉시 성남동 227-3,강원특별자치도 강릉시_분전함_20230820.csv,72
GN-CTL-c06bfc4333,gangneung,GN-CAB-c06bfc4333,KNC,YB,30,0,GMC-200S,3,30,-20.0,5.0,220.0,1,60,37.7503928,128.8957527,강원특별자치도 강릉시 성남동 227-3,강원특별자치도 강릉시_분전함_20230820.csv,73
GN-CTL-d370cc4f90,gangneung,GN-CAB-d370cc4f90,KNI,YB,31,0,GMC-200,3,31,-15.0,10.0,220.0,1,100,37.74834,128.8931861,강원특별자치도 강릉시 내곡동 607-1,강원특별자치도 강릉시_분전함_20230820.csv,74
GN-CTL-a373d1547d,gangneung,GN-CAB-a373d1547d,KNC,YB,31,0,GMC-200S,3,31,-20.0,5.0,220.0,0,60,37.7487158,128.8943935,강원특별자치도 강릉시 노암동 825-2,강원특별자치도 강릉시_분전함_20230820.csv,75
GN-CTL-aa8b17e282,gangneung,GN-CAB-aa8b17e282,KNI,YB,32,0,GMC-200,3,32,-15.0,10.0,220.0,1,100,37.89362,128.8240175,강원특별자치도 강릉시 주문진읍 주문리 336-6,강원특별자치도 강릉시_분전함_20230820.csv,76
GN-CTL-060b49560a,gangneung,GN-CAB-060b49560a,KNC,YB,32,0,GMC-200S,3,32,-20.0,5.0,220.0,1,5,37.8935934,128.8240256,강원특별자치도 강릉시 주문진읍 주문리 1047-6,강원특별자치도 강릉시_분전함_20230820.csv,77
GN-CTL-da0992126c,gangneung,GN-CAB-da0992126c,KNC,YB,33,0,GMC-200S,3,33,-20.0,5.0,220.0,1,10,37.8883133,128.8246544,강원특별자치도 강릉시 주문진읍 교항리 207-5,강원특별자치도 강릉시_분전함_20230820.csv,78
GN-CTL-53f13c9481,gangneung,GN-CAB-53f13c9481,KNI,YB,33,0,GMC-200,3,33,-15.0,10.0,220.0,1,10,37.8883357,128.8246406,강원특별자치도 강릉시 주문진읍 교항리 207-1,강원특별자치도 강릉시_분전함_20230820.csv,79
GN-CTL-5068b44456,gangneung,GN-CAB-5068b44456,KNC,YB,34,0,GMC-200N,3,34,-20.0,5.0,220.0,0,60,37.7558288,128.9160081,강원특별자치도 강릉시 입암동 279-15,강원특별자치도 강릉시_분전함_20230820.csv,80
GN-CTL-5f36cc4ab5,gangneung,GN-CAB-5f36cc4ab5,KNI,YB,34,0,GMC-200N,3,34,-15.0,5.0,220.0,0,10,37.7558288,128.9160081,강원특별자치도 강릉시 입암동 279-15,강원특별자치도 강릉시_분전함_20230820.csv,81
GN-CTL-988976fcfd,gangneung,GN-CAB-988976fcfd,KNI,YB,35,0,GMC-200N,3,35,-15.0,5.0,220.0,0,10,37.7558263,128.9157949,강원특별자치도 강릉시 입암동 279-15,강원특별자치도 강릉시_분전함_20230820.csv,82
GN-CTL-9a946253f9,gangneung,GN-CAB-9a946253f9,KNC,YB,35,0,GMC-200N,3,35,-20.0,5.0,220.0,0,60,37.7558263,128.9157949,강원특별자치도 강릉시 입암동 279-15,강원특별자치도 강릉시_분전함_20230820.csv,83
GN-CTL-5118a010cb,gangneung,GN-CAB-5118a010cb,KNC,YB,36,0,GMC-200S,3,36,-20.0,5.0,220.0,1,60,37.8058237,128.9074837,강원특별자치도 강릉시 안현동 89-66,강원특별자치도 강릉시_분전함_20230820.csv,84
GN-CTL-f988e99890,gangneung,GN-CAB-f988e99890,KNI,YB,36,0,GMC-200,3,36,-20.0,10.0,220.0,1,60,37.8058237,128.9074837,강원특별자치도 강릉시 안현동 89-66,강원특별자치도 강릉시_분전함_20230820.csv,85
GN-CTL-75784fdea3,gangneung,GN-CAB-75784fdea3,KNC,YB,37,0,GMC-200S,3,37,-20.0,5.0,220.0,1,5,37.7947922,128.8530807,강원특별자치도 강릉시 대전동 913,강원특별자치도 강릉시_분전함_20230820.csv,86
GN-CTL-06a4b673fa,gangneung,GN-CAB-06a4b673fa,KNI,YB,37,0,GMC-200,3,37,-15.0,10.0,220.0,1,100,37.7946683,128.8534248,강원특별자치도 강릉시 대전동 916-1,강원특별자치도 강릉시_분전함_20230820.csv,87
GN-CTL-5e9a051df5,gangneung,GN-CAB-5e9a051df5,KNI,YB,38,0,GMC-200,3,38,-15.0,10.0,220.0,1,100,37.7958341,128.85295,강원특별자치도 강릉시 대전동 916-2,강원특별자치도 강릉시_분전함_20230820.csv,88
GN-CTL-ba1f47a2a3,gangneung,GN-CAB-ba1f47a2a3,KNC,YB,38,0,GMC-200S,3,38,-20.0,5.0,220.0,1,5,37.7958123,128.8527367,강원특별자치도 강릉시 대전동 916-1,강원특별자치도 강릉시_분전함_20230820.csv,89
GN-CTL-6f7d6165c5,gangneung,GN-CAB-6f7d6165c5,KNI,YB,39,0,GMC-200,3,39,-15.0,10.0,220.0,1,60,37.7983323,128.8526154,강원특별자치도 강릉시 대전동 915-2,강원특별자치도 강릉시_분전함_20230820.csv,90
GN-CTL-f864c99f92,gangneung,GN-CAB-f864c99f92,KNC,YB,39,0,GMC-200S,3,39,-20.0,5.0,220.0,1,5,37.7984878,128.8526325,강원특별자치도 강릉시 대전동 915-2,강원특별자치도 강릉시_분전함_20230820.csv,91
GN-CTL-31dbda92f1,gangneung,GN-CAB-31dbda92f1,KNI,YB,40,0,GMC-200,3,0,-15.0,10.0,220.0,1,60,37.7462227,128.8629776,강원특별자치도 강릉시 홍제동 783-2,강원특별자치도 강릉시_분전함_20230820.csv,92
GN-CTL-cb677e3a6a,gangneung,GN-CAB-cb677e3a6a,KNC,YB,40,0,GMC-200,3,0,-20.0,5.0,220.0,1,39,37.7462201,128.8630258,강원특별자치도 강릉시 홍제동 783-6,강원특별자치도 강릉시_분전함_20230820.csv,93
GN-CTL-a5cb6dff70,gangneung,GN-CAB-a5cb6dff70,KNC,YB,41,0,GMC-200S,3,41,-20.0,5.0,220.0,1,5,37.8028592,128.8544661,강원특별자치도 강릉시 대전동 895,강원특별자치도 강릉시_분전함_20230820.csv,94
GN-CTL-e28944d3d0,gangneung,GN-CAB-e28944d3d0,KNI,YB,41,0,GMC-200,3,41,-15.0,10.0,220.0,1,100,37.8030472,128.8547478,강원특별자치도 강릉시 대전동 897-2,강원특별자치도 강릉시_분전함_20230820.csv,95
GN-CTL-f20bc9145a,gangneung,GN-CAB-f20bc9145a,KNC,YB,42,0,GMC-200,3,42,-20.0,5.0,220.0,1,5,37.8026176,128.8574008,강원특별자치도 강릉시 대전동 902-4,강원특별자치도 강릉시_분전함_20230820.csv,96
GN-CTL-c8868e5480,gangneung,GN-CAB-c8868e5480,KNI,YB,42,0,GMC-200,3,42,-15.0,10.0,220.0,1,100,37.8025462,128.8567293,강원특별자치도 강릉시 대전동 902-4,강원특별자치도 강릉시_분전함_20230820.csv,97
GN-CTL-2de3bb861f,gangneung,GN-CAB-2de3bb861f,KNC,YB,43,0,GMC-200S,3,43,-20.0,5.0,220.0,1,60,37.8043919,128.8577215,강원특별자치도 강릉시 대전동 898-1,강원특별자치도 강릉시_분전함_20230820.csv,98
GN-CTL-a94363cd09,gangneung,GN-CAB-a94363cd09,KNI,YB,43,0,GMC-200,3,43,-15.0,10.0,220.0,1,100,37.8043841,128.8579883,강원특별자치도 강릉시 대전동 898-2,강원특별자치도 강릉시_분전함_20230820.csv,99
GN-CTL-2b5c162b1a,gangneung,GN-CAB-2b5c162b1a,KNC,YB,44,0,GMC-200S,3,44,-20.0,5.0,220.0,1,5,37.8076224,128.8538466,강원특별자치도 강릉시 사천면 방동리 804-3,강원특별자치도 강릉시_분전함_20230820.csv,100
GN-CTL-d9224331d4,gangneung,GN-CAB-d9224331d4,KNI,YB,44,0,GMC-200,3,44,-15.0,10.0,220.0,1,100,37.8076395,128.8539037,강원특별자치도 강릉시 사천면 방동리 804-1,강원특별자치도 강릉시_분전함_20230820.csv,101
GN-CTL-9bdba64dce,gangneung,GN-CAB-9bdba64dce,KNC,YB,45,0,GMC-200S,3,45,-20.0,5.0,220.0,0,10,37.8069771,128.8533055,강원특별자치도 강릉시 사천면 방동리 496,강원특별자치도 강릉시_분전함_20230820.csv,102
GN-CTL-c8d1f3e9aa,gangneung,GN-CAB-c8d1f3e9aa,KNI,YB,45,0,GMC-200,3,45,-15.0,10.0,220.0,0,100,37.8069771,128.8533055,강원특별자치도 강릉시 사천면 방동리 496,강원특별자치도 강릉시_분전함_20230820.csv,103
GN-CTL-f3755d448b,gangneung,GN-CAB-f3755d448b,KNC,YB,46,0,GMC-200S,3,46,-20.0,5.0,220.0,1,5,37.8101992,128.8544642,강원특별자치도 강릉시 사천면 방동리 801-2,강원특별자치도 강릉시_분전함_20230820.csv,104
GN-CTL-6142690f19,gangneung,GN-CAB-6142690f19,KNI,YB,46,0,GMC-200,3,46,-15.0,-10.0,220.0,1,60,37.8101849,128.8545122,강원특별자치도 강릉시 사천면 방동리 801-2,강원특별자치도 강릉시_분전함_20230820.csv,105
GN-CTL-911c4ed76a,gangneung,GN-CAB-911c4ed76a,KNI,YB,47,0,GMC-200,3,47,-15.0,10.0,220.0,1,60,37.8090006,128.8563043,강원특별자치도 강릉시 사천면 방동리 802,강원특별자치도 강릉시_분전함_20230820.csv,106
GN-CTL-a6082ef9cb,gangneung,GN-CAB-a6082ef9cb,KNC,YB,47,0,GMC-200S,3,47,-20.0,5.0,220.0,1,5,37.8088531,128.8562193,강원특별자치도 강릉시 사천면 방동리 804-2,강원특별자치도 강릉시_분전함_20230820.csv,107
GN-CTL-9dd39c91d6,gangneung,GN-CAB-9dd39c91d6,KNI,YB,48,0,GMC-200,3,48,-15.0,10.0,220.0,1,100,37.810137,128.857385,강원특별자치도 강릉시 사천면 방동리 산143-5,강원특별자치도 강릉시_분전함_20230820.csv,108
GN-CTL-4606c9db7a,gangneung,GN-CAB-4606c9db7a,KNC,YB,48,0,GMC-200,3,48,-20.0,5.0,220.0,1,40,37.810063,128.8575909,강원특별자치도 강릉시 사천면 방동리 산143-5,강원특별자치도 강릉시_분전함_20230820.csv,109
GN-CTL-d9c883974e,gangneung,GN-CAB-d9c883974e,KNC,YB,49,0,GMC-200S,3,49,-20.0,5.0,220.0,1,40,37.8124622,128.8560887,강원특별자치도 강릉시 사천면 방동리 600-2,강원특별자치도 강릉시_분전함_20230820.csv,110
GN-CTL-7f78a1f203,gangneung,GN-CAB-7f78a1f203,KNI,YB,49,0,GMC-200,3,49,-15.0,10.0,220.0,1,100,37.8124714,128.8560491,강원특별자치도 강릉시 사천면 방동리 710,강원특별자치도 강릉시_분전함_20230820.csv,111
GN-CTL-d5dfd9efbd,gangneung,GN-CAB-d5dfd9efbd,KNI,YB,50,0,GMC-200,3,50,-15.0,10.0,220.0,1,100,37.8099607,128.858087,강원특별자치도 강릉시 사천면 방동리 589,강원특별자치도 강릉시_분전함_20230820.csv,112
GN-CTL-62abbca8e1,gangneung,GN-CAB-62abbca8e1,KNC,YB,50,0,GMC-200S,3,50,-20.0,5.0,220.0,1,60,37.8097623,128.8581232,강원특별자치도 강릉시 사천면 방동리 589,강원특별자치도 강릉시_분전함_20230820.csv,113
GN-CTL-3962748998,gangneung,GN-CAB-3962748998,KNC,YB,51,0,GMC-200S,3,51,-20.0,5.0,220.0,1,10,37.8096796,128.8586657,강원특별자치도 강릉시 사천면 방동리 594,강원특별자치도 강릉시_분전함_20230820.csv,114
GN-CTL-03887775fa,gangneung,GN-CAB-03887775fa,KNI,YB,51,0,GMC-200,3,51,-15.0,10.0,220.0,1,100,37.8097042,128.8586633,강원특별자치도 강릉시 사천면 방동리 589,강원특별자치도 강릉시_분전함_20230820.csv,115
GN-CTL-7f447f072d,gangneung,GN-CAB-7f447f072d,KNC,YB,52,0,GMC-200S,3,52,-20.0,5.0,220.0,1,10,37.8917754,128.8281836,강원특별자치도 강릉시 주문진읍 주문리 312-522,강원특별자치도 강릉시_분전함_20230820.csv,116
GN-CTL-e7d1c47ec2,gangneung,GN-CAB-e7d1c47ec2,KNI,YB,52,0,GMC-200,3,52,-15.0,10.0,220.0,1,5,37.8917797,128.8281808,강원특별자치도 강릉시 주문진읍 주문리 312-200,강원특별자치도 강릉시_분전함_20230820.csv,117
GN-CTL-cb2613d334,gangneung,GN-CAB-cb2613d334,KNI,YB,53,0,GMC-200,3,0,-15.0,5.0,220.0,0,5,37.7719104,128.948488,강원특별자치도 강릉시 견소동 163,강원특별자치도 강릉시_분전함_20230820.csv,118
GN-CTL-6e3dd14d70,gangneung,GN-CAB-6e3dd14d70,KNC,YB,53,0,GMC-200N,3,0,-40.0,5.0,220.0,0,27,37.7718545,128.9484728,강원특별자치도 강릉시 강원도 강릉시 송정동,강원특별자치도 강릉시_분전함_20230820.csv,119
GN-CTL-c84bb0a444,gangneung,GN-CAB-c84bb0a444,KNC,YB,54,0,GMC-200,3,0,-15.0,5.0,220.0,0,10,37.8690405,128.8453837,강원특별자치도 강릉시 연곡면 영진리,강원특별자치도 강릉시_분전함_20230820.csv,120
GN-CTL-d87be213c6,gangneung,GN-CAB-d87be213c6,KNI,YB,54,0,GMC-200,3,0,-15.0,10.0,220.0,1,60,37.8690688,128.8454069,강원특별자치도 강릉시 연곡면 영진리 72-24,강원특별자치도 강릉시_분전함_20230820.csv,121
GN-CTL-6e269bc55f,gangneung,GN-CAB-6e269bc55f,KNI,YB,55,0,GMC-200N,3,0,-15.0,10.0,220.0,0,110,37.8736254,128.8394802,강원특별자치도 강릉시 연곡면 영진리 367-15,강원특별자치도 강릉시_분전함_20230820.csv,122
GN-CTL-f387c2fc90,gangneung,GN-CAB-f387c2fc90,KNC,YB,55,0,GMC-200N,3,0,-50.0,5.0,220.0,0,10,37.8735921,128.8394881,강원특별자치도 강릉시 연곡면 영진리 367-26,강원특별자치도 강릉시_분전함_20230820.csv,123
GN-CTL-dc17cf3cce,gangneung,GN-CAB-dc17cf3cce,KNC,YB,56,0,GMC-200S,3,0,-20.0,5.0,220.0,1,5,37.749898,128.8624538,강원특별자치도 강릉시 홍제동 839,강원특별자치도 강릉시_분전함_20230820.csv,124
GN-CTL-409a0e0727,gangneung,GN-CAB-409a0e0727,KNC,YB,57,0,GMC-200N,3,0,-20.0,5.0,220.0,0,6,37.8003365,128.8644253,강원특별자치도 강릉시 안현동 산171-3,강원특별자치도 강릉시_분전함_20230820.csv,125
GN-CTL-41354aa53e,gangneung,GN-CAB-41354aa53e,KNI,YB,57,0,GMC-200N,3,0,-15.0,10.0,220.0,0,110,37.8003365,128.8644253,강원특별자치도 강릉시 안현동 산171-3,강원특별자치도 강릉시_분전함_20230820.csv,126
GN-CTL-08c64689e7,gangneung,GN-CAB-08c64689e7,KNC,YB,58,0,GMC-200,3,0,-30.0,5.0,220.0,0,10,37.7461103,128.862921,강원특별자치도 강릉시 홍제동 784-1,강원특별자치도 강릉시_분전함_20230820.csv,127
GN-CTL-70b239a623,gangneung,GN-CAB-70b239a623,KNI,YB,58,0,GMC-200,3,0,-15.0,5.0,220.0,0,60,37.746323,128.8628199,강원특별자치도 강릉시 홍제동 783-2,강원특별자치도 강릉시_분전함_20230820.csv,128
GN-CTL-064d02e4c6,gangneung,GN-CAB-064d02e4c6,KNM,YB,58,0,GMC-200,3,0,-20.0,20.0,220.0,0,60,37.7471041,128.8933869,강원특별자치도 강릉시 강남동 742,강원특별자치도 강릉시_분전함_20230820.csv,129
GN-CTL-99a6d3cbe9,gangneung,GN-CAB-99a6d3cbe9,KNC,YB,59,0,GMC-200S,3,0,-20.0,5.0,220.0,1,5,37.7695881,128.9175166,강원특별자치도 강릉시 포남동 1314,강원특별자치도 강릉시_분전함_20230820.csv,130
GN-CTL-a5ff3b4807,gangneung,GN-CAB-a5ff3b4807,KNI,YB,59,0,GMC-200,3,0,-15.0,10.0,220.0,1,100,37.7695881,128.9175166,강원특별자치도 강릉시 포남동 1314,강원특별자치도 강릉시_분전함_20230820.csv,131
GN-CTL-80f45c1890,gangneung,GN-CAB-80f45c1890,KNC,YB,60,0,GMC-200S,3,0,-20.0,5.0,220.0,0,10,37.6195555,129.0494807,강원특별자치도 강릉시 옥계면 주수리 533-17,강원특별자치도 강릉시_분전함_20230820.csv,132
GN-CTL-505dc9e81d,gangneung,GN-CAB-505dc9e81d,KNM,YB,60,0,GMC-200,3,0,-20.0,20.0,220.0,0,60,37.7470912,128.8938973,강원특별자치도 강릉시 강남동 737-1,강원특별자치도 강릉시_분전함_20230820.csv,133
GN-CTL-248e03533a,gangneung,GN-CAB-248e03533a,KNI,YB,60,0,GMC-200,3,0,-15.0,10.0,220.0,0,60,37.6195468,129.0494352,강원특별자치도 강릉시 옥계면 주수리 533-18,강원특별자치도 강릉시_분전함_20230820.csv,134
GN-CTL-8db80888c1,gangneung,GN-CAB-8db80888c1,KNC,YB,61,0,GMC-200S,3,0,-20.0,5.0,220.0,0,5,37.8167106,128.852952,강원특별자치도 강릉시 사천면 미노리 산 64-2,강원특별자치도 강릉시_분전함_20230820.csv,135
GN-CTL-59025dc2ad,gangneung,GN-CAB-59025dc2ad,KNI,YB,61,0,GMC-200,3,0,-15.0,10.0,220.0,0,100,37.8167106,128.852952,강원특별자치도 강릉시 사천면 미노리 산 64-2,강원특별자치도 강릉시_분전함_20230820.csv,136
GN-CTL-fde73b6335,gangneung,GN-CAB-fde73b6335,KNM,YB,61,0,GMC-200,3,0,-20.0,20.0,220.0,0,210,37.7466702,128.8935745,강원특별자치도 강릉시 강남동 643,강원특별자치도 강릉시_분전함_20230820.csv,137
GN-CTL-70e84cfecd,gangneung,GN-CAB-70e84cfecd,KNM,YB,62,0,GMC-200,3,0,-20.0,20.0,220.0,0,210,37.7462326,128.8942387,강원특별자치도 강릉시 강남동 646,강원특별자치도 강릉시_분전함_20230820.csv,138
GN-CTL-d08ee06707,gangneung,GN-CAB-d08ee06707,KNI,YB,62,0,GMC-200SN,3,0,-15.0,10.0,220.0,0,60,37.8210411,128.8521728,강원특별자치도 강릉시 사천면 미노리 423,강원특별자치도 강릉시_분전함_20230820.csv,139
GN-CTL-190c583175,gangneung,GN-CAB-190c583175,KNC,YB,62,0,GMC-200SN,3,0,-20.0,5.0,220.0,0,10,37.8210411,128.8521728,강원특별자치도 강릉시 사천면 미노리 423,강원특별자치도 강릉시_분전함_20230820.csv,140
GN-CTL-2dfd55d6c9,gangneung,GN-CAB-2dfd55d6c9,KNC,YB,63,0,GRC-100,1,3,-25.0,5.0,220.0,1,60,37.7870388,128.8510532,강원특별자치도 강릉시 대전동 434-2,강원특별자치도 강릉시_분전함_20230820.csv,141
GN-CTL-b3438c98c0,gangneung,GN-CAB-b3438c98c0,KNI,YB,63,0,GRC-100,1,3,-15.0,10.0,220.0,1,60,37.786163,128.8508973,강원특별자치도 강릉시 대전동 산160-1,강원특별자치도 강릉시_분전함_20230820.csv,142
GN-CTL-a9189814d5,gangneung,GN-CAB-a9189814d5,KNC,YB,64,0,GMC-200S,3,0,-20.0,5.0,220.0,1,5,37.7555748,128.8658465,강원특별자치도 강릉시 홍제동 665-1,강원특별자치도 강릉시_분전함_20230820.csv,143
GN-CTL-dc9dda1a71,gangneung,GN-CAB-dc9dda1a71,KNC,YB,65,0,GMC-200S,3,0,-20.0,5.0,220.0,1,5,37.760612,128.8654663,강원특별자치도 강릉시 유천동 186-1,강원특별자치도 강릉시_분전함_20230820.csv,144
GN-CTL-a4ef109695,gangneung,GN-CAB-a4ef109695,KNI,YB,65,0,GMC-200,3,0,-15.0,10.0,220.0,1,60,37.7609909,128.8653852,강원특별자치도 강릉시 유천동 195-2,강원특별자치도 강릉시_분전함_20230820.csv,145
GN-CTL-2c0818e350,gangneung,GN-CAB-2c0818e350,KNC,YB,66,0,GMC-200S,3,0,-15.0,5.0,220.0,0,5,37.7689132,128.8542747,강원특별자치도 강릉시 유천동 산123-1,강원특별자치도 강릉시_분전함_20230820.csv,146
GN-CTL-96285682e9,gangneung,GN-CAB-96285682e9,KNI,YB,66,0,GMC-200,3,0,-15.0,10.0,220.0,1,60,37.7689204,128.854218,강원특별자치도 강릉시 유천동 산123-1,강원특별자치도 강릉시_분전함_20230820.csv,147
GN-CTL-1d6692fe86,gangneung,GN-CAB-1d6692fe86,KNI,YB,67,0,GMC-200N,3,7,-15.0,11.0,220.0,0,60,37.7791973,128.8509989,강원특별자치도 강릉시 죽헌동 산95-2,강원특별자치도 강릉시_분전함_20230820.csv,148
GN-CTL-956e7654f7,gangneung,GN-CAB-956e7654f7,KNM,YB,67,0,GMC-200,3,0,-15.0,-10.0,220.0,0,160,37.7977624,128.9094516,강원특별자치도 강릉시 초당동 459-2,강원특별자치도 강릉시_분전함_20230820.csv,149
GN-CTL-4446c24897,gangneung,GN-CAB-4446c24897,KNC,YB,67,0,GMC-200N,3,7,-20.0,5.0,220.0,0,5,37.7791973,128.8509989,강원특별자치도 강릉시 죽헌동 산95-2,강원특별자치도 강릉시_분전함_20230820.csv,150
GN-CTL-dfc754e5f2,gangneung,GN-CAB-dfc754e5f2,KNC,YB,68,0,GMC-200S,3,8,-20.0,5.0,220.0,1,5,37.7844406,128.85052,강원특별자치도 강릉시 대전동 산160-1,강원특별자치도 강릉시_분전함_20230820.csv,151
GN-CTL-6bb1747e8c,gangneung,GN-CAB-6bb1747e8c,KNI,YB,68,0,GMC-200,3,8,-15.0,10.0,220.0,1,100,37.7839942,128.8505204,강원특별자치도 강릉시 대전동 391,강원특별자치도 강릉시_분전함_20230820.csv,152
GN-CTL-e1f0ffee40,gangneung,GN-CAB-e1f0ffee40,KNC,YB,69,0,GMC-200N,3,9,-20.0,5.0,220.0,3,8,37.7873838,128.85086,강원특별자치도 강릉시 대전동 산177-7,강원특별자치도 강릉시_분전함_20230820.csv,153
GN-CTL-61db49ab53,gangneung,GN-CAB-61db49ab53,KNI,YB,69,0,GRC-100,3,9,-15.0,10.0,220.0,3,100,37.7861834,128.8505683,강원특별자치도 강릉시 대전동 산160-1,강원특별자치도 강릉시_분전함_20230820.csv,154
GN-CTL-cf913ea81c,gangneung,GN-CAB-cf913ea81c,KNI,YB,70,0,GMC-200N,3,0,-15.0,10.0,220.0,0,10,37.7997611,128.8506561,강원특별자치도 강릉시 대전동 906,강원특별자치도 강릉시_분전함_20230820.csv,155
GN-CTL-8a06e8364d,gangneung,GN-CAB-8a06e8364d,KNC,YB,70,0,GMC-200N,3,0,-20.0,5.0,220.0,0,1,37.7997569,128.8506561,강원특별자치도 강릉시 대전동 905-6,강원특별자치도 강릉시_분전함_20230820.csv,156
GN-CTL-02b7c39671,gangneung,GN-CAB-02b7c39671,KNI,YB,71,0,GMC-200,3,0,-15.0,10.0,220.0,1,100,37.891397,128.8287905,강원특별자치도 강릉시 주문진읍 교항리 184-92,강원특별자치도 강릉시_분전함_20230820.csv,157
GN-CTL-9d20fe3907,gangneung,GN-CAB-9d20fe3907,KNC,YB,71,0,GMC-200S,3,0,-20.0,5.0,220.0,1,100,37.8914133,128.8287624,강원특별자치도 강릉시 주문진읍 주문리 312-458,강원특별자치도 강릉시_분전함_20230820.csv,158
GN-CTL-e6ab2c991b,gangneung,GN-CAB-e6ab2c991b,KNI,YB,72,0,GMC-200,3,0,-15.0,10.0,220.0,1,30,37.7667583,128.9152797,강원특별자치도 강릉시 포남동 1281,강원특별자치도 강릉시_분전함_20230820.csv,159
GN-CTL-4e447aa5bf,gangneung,GN-CAB-4e447aa5bf,KNC,YB,72,0,GMC-200S,3,0,-20.0,5.0,220.0,1,60,37.7670783,128.9164503,강원특별자치도 강릉시 포남동 1281,강원특별자치도 강릉시_분전함_20230820.csv,160
GN-CTL-aa6ccb1338,gangneung,GN-CAB-aa6ccb1338,KNC,YB,73,0,GMC-200N,3,0,-20.0,5.0,220.0,5,60,37.7696399,128.9065903,강원특별자치도 강릉시 포남동 1197-13,강원특별자치도 강릉시_분전함_20230820.csv,161
GN-CTL-527daac143,gangneung,GN-CAB-527daac143,KNI,YB,73,0,GMC-200NK,3,0,-15.0,5.0,220.0,5,60,37.7695274,128.9067442,강원특별자치도 강릉시 포남동 1197-13,강원특별자치도 강릉시_분전함_20230820.csv,162
GN-CTL-7caf03ca27,gangneung,GN-CAB-7caf03ca27,KNI,YB,74,0,GMC-200S,3,0,-15.0,10.0,220.0,1,60,37.8397252,128.8770763,강원특별자치도 강릉시 사천면,강원특별자치도 강릉시_분전함_20230820.csv,163
GN-CTL-b68c42f276,gangneung,GN-CAB-b68c42f276,KNC,YB,74,0,GMC-200S,3,0,-20.0,5.0,220.0,1,5,37.8397232,128.8770763,강원특별자치도 강릉시 사천면 사천진리 266-2,강원특별자치도 강릉시_분전함_20230820.csv,164
GN-CTL-c35b98c16c,gangneung,GN-CAB-c35b98c16c,KNC,YB,75,0,GMC-200S,3,0,-20.0,5.0,220.0,1,60,37.7711989,128.9246762,강원특별자치도 강릉시 송정동 561-4,강원특별자치도 강릉시_분전함_20230820.csv,165
GN-CTL-ab9f6cd28b,gangneung,GN-CAB-ab9f6cd28b,KNI,YB,75,0,GMC-200,3,0,-15.0,10.0,220.0,1,60,37.7711989,128.9246762,강원특별자치도 강릉시 송정동 561-4,강원특별자치도 강릉시_분전함_20230820.csv,166
GN-CTL-8c45d0d481,gangneung,GN-CAB-8c45d0d481,KNC,YB,76,0,GMC-200S,3,0,-15.0,5.0,220.0,0,10,37.7722344,128.9350808,강원특별자치도 강릉시 송정동 123-3,강원특별자치도 강릉시_분전함_20230820.csv,167
GN-CTL-011921ddc6,gangneung,GN-CAB-011921ddc6,KNI,YB,76,0,GMC-200,3,0,-15.0,10.0,220.0,1,60,37.7723052,128.9340546,강원특별자치도 강릉시 송정동 1022-2,강원특별자치도 강릉시_분전함_20230820.csv,168
GN-CTL-eabb128bfa,gangneung,GN-CAB-eabb128bfa,KNC,YB,77,0,GMC-200S,3,0,-20.0,5.0,220.0,1,1,37.7707247,128.9485074,강원특별자치도 강릉시 견소동 215-4,강원특별자치도 강릉시_분전함_20230820.csv,169
GN-CTL-d6cd33d905,gangneung,GN-CAB-d6cd33d905,KNI,YB,77,0,GMC-200,3,0,-15.0,10.0,220.0,1,60,37.7701876,128.9498394,강원특별자치도 강릉시 견소동 17,강원특별자치도 강릉시_분전함_20230820.csv,170
GN-CTL-f932f86230,gangneung,GN-CAB-f932f86230,KNC,YB,78,0,GMC-200,3,0,-25.0,15.0,220.0,3,60,37.7537762,128.8963383,강원특별자치도 강릉시 금학동 37-1,강원특별자치도 강릉시_분전함_20230820.csv,171
GN-CTL-3d1e3265c9,gangneung,GN-CAB-3d1e3265c9,KNI,YB,78,0,GMC-200,3,0,-15.0,10.0,220.0,1,30,37.7537762,128.8963383,강원특별자치도 강릉시 금학동 37-1,강원특별자치도 강릉시_분전함_20230820.csv,172
GN-CTL-ce43b9817a,gangneung,GN-CAB-ce43b9817a,KNC,YB,79,0,GMC-200S,3,0,-20.0,5.0,220.0,1,60,37.764228,128.9137018,강원특별자치도 강릉시 입암동 602-1,강원특별자치도 강릉시_분전함_20230820.csv,173
GN-CTL-81b5c32e71,gangneung,GN-CAB-81b5c32e71,KNI,YB,79,0,GMC-200,3,0,-15.0,10.0,220.0,1,60,37.7642562,128.9137733,강원특별자치도 강릉시 입암동 602-1,강원특별자치도 강릉시_분전함_20230820.csv,174
GN-CTL-83e5fdcd06,gangneung,GN-CAB-83e5fdcd06,KNC,YB,80,0,GMC-200S,3,0,-20.0,5.0,220.0,1,60,37.7692189,128.9515463,강원특별자치도 강릉시 견소동 11-3,강원특별자치도 강릉시_분전함_20230820.csv,175
GN-CTL-af94b3779a,gangneung,GN-CAB-af94b3779a,KNI,YB,80,0,GMC-200,3,0,-15.0,10.0,220.0,1,100,37.7692638,128.9515415,강원특별자치도 강릉시 견소동 11-1,강원특별자치도 강릉시_분전함_20230820.csv,176
GN-CTL-874202197d,gangneung,GN-CAB-874202197d,KNC,YB,81,0,GMC-200S,3,0,-20.0,5.0,220.0,1,240,37.7949945,128.8962546,강원특별자치도 강릉시 강원도 강릉시 경포동,강원특별자치도 강릉시_분전함_20230820.csv,177
GN-CTL-578cdea9be,gangneung,GN-CAB-578cdea9be,KNI,YB,81,0,GMC-200,3,0,-15.0,10.0,220.0,1,10,37.7950252,128.8963035,강원특별자치도 강릉시 저동 93-2,강원특별자치도 강릉시_분전함_20230820.csv,178
GN-CTL-33c6f84317,gangneung,GN-CAB-33c6f84317,KNC,YB,82,0,GMC-200S,3,0,-20.0,5.0,220.0,1,1,37.7556115,128.9067672,강원특별자치도 강릉시 입암동 679-9,강원특별자치도 강릉시_분전함_20230820.csv,179
GN-CTL-3d84c7135d,gangneung,GN-CAB-3d84c7135d,KNI,YB,82,0,GMC-200,3,0,-15.0,10.0,220.0,1,100,37.7551868,128.9062738,강원특별자치도 강릉시 입암동 679-9,강원특별자치도 강릉시_분전함_20230820.csv,180
GN-CTL-e40fb03747,gangneung,GN-CAB-e40fb03747,KNC,YB,83,0,GMC-200S,3,0,-20.0,5.0,220.0,1,60,37.7594418,128.9106611,강원특별자치도 강릉시 입암동 572-1,강원특별자치도 강릉시_분전함_20230820.csv,181
GN-CTL-a62020ffa5,gangneung,GN-CAB-a62020ffa5,KNI,YB,83,0,GMC-200,3,0,-15.0,10.0,220.0,1,100,37.7594418,128.9106611,강원특별자치도 강릉시 입암동 572-1,강원특별자치도 강릉시_분전함_20230820.csv,182
GN-CTL-968d624657,gangneung,GN-CAB-968d624657,KNI,YB,84,0,GMC-200,3,0,-1.0,-21.0,220.0,1,60,37.7623425,128.9095732,강원특별자치도 강릉시 포남동 1267-3,강원특별자치도 강릉시_분전함_20230820.csv,183
GN-CTL-9637844232,gangneung,GN-CAB-9637844232,KNC,YB,84,0,GMC-200,3,0,-20.0,5.0,220.0,1,60,37.7623425,128.9095732,강원특별자치도 강릉시 포남동 1267-3,강원특별자치도 강릉시_분전함_20230820.csv,184
GN-CTL-49dea9fb74,gangneung,GN-CAB-49dea9fb74,KNI,YB,85,0,GMC-200,3,0,-15.0,10.0,220.0,1,20,37.7464629,128.8707417,강원특별자치도 강릉시 홍제동 476-2,강원특별자치도 강릉시_분전함_20230820.csv,185
GN-CTL-ff055e3fef,gangneung,GN-CAB-ff055e3fef,KNC,YB,85,0,GMC-200S,3,0,-20.0,5.0,220.0,1,120,37.7464583,128.8707757,강원특별자치도 강릉시 홍제동 477-5,강원특별자치도 강릉시_분전함_20230820.csv,186
GN-CTL-e369ac9698,gangneung,GN-CAB-e369ac9698,KNC,YB,86,0,GMC-200S,3,0,-20.0,5.0,220.0,0,10,37.7457079,128.8651982,강원특별자치도 강릉시 홍제동 780-8,강원특별자치도 강릉시_분전함_20230820.csv,187
GN-CTL-df1ff491c1,gangneung,GN-CAB-df1ff491c1,KNI,YB,86,0,GMC-200,3,0,-15.0,10.0,220.0,1,100,37.745767,128.8649126,강원특별자치도 강릉시 홍제동 780-8,강원특별자치도 강릉시_분전함_20230820.csv,188
GN-CTL-205504b0f5,gangneung,GN-CAB-205504b0f5,KNC,YB,87,0,GMC-200S,3,0,-20.0,5.0,220.0,5,5,37.7474718,128.8778027,강원특별자치도 강릉시 홍제동 산78-2,강원특별자치도 강릉시_분전함_20230820.csv,189
GN-CTL-7142a29e89,gangneung,GN-CAB-7142a29e89,KNI,YB,87,0,GMC-200,3,0,-15.0,10.0,220.0,5,120,37.747546,128.8777671,강원특별자치도 강릉시 홍제동 산 78-2,강원특별자치도 강릉시_분전함_20230820.csv,190
GN-CTL-7a7a4a030e,gangneung,GN-CAB-7a7a4a030e,KNI,YB,88,0,GMC-200,3,0,-15.0,10.0,220.0,1,10,37.7454078,128.8598363,강원특별자치도 강릉시 홍제동 795-7,강원특별자치도 강릉시_분전함_20230820.csv,191
GN-CTL-3a9158158f,gangneung,GN-CAB-3a9158158f,KNC,YB,88,0,GMC-200S,3,0,-20.0,5.0,220.0,1,5,37.7453691,128.8598895,강원특별자치도 강릉시 홍제동 965-1,강원특별자치도 강릉시_분전함_20230820.csv,192
GN-CTL-95a4d9644b,gangneung,GN-CAB-95a4d9644b,KNI,YB,89,0,GMC-200,3,0,-15.0,10.0,220.0,1,100,37.7481146,128.883663,강원특별자치도 강릉시 홍제동 96-7,강원특별자치도 강릉시_분전함_20230820.csv,193
GN-CTL-c8a036a063,gangneung,GN-CAB-c8a036a063,KNC,YB,89,0,GMC-200S,3,0,-20.0,5.0,220.0,1,60,37.7481027,128.8837906,강원특별자치도 강릉시 홍제동 96-111,강원특별자치도 강릉시_분전함_20230820.csv,194
GN-CTL-4303ca7e69,gangneung,GN-CAB-4303ca7e69,KNC,YB,90,0,GMC-200S,3,0,-15.0,5.0,220.0,0,10,37.7496093,128.8923242,강원특별자치도 강릉시 남문동 67,강원특별자치도 강릉시_분전함_20230820.csv,195
GN-CTL-bab0953d3e,gangneung,GN-CAB-bab0953d3e,KNI,YB,90,0,GMC-200,3,0,-15.0,10.0,220.0,1,60,37.7497052,128.8925785,강원특별자치도 강릉시 남문동 143,강원특별자치도 강릉시_분전함_20230820.csv,196
GN-CTL-d1a3318e18,gangneung,GN-CAB-d1a3318e18,KNI,YB,91,0,GMC-200,3,0,-15.0,10.0,220.0,1,60,37.7504373,128.8958327,강원특별자치도 강릉시 성남동 227-3,강원특별자치도 강릉시_분전함_20230820.csv,197
GN-CTL-43b9497d8e,gangneung,GN-CAB-43b9497d8e,KNC,YB,91,0,GMC-200S,3,0,-20.0,5.0,220.0,1,5,37.7504373,128.8958327,강원특별자치도 강릉시 성남동 227-3,강원특별자치도 강릉시_분전함_20230820.csv,198
GN-CTL-523fcd731f,gangneung,GN-CAB-523fcd731f,KNC,YB,92,0,GMC-200S,3,0,-20.0,5.0,220.0,1,10,37.7582574,128.9068553,강원특별자치도 강릉시 포남동 930-4,강원특별자치도 강릉시_분전함_20230820.csv,199
GN-CTL-4764890212,gangneung,GN-CAB-4764890212,KNI,YB,92,0,GMC-200,3,0,-15.0,10.0,220.0,1,60,37.7583815,128.9067895,강원특별자치도 강릉시 포남동 1005-382,강원특별자치도 강릉시_분전함_20230820.csv,200
GN-CTL-724bc7a4a9,gangneung,GN-CAB-724bc7a4a9,KNC,YB,93,0,GMC-200S,3,0,-20.0,5.0,220.0,1,60,37.7639908,128.9102457,강원특별자치도 강릉시 포남동 1267-3,강원특별자치도 강릉시_분전함_20230820.csv,201
GN-CTL-a669fbbb6b,gangneung,GN-CAB-a669fbbb6b,KNI,YB,93,0,GMC-200,3,0,-15.0,10.0,220.0,1,100,37.7640497,128.9101843,강원특별자치도 강릉시 포남동 1005-377,강원특별자치도 강릉시_분전함_20230820.csv,202
GN-CTL-0f827c7b9e,gangneung,GN-CAB-0f827c7b9e,KNC,YB,94,0,GMC-200S,3,0,-40.0,5.0,220.0,1,50,37.7836395,128.9320638,강원특별자치도 강릉시 송정동 산5-4,강원특별자치도 강릉시_분전함_20230820.csv,203
GN-CTL-8711db19cf,gangneung,GN-CAB-8711db19cf,KNI,YB,94,0,GMC-200,3,0,-15.0,10.0,220.0,1,100,37.7831,128.9328397,강원특별자치도 강릉시 송정동 산 5-11,강원특별자치도 강릉시_분전함_20230820.csv,204
GN-CTL-9c911baef2,gangneung,GN-CAB-9c911baef2,KNI,YB,95,0,GMC-200,3,0,-15.0,10.0,220.0,1,60,37.7844552,128.8749004,강원특별자치도 강릉시 죽헌동 291-31,강원특별자치도 강릉시_분전함_20230820.csv,205
GN-CTL-2cdcad144e,gangneung,GN-CAB-2cdcad144e,KNC,YB,95,0,GMC-200S,3,0,-20.0,5.0,220.0,1,60,37.7844102,128.8749166,강원특별자치도 강릉시 죽헌동 306-6,강원특별자치도 강릉시_분전함_20230820.csv,206
GN-CTL-5ad6ab137b,gangneung,GN-CAB-5ad6ab137b,KNC,YB,96,0,GMC-200S,3,0,-20.0,5.0,220.0,1,6,37.785782,128.8854429,강원특별자치도 강릉시 운정동 958-1,강원특별자치도 강릉시_분전함_20230820.csv,207
GN-CTL-cd86e09ee1,gangneung,GN-CAB-cd86e09ee1,KNI,YB,96,0,GMC-200,3,0,-15.0,10.0,220.0,1,60,37.7858272,128.8854068,강원특별자치도 강릉시 운정동 958-1,강원특별자치도 강릉시_분전함_20230820.csv,208
GN-CTL-04414388c5,gangneung,GN-CAB-04414388c5,KNC,YB,97,0,GMC-200S,3,0,-20.0,5.0,220.0,1,3,37.8072026,128.9031024,강원특별자치도 강릉시 안현동 872,강원특별자치도 강릉시_분전함_20230820.csv,209
GN-CTL-8302393fb3,gangneung,GN-CAB-8302393fb3,KNI,YB,97,0,GMC-200,3,0,-15.0,10.0,220.0,1,60,37.8072901,128.9030954,강원특별자치도 강릉시 안현동 89-90,강원특별자치도 강릉시_분전함_20230820.csv,210
GN-CTL-9b114e22b6,gangneung,GN-CAB-9b114e22b6,KNC,YB,98,0,GMC-200S,3,0,-15.0,5.0,220.0,0,60,37.8093225,128.9012362,강원특별자치도 강릉시 안현동 82-16,강원특별자치도 강릉시_분전함_20230820.csv,211
GN-CTL-6cb9c10cce,gangneung,GN-CAB-6cb9c10cce,KNI,YB,98,0,GMC-200,3,0,-15.0,10.0,220.0,1,60,37.8092698,128.9010754,강원특별자치도 강릉시 안현동 산 15-1,강원특별자치도 강릉시_분전함_20230820.csv,212
GN-CTL-da5d88e16f,gangneung,GN-CAB-da5d88e16f,KNC,YB,99,0,GMC-200S,3,0,-20.0,5.0,220.0,1,4,37.8246338,128.8832045,강원특별자치도 강릉시 사천면 방동리 산277-7,강원특별자치도 강릉시_분전함_20230820.csv,213
GN-CTL-230bbd8813,gangneung,GN-CAB-230bbd8813,KNC,YB,100,0,GMC-200S,3,0,-30.0,20.0,220.0,1,1,37.8289836,128.8782521,강원특별자치도 강릉시 사천면 방동리 산279,강원특별자치도 강릉시_분전함_20230820.csv,214
GN-CTL-74db7ad3f3,gangneung,GN-CAB-74db7ad3f3,KNI,YB,100,0,GMC-200,3,0,-15.0,10.0,220.0,1,60,37.8290395,128.8782446,강원특별자치도 강릉시 사천면 방동리 산 279,강원특별자치도 강릉시_분전함_20230820.csv,215
GN-CTL-9affea5ca0,gangneung,GN-CAB-9affea5ca0,KNC,YB,101,0,GMC-200S,3,0,-20.0,5.0,220.0,1,1,37.8335571,128.8730862,강원특별자치도 강릉시 사천면 사천진리 90-2,강원특별자치도 강릉시_분전함_20230820.csv,216
GN-CTL-9bdcabc604,gangneung,GN-CAB-9bdcabc604,KNI,YB,101,0,GMC-200,3,0,-15.0,10.0,220.0,1,20,37.8335791,128.8730894,강원특별자치도 강릉시 사천면 사천진리 90-2,강원특별자치도 강릉시_분전함_20230820.csv,217
GN-CTL-04f70ca4cf,gangneung,GN-CAB-04f70ca4cf,KNC,YB,102,0,GMC-200,3,0,-20.0,5.0,220.0,1,10,37.8400868,128.8711954,강원특별자치도 강릉시 사천면 사천진리 47,강원특별자치도 강릉시_분전함_20230820.csv,218
GN-CTL-973380781c,gangneung,GN-CAB-973380781c,KNI,YB,102,0,GMC-200,3,0,-15.0,10.0,220.0,1,20,37.8400932,128.8712068,강원특별자치도 강릉시 사천면 사천진리 43-1,강원특별자치도 강릉시_분전함_20230820.csv,219
GN-CTL-c1f01083bc,gangneung,GN-CAB-c1f01083bc,KNI,YB,103,0,GMC-200,3,0,-36.0,10.0,220.0,1,60,37.7497481,128.8904797,강원특별자치도 강릉시 명주동 65,강원특별자치도 강릉시_분전함_20230820.csv,220
GN-CTL-a57dc66fb7,gangneung,GN-CAB-a57dc66fb7,KNC,YB,103,0,GMC-200S,3,0,-20.0,5.0,220.0,1,2,37.7497481,128.8904797,강원특별자치도 강릉시 명주동 65,강원특별자치도 강릉시_분전함_20230820.csv,221
GN-CTL-550455a700,gangneung,GN-CAB-550455a700,KNC,YB,104,0,GMC-200S,3,0,-20.0,5.0,220.0,1,5,37.7498084,128.8908435,강원특별자치도 강릉시 명주동 65,강원특별자치도 강릉시_분전함_20230820.csv,222
GN-CTL-2d9fab8579,gangneung,GN-CAB-2d9fab8579,KNI,YB,104,0,GMC-200,3,0,-36.0,10.0,220.0,1,160,37.7498084,128.8908435,강원특별자치도 강릉시 명주동 65,강원특별자치도 강릉시_분전함_20230820.csv,223
GN-CTL-51790b07f1,gangneung,GN-CAB-51790b07f1,KNI,YB,105,0,GMC-200,3,0,-15.0,10.0,220.0,1,60,37.7506022,128.9002036,강원특별자치도 강릉시 노암동 279-30,강원특별자치도 강릉시_분전함_20230820.csv,224
GN-CTL-6bdb1ce57f,gangneung,GN-CAB-6bdb1ce57f,KNC,YB,105,0,GMC-200S,3,0,-20.0,5.0,220.0,1,60,37.7506022,128.9002036,강원특별자치도 강릉시 노암동 279-30,강원특별자치도 강릉시_분전함_20230820.csv,225
GN-CTL-b81700fcb7,gangneung,GN-CAB-b81700fcb7,KNC,YB,106,0,GMC-200S,3,0,-20.0,5.0,220.0,3,9,37.7571222,128.9227954,강원특별자치도 강릉시 입암동 201-1,강원특별자치도 강릉시_분전함_20230820.csv,226
GN-CTL-501883214f,gangneung,GN-CAB-501883214f,KNI,YB,106,0,GMC-200,3,0,-15.0,10.0,220.0,3,60,37.7571575,128.9228329,강원특별자치도 강릉시 입암동 203-7,강원특별자치도 강릉시_분전함_20230820.csv,227
GN-CTL-7e73943c81,gangneung,GN-CAB-7e73943c81,KNC,YB,107,0,GMC-200S,3,0,-20.0,5.0,220.0,1,60,37.7814555,128.9150752,강원특별자치도 강릉시 포남동 1224,강원특별자치도 강릉시_분전함_20230820.csv,228
GN-CTL-cc89fdbfdd,gangneung,GN-CAB-cc89fdbfdd,KNI,YB,107,0,GMC-200,3,0,-15.0,10.0,220.0,1,60,37.7814555,128.9150752,강원특별자치도 강릉시 포남동 1224,강원특별자치도 강릉시_분전함_20230820.csv,229
GN-CTL-02c50f067c,gangneung,GN-CAB-02c50f067c,KNC,YB,108,0,GMC-200S,3,0,-20.0,5.0,220.0,1,60,37.762854,128.9156514,강원특별자치도 강릉시 입암동 593,강원특별자치도 강릉시_분전함_20230820.csv,230
GN-CTL-4eb3a88c4b,gangneung,GN-CAB-4eb3a88c4b,KNI,YB,108,0,GMC-200,3,0,-15.0,10.0,220.0,1,100,37.762854,128.9156514,강원특별자치도 강릉시 입암동 593,강원특별자치도 강릉시_분전함_20230820.csv,231
GN-CTL-e22703a69b,gangneung,GN-CAB-e22703a69b,KNC,YB,109,0,GMC-200S,3,0,-20.0,5.0,220.0,1,60,37.7603004,128.9184345,강원특별자치도 강릉시 입암동 104-1,강원특별자치도 강릉시_분전함_20230820.csv,232
GN-CTL-ffd5eac98f,gangneung,GN-CAB-ffd5eac98f,KNI,YB,109,0,GMC-200,3,0,-15.0,10.0,220.0,1,60,37.7603004,128.9184345,강원특별자치도 강릉시 입암동 106,강원특별자치도 강릉시_분전함_20230820.csv,233
GN-CTL-cdb4b45626,gangneung,GN-CAB-cdb4b45626,KNC,YB,110,0,GMC-200N,3,0,-20.0,5.0,220.0,0,10,37.7664626,128.8960801,강원특별자치도 강릉시 교동 288-13,강원특별자치도 강릉시_분전함_20230820.csv,234
GN-CTL-e0c7a2a92a,gangneung,GN-CAB-e0c7a2a92a,KNI,YB,110,0,GMC-200N,3,0,-15.0,5.0,220.0,0,10,37.7664916,128.8960834,강원특별자치도 강릉시 교2동 288-13,강원특별자치도 강릉시_분전함_20230820.csv,235
GN-CTL-9330bc1fec,gangneung,GN-CAB-9330bc1fec,KNI,YB,111,0,GMC-200,3,0,-15.0,10.0,220.0,1,60,37.7263848,128.8414542,강원특별자치도 강릉시 구정면 제비리 974-1,강원특별자치도 강릉시_분전함_20230820.csv,236
GN-CTL-f62e19e4eb,gangneung,GN-CAB-f62e19e4eb,KNC,YB,111,0,GMC-200S,3,0,-20.0,5.0,220.0,1,1,37.7263784,128.8414627,강원특별자치도 강릉시 구정면 제비리 936,강원특별자치도 강릉시_분전함_20230820.csv,237
GN-CTL-31154f1242,gangneung,GN-CAB-31154f1242,KNI,YB,112,0,GMC-200,3,0,-15.0,10.0,220.0,1,100,37.7979881,128.9117253,강원특별자치도 강릉시 강문동 297-1,강원특별자치도 강릉시_분전함_20230820.csv,238
GN-CTL-f1d220887f,gangneung,GN-CAB-f1d220887f,KNC,YB,112,0,GMC-200S,3,0,-20.0,5.0,220.0,1,5,37.7979881,128.9117253,강원특별자치도 강릉시 강문동 297-1,강원특별자치도 강릉시_분전함_20230820.csv,239
GN-CTL-8440083d6c,gangneung,GN-CAB-8440083d6c,KNI,YB,113,0,GMC-200,3,0,-15.0,10.0,220.0,1,100,37.7526869,128.896223,강원특별자치도 강릉시 성남동 105-2,강원특별자치도 강릉시_분전함_20230820.csv,240
GN-CTL-98423446ef,gangneung,GN-CAB-98423446ef,KNC,YB,113,0,GMC-200S,3,0,-20.0,5.0,220.0,1,1,37.7526869,128.896223,강원특별자치도 강릉시 성남동 105-2,강원특별자치도 강릉시_분전함_20230820.csv,241
GN-CTL-0ee91fc054,gangneung,GN-CAB-0ee91fc054,KNI,YB,114,0,GMC-200,3,0,-15.0,10.0,220.0,1,100,37.6875794,129.0376845,강원특별자치도 강릉시 강동면 정동진리 569-6,강원특별자치도 강릉시_분전함_20230820.csv,242
GN-CTL-73c53397b0,gangneung,GN-CAB-73c53397b0,KNC,YB,114,0,GMC-200S,3,0,-20.0,5.0,220.0,1,5,37.6875794,129.0376845,강원특별자치도 강릉시 강동면 정동진리 569-6,강원특별자치도 강릉시_분전함_20230820.csv,243
GN-CTL-a1b477aa94,gangneung,GN-CAB-a1b477aa94,KNI,YB,115,0,GMC-200,3,0,-15.0,10.0,220.0,1,100,37.7988098,128.9103388,강원특별자치도 강릉시 강문동 297-1,강원특별자치도 강릉시_분전함_20230820.csv,244
GN-CTL-a0585e7749,gangneung,GN-CAB-a0585e7749,KNC,YB,115,0,GMC-200S,3,0,-20.0,5.0,220.0,1,1,37.7988098,128.9103388,강원특별자치도 강릉시 강문동 297-1,강원특별자치도 강릉시_분전함_20230820.csv,245
GN-CTL-3ee4934a06,gangneung,GN-CAB-3ee4934a06,KNC,YB,116,0,GMC-200S,3,0,-50.0,5.0,220.0,1,90,37.7974914,128.9083809,강원특별자치도 강릉시 초당동 459-2,강원특별자치도 강릉시_분전함_20230820.csv,246
GN-CTL-b0d5dd69c3,gangneung,GN-CAB-b0d5dd69c3,KNI,YB,116,0,GMC-200,3,0,-15.0,10.0,220.0,1,200,37.7974914,128.9083809,강원특별자치도 강릉시 초당동 459-2,강원특별자치도 강릉시_분전함_20230820.csv,247
GN-CTL-17a620ac1b,gangneung,GN-CAB-17a620ac1b,KNC,YB,117,0,GMC-200S,3,0,-20.0,5.0,220.0,1,55,37.7444545,128.9052577,강원특별자치도 강릉시 노암동 133,강원특별자치도 강릉시_분전함_20230820.csv,248
GN-CTL-86b6b219cc,gangneung,GN-CAB-86b6b219cc,KNI,YB,117,0,GMC-200,3,0,-15.0,-10.0,220.0,1,60,37.7444545,128.9052577,강원특별자치도 강릉시 노암동 133,강원특별자치도 강릉시_분전함_20230820.csv,249
GN-CTL-44fd172f3c,gangneung,GN-CAB-44fd172f3c,KNI,YB,118,0,GMC-200,3,0,-15.0,10.0,220.0,1,100,37.7697591,128.9515819,강원특별자치도 강릉시 견소동 11-1,강원특별자치도 강릉시_분전함_20230820.csv,250
GN-CTL-aeeba2040b,gangneung,GN-CAB-aeeba2040b,KNC,YB,118,0,GMC-200S,3,0,-20.0,5.0,220.0,1,60,37.7697591,128.9515819,강원특별자치도 강릉시 견소동 11-1,강원특별자치도 강릉시_분전함_20230820.csv,251
GN-CTL-d5c344321e,gangneung,GN-CAB-d5c344321e,KNC,YB,119,0,GMC-200S,3,0,-20.0,5.0,220.0,1,5,37.803562,128.9051772,강원특별자치도 강릉시 안현동 852,강원특별자치도 강릉시_분전함_20230820.csv,252
GN-CTL-bbcecaabb6,gangneung,GN-CAB-bbcecaabb6,KNI,YB,119,0,GMC-200,3,0,-15.0,10.0,220.0,1,100,37.8026207,128.9045488,강원특별자치도 강릉시 안현동 867-7,강원특별자치도 강릉시_분전함_20230820.csv,253
GN-CTL-16e3904b85,gangneung,GN-CAB-16e3904b85,KNI,YB,120,0,GMC-200,3,0,-15.0,10.0,220.0,1,60,37.7482322,128.8871821,강원특별자치도 강릉시 남문동 67,강원특별자치도 강릉시_분전함_20230820.csv,254
GN-CTL-9d53917507,gangneung,GN-CAB-9d53917507,KNC,YB,120,0,GMC-200,3,0,-15.0,5.0,220.0,5,10,37.7482192,128.887182,강원특별자치도 강릉시 남문동 67,강원특별자치도 강릉시_분전함_20230820.csv,255
GN-CTL-ce1b0df959,gangneung,GN-CAB-ce1b0df959,KNC,YB,121,0,GMC-200S,3,0,-15.0,5.0,220.0,5,60,37.7522296,128.8918274,강원특별자치도 강릉시 명주동 38-1,강원특별자치도 강릉시_분전함_20230820.csv,256
GN-CTL-e7c9323d1f,gangneung,GN-CAB-e7c9323d1f,KNI,YB,121,0,GMC-200,3,0,-36.0,10.0,220.0,5,60,37.7524136,128.8918734,강원특별자치도 강릉시 명주동 38-1,강원특별자치도 강릉시_분전함_20230820.csv,257
GN-CTL-5f46485188,gangneung,GN-CAB-5f46485188,KNC,YB,122,0,PMC-200,3,0,-20.0,5.0,220.0,1,60,37.7977973,128.9165715,강원특별자치도 강릉시 강문동 248-4,강원특별자치도 강릉시_분전함_20230820.csv,258
GN-CTL-1c152d4acd,gangneung,GN-CAB-1c152d4acd,KNI,YB,122,0,PMC-200,3,0,-15.0,10.0,220.0,1,70,37.7977973,128.9165715,강원특별자치도 강릉시 강문동 248-4,강원특별자치도 강릉시_분전함_20230820.csv,259
GN-CTL-f502b4cc6c,gangneung,GN-CAB-f502b4cc6c,KNC,YB,123,0,PMC-200,3,0,-20.0,5.0,220.0,1,50,37.7969009,128.9171281,강원특별자치도 강릉시 강문동 248-4,강원특별자치도 강릉시_분전함_20230820.csv,260
GN-CTL-c790437977,gangneung,GN-CAB-c790437977,KNI,YB,123,0,PMC-200,3,0,-15.0,10.0,220.0,1,60,37.7969009,128.9171281,강원특별자치도 강릉시 강문동 248-4,강원특별자치도 강릉시_분전함_20230820.csv,261
GN-CTL-e53caae480,gangneung,GN-CAB-e53caae480,KNI,YB,124,0,GMC-200,3,0,-15.0,10.0,220.0,1,60,37.8160481,128.8936391,강원특별자치도 강릉시 안현동 201-9,강원특별자치도 강릉시_분전함_20230820.csv,262
GN-CTL-c07b5c025a,gangneung,GN-CAB-c07b5c025a,KNC,YB,124,0,GMC-200S,3,0,-20.0,5.0,220.0,1,11,37.8160032,128.893644,강원특별자치도 강릉시 안현동 산71-3,강원특별자치도 강릉시_분전함_20230820.csv,263
GN-CTL-06530f763f,gangneung,GN-CAB-06530f763f,KNI,YB,125,0,GMC-200,3,0,-15.0,10.0,220.0,1,60,37.7709213,128.9504731,강원특별자치도 강릉시 견소동 3-1,강원특별자치도 강릉시_분전함_20230820.csv,264
GN-CTL-51d0d36dbb,gangneung,GN-CAB-51d0d36dbb,KNC,YB,125,0,GMC-200S,3,0,-20.0,5.0,220.0,1,30,37.7708812,128.9504582,강원특별자치도 강릉시 견소동 286-4,강원특별자치도 강릉시_분전함_20230820.csv,265
GN-CTL-9cc1b2bd2a,gangneung,GN-CAB-9cc1b2bd2a,KNI,YB,126,0,GMC-200,3,0,-15.0,10.0,220.0,1,60,37.7611526,128.8943619,강원특별자치도 강릉시 교동 183-59,강원특별자치도 강릉시_분전함_20230820.csv,266
GN-CTL-4865962ba8,gangneung,GN-CAB-4865962ba8,KNC,YB,126,0,GMC-200S,3,0,-20.0,5.0,220.0,1,5,37.7609307,128.8944968,강원특별자치도 강릉시 교동 183-200,강원특별자치도 강릉시_분전함_20230820.csv,267
GN-CTL-4154520cfe,gangneung,GN-CAB-4154520cfe,KNC,YB,127,0,GMC-200S,3,0,-20.0,5.0,220.0,0,5,37.76249,128.8737899,강원특별자치도 강릉시 교동 1912,강원특별자치도 강릉시_분전함_20230820.csv,268
GN-CTL-4b45d47295,gangneung,GN-CAB-4b45d47295,KNC,YB,128,0,GMC-200S,3,0,-20.0,20.0,220.0,1,1,37.7639234,128.8821232,강원특별자치도 강릉시 교동 1762,강원특별자치도 강릉시_분전함_20230820.csv,269
GN-CTL-961eb632ae,gangneung,GN-CAB-961eb632ae,KNC,YB,129,0,GMC-200S,3,0,-20.0,5.0,220.0,0,5,37.7547578,128.8812365,강원특별자치도 강릉시 홍제동 1000-2,강원특별자치도 강릉시_분전함_20230820.csv,270
GN-CTL-ad6fcaf825,gangneung,GN-CAB-ad6fcaf825,KNC,YB,130,0,GMC-200S,3,0,-20.0,5.0,220.0,0,5,37.7737652,128.8839064,강원특별자치도 강릉시 교동 1232-1,강원특별자치도 강릉시_분전함_20230820.csv,271
GN-CTL-f1a893feb7,gangneung,GN-CAB-f1a893feb7,KNC,YB,131,0,GMC-200S,3,0,-20.0,5.0,220.0,0,3,37.7768974,128.8746549,강원특별자치도 강릉시 지변동 621,강원특별자치도 강릉시_분전함_20230820.csv,272
GN-CTL-8497853cb7,gangneung,GN-CAB-8497853cb7,KNI,YB,132,0,GMC-200,3,0,-15.0,10.0,220.0,0,60,37.7569725,128.8750982,강원특별자치도 강릉시 홍제동 581-12,강원특별자치도 강릉시_분전함_20230820.csv,273
GN-CTL-f013857c0d,gangneung,GN-CAB-f013857c0d,KNC,YB,132,0,GMC-200S,3,0,-20.0,5.0,220.0,0,5,37.7565785,128.8753266,강원특별자치도 강릉시 홍제동 579-4,강원특별자치도 강릉시_분전함_20230820.csv,274
GN-CTL-9c07ea6981,gangneung,GN-CAB-9c07ea6981,KNI,YB,133,0,GMC-200,3,0,-15.0,-10.0,220.0,0,60,37.7620198,128.8773141,강원특별자치도 강릉시 교동 1755,강원특별자치도 강릉시_분전함_20230820.csv,275
GN-CTL-d0beefe353,gangneung,GN-CAB-d0beefe353,KNC,YB,133,0,GMC-200S,3,0,-20.0,5.0,220.0,0,60,37.7620044,128.8773082,강원특별자치도 강릉시 교동 1916,강원특별자치도 강릉시_분전함_20230820.csv,276
GN-CTL-8d6cdb044f,gangneung,GN-CAB-8d6cdb044f,KNI,YB,134,0,GMC-200,3,0,-15.0,10.0,220.0,0,60,37.7642852,128.8780106,강원특별자치도 강릉시 교동 1766,강원특별자치도 강릉시_분전함_20230820.csv,277
GN-CTL-03f80203d1,gangneung,GN-CAB-03f80203d1,KNC,YB,134,0,GMC-200S,3,0,-20.0,20.0,220.0,0,10,37.7641395,128.8779967,강원특별자치도 강릉시 교동 1766,강원특별자치도 강릉시_분전함_20230820.csv,278
GN-CTL-d1fddbae93,gangneung,GN-CAB-d1fddbae93,KNI,YB,135,0,GMC-200,3,0,-15.0,10.0,220.0,3,100,37.764751,128.8783793,강원특별자치도 강릉시 교동 1862-1,강원특별자치도 강릉시_분전함_20230820.csv,279
GN-CTL-a17755c199,gangneung,GN-CAB-a17755c199,KNC,YB,135,0,GMC-200S,3,0,-20.0,20.0,220.0,3,60,37.7647278,128.8784555,강원특별자치도 강릉시 교동 1862-1,강원특별자치도 강릉시_분전함_20230820.csv,280
GN-CTL-f229c3e57f,gangneung,GN-CAB-f229c3e57f,KNC,YB,136,0,GMC-200S,3,0,-20.0,5.0,220.0,0,5,37.7622987,128.8855459,강원특별자치도 강릉시 교동 1066-12,강원특별자치도 강릉시_분전함_20230820.csv,281
GN-CTL-01c03d901f,gangneung,GN-CAB-01c03d901f,KNI,YB,137,0,GMC-200,3,0,-15.0,10.0,220.0,0,60,37.7668322,128.8783926,강원특별자치도 강릉시 교동 1841-2,강원특별자치도 강릉시_분전함_20230820.csv,282
GN-CTL-add0be6800,gangneung,GN-CAB-add0be6800,KNC,YB,137,0,GMC-200S,3,0,-20.0,5.0,220.0,0,1,37.7667378,128.8783909,강원특별자치도 강릉시 교동 1924,강원특별자치도 강릉시_분전함_20230820.csv,283
GN-CTL-996d40faae,gangneung,GN-CAB-996d40faae,KNC,YB,138,0,GMC-200S,3,0,-20.0,5.0,220.0,3,5,37.7686403,128.8827068,강원특별자치도 강릉시 교동 1918,강원특별자치도 강릉시_분전함_20230820.csv,284
GN-CTL-e9a2d23842,gangneung,GN-CAB-e9a2d23842,KNI,YB,138,0,GMC-200,3,0,-15.0,10.0,220.0,3,60,37.7687195,128.88266,강원특별자치도 강릉시 교동 1848-6,강원특별자치도 강릉시_분전함_20230820.csv,285
GN-CTL-f933394a68,gangneung,GN-CAB-f933394a68,KNC,YB,139,0,GMC-200S,3,0,-20.0,5.0,220.0,3,100,37.7684535,128.8826937,강원특별자치도 강릉시 교동 1918,강원특별자치도 강릉시_분전함_20230820.csv,286
GN-CTL-f5e377cb94,gangneung,GN-CAB-f5e377cb94,KNI,YB,139,0,GMC-200,3,0,-15.0,10.0,220.0,3,100,37.7684582,128.8826569,강원특별자치도 강릉시 교동 1848-6,강원특별자치도 강릉시_분전함_20230820.csv,287
GN-CTL-5a6bde243c,gangneung,GN-CAB-5a6bde243c,KNI,YB,140,0,GMC-200,3,0,-15.0,10.0,220.0,0,100,37.765898,128.8828307,강원특별자치도 강릉시 교동 1758,강원특별자치도 강릉시_분전함_20230820.csv,288
GN-CTL-42a278511b,gangneung,GN-CAB-42a278511b,KNC,YB,140,0,GMC-200S,3,0,-20.0,5.0,220.0,0,5,37.765897,128.8827456,강원특별자치도 강릉시 교동 1918,강원특별자치도 강릉시_분전함_20230820.csv,289
GN-CTL-cc30f538aa,gangneung,GN-CAB-cc30f538aa,KNI,YB,141,0,GMC-200,3,0,-15.0,10.0,220.0,1,60,37.7720286,128.8763088,강원특별자치도 강릉시 지변동 710-1,강원특별자치도 강릉시_분전함_20230820.csv,290
GN-CTL-775c0bad1b,gangneung,GN-CAB-775c0bad1b,KNC,YB,141,0,GMC-200S,3,0,-20.0,20.0,220.0,1,50,37.7720286,128.8763088,강원특별자치도 강릉시 지변동 710-1,강원특별자치도 강릉시_분전함_20230820.csv,291
GN-CTL-00e1a3e4ac,gangneung,GN-CAB-00e1a3e4ac,KNI,YB,142,0,GMC-200,3,0,-15.0,10.0,220.0,0,60,37.7694559,128.8769594,강원특별자치도 강릉시 교동 1813-14,강원특별자치도 강릉시_분전함_20230820.csv,292
GN-CTL-e124236339,gangneung,GN-CAB-e124236339,KNC,YB,142,0,GMC-200S,3,0,-20.0,5.0,220.0,0,60,37.7694468,128.8770075,강원특별자치도 강릉시 교동 1813-14,강원특별자치도 강릉시_분전함_20230820.csv,293
GN-CTL-64424fbe75,gangneung,GN-CAB-64424fbe75,KNC,YB,143,0,GMC-200S,3,0,-20.0,5.0,220.0,0,10,37.7670347,128.8757531,강원특별자치도 강릉시 교동 1839-1,강원특별자치도 강릉시_분전함_20230820.csv,294
GN-CTL-f4f7915ebd,gangneung,GN-CAB-f4f7915ebd,KNI,YB,143,0,GMC-200,3,0,-15.0,10.0,220.0,0,60,37.7670591,128.875762,강원특별자치도 강릉시 교동 1839-1,강원특별자치도 강릉시_분전함_20230820.csv,295
GN-CTL-3499d6ce91,gangneung,GN-CAB-3499d6ce91,KNC,YB,144,0,GMC-200S,3,0,-20.0,5.0,220.0,0,5,37.7673354,128.8756035,강원특별자치도 강릉시 교동 1926,강원특별자치도 강릉시_분전함_20230820.csv,296
GN-CTL-a11978aefe,gangneung,GN-CAB-a11978aefe,KNI,YB,144,0,GMC-200,3,0,-15.0,10.0,220.0,0,60,37.7673394,128.8756291,강원특별자치도 강릉시 교동 1836-7,강원특별자치도 강릉시_분전함_20230820.csv,297
GN-CTL-96a10e4194,gangneung,GN-CAB-96a10e4194,KNC,YB,145,0,GMC-200S,3,0,-20.0,5.0,220.0,0,6,37.7790077,128.8807531,강원특별자치도 강릉시 죽헌동 140-2,강원특별자치도 강릉시_분전함_20230820.csv,298
GN-CTL-0274b77098,gangneung,GN-CAB-0274b77098,KNC,YB,146,0,GMC-200N,3,0,-20.0,5.0,220.0,0,8,37.7956909,128.8970607,강원특별자치도 강릉시 저동 126-1,강원특별자치도 강릉시_분전함_20230820.csv,299
GN-CTL-260da31b1e,gangneung,GN-CAB-260da31b1e,KNC,YB,147,0,GMC-200S,3,0,-20.0,5.0,220.0,0,40,37.8073712,128.9047521,강원특별자치도 강릉시 안현동 89-53,강원특별자치도 강릉시_분전함_20230820.csv,300
GN-CTL-5e206cf8fb,gangneung,GN-CAB-5e206cf8fb,KNC,YB,148,0,GMC-200S,3,0,-20.0,5.0,220.0,1,70,37.8104341,128.9008796,강원특별자치도 강릉시 안현동 44,강원특별자치도 강릉시_분전함_20230820.csv,301
GN-CTL-ec1ff04f93,gangneung,GN-CAB-ec1ff04f93,KNC,YB,149,0,GMC-200N,3,0,-20.0,5.0,220.0,0,30,37.7710943,128.9094542,강원특별자치도 강릉시 포남동 1234-5,강원특별자치도 강릉시_분전함_20230820.csv,302
GN-CTL-df5134a759,gangneung,GN-CAB-df5134a759,KNC,YB,150,0,GMC-200S,3,0,-20.0,5.0,220.0,1,40,37.8449496,128.8714072,강원특별자치도 강릉시 사천면 사천진리,강원특별자치도 강릉시_분전함_20230820.csv,303
GN-CTL-5e557c6564,gangneung,GN-CAB-5e557c6564,KNC,YB,151,0,GMC-200S,3,0,-20.0,5.0,220.0,1,5,37.7692618,128.8749113,강원특별자치도 강릉시 지변동 70-1,강원특별자치도 강릉시_분전함_20230820.csv,304
GN-CTL-211e1788ec,gangneung,GN-CAB-211e1788ec,KNC,YB,152,0,GMC-200S,3,0,-20.0,5.0,220.0,1,10,37.7574982,128.8738302,강원특별자치도 강릉시 홍제동 579-4,강원특별자치도 강릉시_분전함_20230820.csv,305
GN-CTL-d0f99906fc,gangneung,GN-CAB-d0f99906fc,KNI,YB,152,0,GMC-200,3,0,-15.0,10.0,220.0,1,60,37.7575313,128.8738677,강원특별자치도 강릉시 홍제동 579-4,강원특별자치도 강릉시_분전함_20230820.csv,306
GN-CTL-71ef106076,gangneung,GN-CAB-71ef106076,KNC,YB,153,0,GMC-200S,3,0,-20.0,5.0,220.0,1,60,37.7937567,128.9191217,강원특별자치도 강릉시 강문동 159-17,강원특별자치도 강릉시_분전함_20230820.csv,307
GN-CTL-89885e98c4,gangneung,GN-CAB-89885e98c4,KNI,YB,153,0,GMC-200,3,0,-15.0,10.0,220.0,1,60,37.7937591,128.9190876,강원특별자치도 강릉시 강문동 159-17,강원특별자치도 강릉시_분전함_20230820.csv,308
GN-CTL-ca8a9ab1a2,gangneung,GN-CAB-ca8a9ab1a2,KNC,YB,154,0,GMC-200S,3,0,-40.0,5.0,220.0,1,90,37.7881739,128.925606,강원특별자치도 강릉시 강문동 산45-1,강원특별자치도 강릉시_분전함_20230820.csv,309
GN-CTL-6fbade5c74,gangneung,GN-CAB-6fbade5c74,KNI,YB,154,0,GMC-200,3,0,-15.0,10.0,220.0,1,100,37.7881937,128.9256262,강원특별자치도 강릉시 강문동 산45-1,강원특별자치도 강릉시_분전함_20230820.csv,310
GN-CTL-8772e5b6d9,gangneung,GN-CAB-8772e5b6d9,KNC,YB,155,0,GMC-200S,3,0,-40.0,5.0,220.0,1,20,37.7781067,128.939849,강원특별자치도 강릉시 송정동 산 1-3,강원특별자치도 강릉시_분전함_20230820.csv,311
GN-CTL-81dced51b4,gangneung,GN-CAB-81dced51b4,KNI,YB,155,0,GMC-200,3,0,-15.0,10.0,220.0,1,100,37.7781067,128.939849,강원특별자치도 강릉시 송정동 산 1-3,강원특별자치도 강릉시_분전함_20230820.csv,312
GN-CTL-358ad90729,gangneung,GN-CAB-358ad90729,KNI,YB,156,0,GMC-200N,3,0,-15.0,10.0,220.0,1,100,37.8525633,128.858945,강원특별자치도 강릉시 연곡면 동덕리 산 8-8,강원특별자치도 강릉시_분전함_20230820.csv,313
GN-CTL-be50d7ca14,gangneung,GN-CAB-be50d7ca14,KNC,YB,156,0,GMC-200N,3,0,-20.0,5.0,220.0,1,100,37.8525442,128.858957,강원특별자치도 강릉시 연곡면 동덕리,강원특별자치도 강릉시_분전함_20230820.csv,314
GN-CTL-2d253b7fa7,gangneung,GN-CAB-2d253b7fa7,KNI,YB,157,0,GMC-200N,3,0,-15.0,10.0,220.0,0,10,37.8485367,128.8649659,강원특별자치도 강릉시 사천면 사천진리 산 1-5,강원특별자치도 강릉시_분전함_20230820.csv,315
GN-CTL-c422f520c7,gangneung,GN-CAB-c422f520c7,KNC,YB,157,0,GMC-200N,3,0,-20.0,5.0,220.0,0,110,37.8484917,128.864985,강원특별자치도 강릉시 사천면 사천진리 산1-7,강원특별자치도 강릉시_분전함_20230820.csv,316
GN-CTL-c99fc828df,gangneung,GN-CAB-c99fc828df,KNC,YB,158,0,GMC-200S,3,0,-20.0,5.0,220.0,0,160,37.7501564,128.8936733,강원특별자치도 강릉시 남문동 188-1,강원특별자치도 강릉시_분전함_20230820.csv,317
GN-CTL-70be38dc2a,gangneung,GN-CAB-70be38dc2a,KNI,YB,158,0,GMC-200,3,0,-15.0,10.0,220.0,0,60,37.7501564,128.8936733,강원특별자치도 강릉시 남문동 188-1,강원특별자치도 강릉시_분전함_20230820.csv,318
GN-CTL-db2d887b52,gangneung,GN-CAB-db2d887b52,KNC,YB,159,0,GMC-200S,3,0,-20.0,5.0,220.0,0,10,37.7442706,128.9033833,강원특별자치도 강릉시 강남동 842,강원특별자치도 강릉시_분전함_20230820.csv,319
GN-CTL-7ba9fec9ef,gangneung,GN-CAB-7ba9fec9ef,KNI,YB,159,0,GMC-200,3,0,-15.0,10.0,220.0,0,60,37.7442706,128.9033833,강원특별자치도 강릉시 강남동 842,강원특별자치도 강릉시_분전함_20230820.csv,320
GN-CTL-2c1c8bc220,gangneung,GN-CAB-2c1c8bc220,KNI,YB,160,0,GMC-200,3,0,-15.0,5.0,220.0,0,60,37.7971706,128.9160528,강원특별자치도 강릉시 강문동 297-17,강원특별자치도 강릉시_분전함_20230820.csv,321
GN-CTL-dca56bd54f,gangneung,GN-CAB-dca56bd54f,KNC,YB,160,0,GMC-200S,3,0,-20.0,5.0,220.0,0,10,37.7971706,128.9160528,강원특별자치도 강릉시 강문동 297-17,강원특별자치도 강릉시_분전함_20230820.csv,322
GN-CTL-9a4f067adf,gangneung,GN-CAB-9a4f067adf,KNC,YB,161,0,GMC-200S,3,0,-20.0,5.0,220.0,0,5,37.8026912,128.9105909,강원특별자치도 강릉시 강문동 294-1,강원특별자치도 강릉시_분전함_20230820.csv,323
GN-CTL-9bc73ba718,gangneung,GN-CAB-9bc73ba718,KNI,YB,161,0,GMC-200,3,0,-15.0,10.0,220.0,0,60,37.8026912,128.9105909,강원특별자치도 강릉시 강문동 294-1,강원특별자치도 강릉시_분전함_20230820.csv,324
GN-CTL-a0cb737aaa,gangneung,GN-CAB-a0cb737aaa,KNI,YB,162,0,GMC-200,3,0,-15.0,10.0,220.0,0,60,37.8050943,128.9039204,강원특별자치도 강릉시 안현동 94-147,강원특별자치도 강릉시_분전함_20230820.csv,325
GN-CTL-8d65d73a7f,gangneung,GN-CAB-8d65d73a7f,KNC,YB,162,0,GMC-200S,3,0,-20.0,5.0,220.0,0,80,37.8050563,128.9039169,강원특별자치도 강릉시 안현동 89-92,강원특별자치도 강릉시_분전함_20230820.csv,326
GN-CTL-38793c5f56,gangneung,GN-CAB-38793c5f56,KNC,YB,163,0,GMC-200S,3,0,-20.0,5.0,220.0,0,60,37.7388899,128.8786318,강원특별자치도 강릉시 내곡동 314-20,강원특별자치도 강릉시_분전함_20230820.csv,327
GN-CTL-9c105c81e2,gangneung,GN-CAB-9c105c81e2,KNI,YB,163,0,GMC-200,3,0,-15.0,10.0,220.0,0,60,37.7389167,128.8786294,강원특별자치도 강릉시 내곡동 314-20,강원특별자치도 강릉시_분전함_20230820.csv,328
GN-CTL-efab8e7bb5,gangneung,GN-CAB-efab8e7bb5,KNI,YB,164,0,GMC-200,3,0,-15.0,10.0,220.0,5,60,37.7845622,128.9036585,강원특별자치도 강릉시 포남동 945-2,강원특별자치도 강릉시_분전함_20230820.csv,329
GN-CTL-80c3bd1fac,gangneung,GN-CAB-80c3bd1fac,KNC,YB,164,0,GMC-200S,3,0,-20.0,5.0,220.0,5,60,37.784249,128.9034936,강원특별자치도 강릉시 포남동 956,강원특별자치도 강릉시_분전함_20230820.csv,330
GN-CTL-da663a5f0a,gangneung,GN-CAB-da663a5f0a,KNC,YB,165,0,GMC-200S,3,0,-20.0,5.0,220.0,0,60,37.7841117,128.903653,강원특별자치도 강릉시 포남동 166-2,강원특별자치도 강릉시_분전함_20230820.csv,331
GN-CTL-d41558d4ea,gangneung,GN-CAB-d41558d4ea,KNI,YB,165,0,GMC-200,3,0,-15.0,10.0,220.0,0,60,37.7841117,128.903653,강원특별자치도 강릉시 포남동 166-2,강원특별자치도 강릉시_분전함_20230820.csv,332
GN-CTL-2d82312617,gangneung,GN-CAB-2d82312617,KNI,YB,166,0,GMC-200,3,0,-15.0,10.0,220.0,1,60,37.7354698,128.9124432,강원특별자치도 강릉시 유산동 309-1,강원특별자치도 강릉시_분전함_20230820.csv,333
GN-CTL-c423426cdc,gangneung,GN-CAB-c423426cdc,KNC,YB,166,0,GMC-200S,3,0,-20.0,5.0,220.0,1,1,37.7354434,128.9124115,강원특별자치도 강릉시 유산동 309-1,강원특별자치도 강릉시_분전함_20230820.csv,334
GN-CTL-c796a1b2ac,gangneung,GN-CAB-c796a1b2ac,KNI,YB,167,0,GMC-200,3,0,-15.0,10.0,220.0,0,60,37.7338456,128.9127522,강원특별자치도 강릉시 박월동 4-14,강원특별자치도 강릉시_분전함_20230820.csv,335
GN-CTL-5bb9a3e77f,gangneung,GN-CAB-5bb9a3e77f,KNC,YB,167,0,GMC-200S,3,0,-20.0,5.0,220.0,0,5,37.7337053,128.9128405,강원특별자치도 강릉시 박월동 5-19,강원특별자치도 강릉시_분전함_20230820.csv,336
GN-CTL-ac3ea72471,gangneung,GN-CAB-ac3ea72471,KNI,YB,168,0,GMC-200,3,0,-15.0,-10.0,220.0,1,60,37.7555224,128.8918314,강원특별자치도 강릉시 임당동 171-1,강원특별자치도 강릉시_분전함_20230820.csv,337
GN-CTL-e780d80fbe,gangneung,GN-CAB-e780d80fbe,KNC,YB,168,0,GMC-200S,3,0,-20.0,5.0,220.0,1,1,37.7555229,128.8918116,강원특별자치도 강릉시 임당동 171-1,강원특별자치도 강릉시_분전함_20230820.csv,338
GN-CTL-97ffffb0f9,gangneung,GN-CAB-97ffffb0f9,KNI,YB,169,0,GMC-200,3,0,-15.0,10.0,220.0,0,60,37.7382407,128.9176282,강원특별자치도 강릉시 유산동 160-1,강원특별자치도 강릉시_분전함_20230820.csv,339
GN-CTL-2ed6ad8c3d,gangneung,GN-CAB-2ed6ad8c3d,KNC,YB,169,0,GMC-200S,3,0,-20.0,5.0,220.0,0,1,37.738593,128.9179818,강원특별자치도 강릉시 유산동 160-1,강원특별자치도 강릉시_분전함_20230820.csv,340
GN-CTL-c76a38f9ff,gangneung,GN-CAB-c76a38f9ff,KNI,YB,170,0,GMC-200,3,0,-15.0,10.0,220.0,0,60,37.7830377,128.9304662,강원특별자치도 강릉시 송정동 산 18,강원특별자치도 강릉시_분전함_20230820.csv,341
GN-CTL-86bb22486c,gangneung,GN-CAB-86bb22486c,KNC,YB,170,0,GMC-200S,3,0,-20.0,5.0,220.0,0,10,37.7827651,128.9307144,강원특별자치도 강릉시 송정동 산18-2,강원특별자치도 강릉시_분전함_20230820.csv,342
GN-CTL-080ac3f731,gangneung,GN-CAB-080ac3f731,KNI,YB,171,0,GMC-200,3,0,-15.0,10.0,220.0,1,60,37.7751687,128.932002,강원특별자치도 강릉시 송정동 178,강원특별자치도 강릉시_분전함_20230820.csv,343
GN-CTL-b67fd2c334,gangneung,GN-CAB-b67fd2c334,KNC,YB,171,0,GMC-200S,3,0,-20.0,5.0,220.0,1,60,37.7752921,128.9311386,강원특별자치도 강릉시 송정동 172-4,강원특별자치도 강릉시_분전함_20230820.csv,344
GN-CTL-707ce0d2ee,gangneung,GN-CAB-707ce0d2ee,KNC,YB,172,0,GMC-200S,3,0,-20.0,5.0,220.0,1,1,37.775171,128.9301752,강원특별자치도 강릉시 송정동 172-10,강원특별자치도 강릉시_분전함_20230820.csv,345
GN-CTL-c1c3917d1b,gangneung,GN-CAB-c1c3917d1b,KNI,YB,172,0,GMC-200,3,0,-15.0,10.0,220.0,1,60,37.7750197,128.931478,강원특별자치도 강릉시 송정동 178,강원특별자치도 강릉시_분전함_20230820.csv,346
GN-CTL-21adcdf7eb,gangneung,GN-CAB-21adcdf7eb,KNC,YB,173,0,GMC-200S,3,0,-20.0,5.0,220.0,0,10,37.7434964,128.8822495,강원특별자치도 강릉시 내곡동 607-4,강원특별자치도 강릉시_분전함_20230820.csv,347
GN-CTL-89a7aebfeb,gangneung,GN-CAB-89a7aebfeb,KNI,YB,173,0,GMC-200,3,0,-15.0,-10.0,220.0,0,60,37.743476,128.8822349,강원특별자치도 강릉시 내곡동 481-1,강원특별자치도 강릉시_분전함_20230820.csv,348
GN-CTL-a0844e40c6,gangneung,GN-CAB-a0844e40c6,KNC,YB,174,0,GMC-200,3,0,-20.0,5.0,220.0,0,1,37.7428805,128.890715,강원특별자치도 강릉시 내곡동 757,강원특별자치도 강릉시_분전함_20230820.csv,349
GN-CTL-c8b4f0c933,gangneung,GN-CAB-c8b4f0c933,KNI,YB,174,0,GMC-200,3,0,-15.0,10.0,220.0,0,60,37.7428805,128.890715,강원특별자치도 강릉시 내곡동 757,강원특별자치도 강릉시_분전함_20230820.csv,350
GN-CTL-c7161d6c77,gangneung,GN-CAB-c7161d6c77,KNI,YB,175,0,GMC-200,3,0,-15.0,10.0,220.0,1,30,37.74376,128.8755664,강원특별자치도 강릉시 회산동 62-7,강원특별자치도 강릉시_분전함_20230820.csv,351
GN-CTL-72abb2f01f,gangneung,GN-CAB-72abb2f01f,KNC,YB,175,0,GMC-200S,3,0,-20.0,5.0,220.0,1,3,37.7436777,128.8753209,강원특별자치도 강릉시 회산동 581-3,강원특별자치도 강릉시_분전함_20230820.csv,352
GN-CTL-26dbb86b22,gangneung,GN-CAB-26dbb86b22,KNI,YB,176,0,GMC-200N,3,0,-15.0,5.0,220.0,0,10,37.7665497,128.9417115,강원특별자치도 강릉시 병산동 291-2,강원특별자치도 강릉시_분전함_20230820.csv,353
GN-CTL-f2bb6f2ea4,gangneung,GN-CAB-f2bb6f2ea4,KNC,YB,176,0,GMC-200N,3,0,-20.0,5.0,220.0,0,60,37.7664125,128.9415472,강원특별자치도 강릉시 병산동 279-3,강원특별자치도 강릉시_분전함_20230820.csv,354
GN-CTL-e0571fea4a,gangneung,GN-CAB-e0571fea4a,KNI,YB,177,0,GMC-200N,3,0,-15.0,5.0,220.0,0,110,37.7697817,128.8958961,강원특별자치도 강릉시 교동 333-2,강원특별자치도 강릉시_분전함_20230820.csv,355
GN-CTL-4972896a32,gangneung,GN-CAB-4972896a32,KNC,YB,177,0,GMC-200N,3,0,-20.0,5.0,220.0,0,10,37.7697639,128.8959015,강원특별자치도 강릉시 교동 332,강원특별자치도 강릉시_분전함_20230820.csv,356
GN-CTL-c20af83c12,gangneung,GN-CAB-c20af83c12,KNI,YB,178,0,GMC-200,3,0,-15.0,-10.0,220.0,0,60,37.7527311,128.9127462,강원특별자치도 강릉시 입암동 441-7,강원특별자치도 강릉시_분전함_20230820.csv,357
GN-CTL-516a9d9d83,gangneung,GN-CAB-516a9d9d83,KNC,YB,178,0,GMC-200S,3,0,-20.0,5.0,220.0,0,6,37.7526614,128.9127818,강원특별자치도 강릉시 입암동 441-7,강원특별자치도 강릉시_분전함_20230820.csv,358
GN-CTL-53c1cd9655,gangneung,GN-CAB-53c1cd9655,KNC,YB,179,0,GMC-200S,3,0,-20.0,5.0,220.0,0,6,37.7849176,128.918414,강원특별자치도 강릉시 초당동 77-1,강원특별자치도 강릉시_분전함_20230820.csv,359
GN-CTL-be21c6a54f,gangneung,GN-CAB-be21c6a54f,KNI,YB,179,0,GMC-200,3,0,-15.0,-10.0,220.0,0,60,37.7847886,128.9186244,강원특별자치도 강릉시 초당동 77-5,강원특별자치도 강릉시_분전함_20230820.csv,360
GN-CTL-15457da8df,gangneung,GN-CAB-15457da8df,KNI,YB,180,0,GMC-200,3,0,-15.0,10.0,220.0,0,60,37.7869158,128.9231353,강원특별자치도 강릉시 강문동 41-18,강원특별자치도 강릉시_분전함_20230820.csv,361
GN-CTL-c7716e2963,gangneung,GN-CAB-c7716e2963,KNC,YB,180,0,GMC-200S,3,0,-20.0,5.0,220.0,0,10,37.7868949,128.9232088,강원특별자치도 강릉시 강문동 41-18,강원특별자치도 강릉시_분전함_20230820.csv,362
GN-CTL-d9386475ea,gangneung,GN-CAB-d9386475ea,KNC,YB,181,0,GMC-200,3,0,-20.0,5.0,220.0,0,10,37.7936326,128.9176949,강원특별자치도 강릉시 강문동 13-4,강원특별자치도 강릉시_분전함_20230820.csv,363
GN-CTL-b4aab585de,gangneung,GN-CAB-b4aab585de,KNI,YB,181,0,GMC-200,3,0,-15.0,10.0,220.0,0,60,37.7932258,128.9181499,강원특별자치도 강릉시 강문동 139-2 건너,강원특별자치도 강릉시_분전함_20230820.csv,364
GN-CTL-d6928f1795,gangneung,GN-CAB-d6928f1795,KNI,YB,182,0,GMC-200,3,0,-15.0,10.0,220.0,0,100,37.74241,128.8692872,강원특별자치도 강릉시 회산동 107,강원특별자치도 강릉시_분전함_20230820.csv,365
GN-CTL-41361480d4,gangneung,GN-CAB-41361480d4,KNC,YB,182,0,GMC-200S,3,0,-20.0,5.0,220.0,0,20,37.7423835,128.869264,강원특별자치도 강릉시 회산동 106-1,강원특별자치도 강릉시_분전함_20230820.csv,366
GN-CTL-d10723b9cf,gangneung,GN-CAB-d10723b9cf,KNI,YB,183,0,GMC-200,3,0,-15.0,10.0,220.0,0,100,37.7438291,128.8698939,강원특별자치도 강릉시 홍제동 771-6,강원특별자치도 강릉시_분전함_20230820.csv,367
GN-CTL-ebc0805f37,gangneung,GN-CAB-ebc0805f37,KNC,YB,183,0,GMC-200S,3,0,-20.0,5.0,220.0,0,60,37.7438092,128.8698794,강원특별자치도 강릉시 홍제동 770-3,강원특별자치도 강릉시_분전함_20230820.csv,368
GN-CTL-660fc634cf,gangneung,GN-CAB-660fc634cf,KNI,YB,184,0,GMC-200,3,0,-15.0,10.0,220.0,0,60,37.7448774,128.8791765,강원특별자치도 강릉시 회산동 602,강원특별자치도 강릉시_분전함_20230820.csv,369
GN-CTL-2f4123ef98,gangneung,GN-CAB-2f4123ef98,KNC,YB,184,0,GMC-200S,3,0,-20.0,5.0,220.0,0,30,37.744855,128.8791874,강원특별자치도 강릉시 회산동 581-2,강원특별자치도 강릉시_분전함_20230820.csv,370
GN-CTL-a6500c9d10,gangneung,GN-CAB-a6500c9d10,KNC,YB,185,0,GMC-200S,3,0,-20.0,5.0,220.0,0,5,37.7557861,128.8915168,강원특별자치도 강릉시 용강동 28-16,강원특별자치도 강릉시_분전함_20230820.csv,371
GN-CTL-9e47cdec63,gangneung,GN-CAB-9e47cdec63,KNI,YB,185,0,GMC-200,3,0,-15.0,20.0,220.0,0,10,37.7557861,128.8915168,강원특별자치도 강릉시 용강동 28-16,강원특별자치도 강릉시_분전함_20230820.csv,372
GN-CTL-90a04789cb,gangneung,GN-CAB-90a04789cb,KNC,YB,186,0,GMC-200S,3,0,-20.0,5.0,220.0,0,5,37.7553548,128.8973106,강원특별자치도 강릉시 임당동 114-1,강원특별자치도 강릉시_분전함_20230820.csv,373
GN-CTL-75b5d93adb,gangneung,GN-CAB-75b5d93adb,KNI,YB,186,0,GMC-200,3,0,-36.0,10.0,220.0,0,7,37.7553727,128.8972995,강원특별자치도 강릉시 임당동 117-2,강원특별자치도 강릉시_분전함_20230820.csv,374
GN-CTL-b226303dd3,gangneung,GN-CAB-b226303dd3,KNI,YB,187,0,GMC-200,3,0,-36.0,10.0,220.0,0,60,37.7539429,128.89457,강원특별자치도 강릉시 임당동 77-1,강원특별자치도 강릉시_분전함_20230820.csv,375
GN-CTL-e5264a5970,gangneung,GN-CAB-e5264a5970,KNC,YB,187,0,GMC-200S,3,0,-20.0,5.0,220.0,0,5,37.7539092,128.8945864,강원특별자치도 강릉시 임당동 142-2,강원특별자치도 강릉시_분전함_20230820.csv,376
GN-CTL-832e70ca68,gangneung,GN-CAB-832e70ca68,KNI,YB,188,0,GMC-200,3,0,-36.0,10.0,220.0,0,60,37.7546787,128.8949647,강원특별자치도 강릉시 임당동 88-1,강원특별자치도 강릉시_분전함_20230820.csv,377
GN-CTL-cbadfc46ff,gangneung,GN-CAB-cbadfc46ff,KNC,YB,188,0,GMC-200S,3,0,-20.0,5.0,220.0,0,60,37.7546787,128.8949647,강원특별자치도 강릉시 임당동 88-1,강원특별자치도 강릉시_분전함_20230820.csv,378
GN-CTL-c64d0a0f36,gangneung,GN-CAB-c64d0a0f36,KNI,YB,189,0,GMC-200,3,0,-36.0,10.0,220.0,1,30,37.756463,128.8984703,강원특별자치도 강릉시 옥천동 185-3,강원특별자치도 강릉시_분전함_20230820.csv,379
GN-CTL-c938eff65e,gangneung,GN-CAB-c938eff65e,KNC,YB,189,0,GMC-200S,3,0,-20.0,5.0,220.0,1,5,37.7570431,128.8980186,강원특별자치도 강릉시 옥천동 183,강원특별자치도 강릉시_분전함_20230820.csv,380
GN-CTL-69f68ce69a,gangneung,GN-CAB-69f68ce69a,KNI,YB,190,0,GMC-200,3,0,-36.0,10.0,220.0,1,30,37.7565554,128.8993566,강원특별자치도 강릉시 옥천동 168-4,강원특별자치도 강릉시_분전함_20230820.csv,381
GN-CTL-582505addf,gangneung,GN-CAB-582505addf,KNC,YB,190,0,GMC-200S,3,0,-20.0,5.0,220.0,0,1,37.7565554,128.8993566,강원특별자치도 강릉시 옥천동 168-4,강원특별자치도 강릉시_분전함_20230820.csv,382
GN-CTL-ffae4e8b31,gangneung,GN-CAB-ffae4e8b31,KNC,YB,191,0,GMC-200S,3,0,-20.0,5.0,220.0,0,3,37.9005911,128.8320973,강원특별자치도 강릉시 주문진읍 주문리 122-2,강원특별자치도 강릉시_분전함_20230820.csv,383
GN-CTL-1f5ea9ea40,gangneung,GN-CAB-1f5ea9ea40,KNI,YB,191,0,GMC-200,3,0,-15.0,-3.0,220.0,0,60,37.9006178,128.832112,강원특별자치도 강릉시 주문진읍 주문리 122-25,강원특별자치도 강릉시_분전함_20230820.csv,384
GN-CTL-20276f6f1e,gangneung,GN-CAB-20276f6f1e,KNC,YB,192,0,GMC-200S,3,0,-20.0,5.0,220.0,0,5,37.7638726,128.870495,강원특별자치도 강릉시 유천동 754,강원특별자치도 강릉시_분전함_20230820.csv,385
GN-CTL-5620e9ff2e,gangneung,GN-CAB-5620e9ff2e,KNI,YB,192,0,GMC-200,3,0,-15.0,10.0,220.0,0,60,37.7638914,128.8703789,강원특별자치도 강릉시 유천동 103-1,강원특별자치도 강릉시_분전함_20230820.csv,386
GN-CTL-94806d8c43,gangneung,GN-CAB-94806d8c43,KNC,YB,193,0,GMC-200S,3,0,-20.0,5.0,220.0,0,6,37.7604339,128.8703743,강원특별자치도 강릉시 유천동 788,강원특별자치도 강릉시_분전함_20230820.csv,387
GN-CTL-bb1e2bcbd6,gangneung,GN-CAB-bb1e2bcbd6,KNI,YB,193,0,GMC-200,3,0,-15.0,5.0,220.0,0,60,37.7605756,128.870374,강원특별자치도 강릉시 유천동 234-4,강원특별자치도 강릉시_분전함_20230820.csv,388
GN-CTL-38f3961aa2,gangneung,GN-CAB-38f3961aa2,KNC,YB,194,0,GMC-200S,3,0,-20.0,5.0,220.0,0,5,37.7582115,128.8688392,강원특별자치도 강릉시 유천동 789,강원특별자치도 강릉시_분전함_20230820.csv,389
GN-CTL-7ad35da2f0,gangneung,GN-CAB-7ad35da2f0,KNI,YB,194,0,GMC-200,3,0,-15.0,10.0,220.0,0,60,37.758279,128.8690192,강원특별자치도 강릉시 유천동 215-26,강원특별자치도 강릉시_분전함_20230820.csv,390
GN-CTL-f3cdef9363,gangneung,GN-CAB-f3cdef9363,KNC,YB,195,0,GMC-200S,3,0,-20.0,5.0,220.0,0,5,37.7547045,128.8693548,강원특별자치도 강릉시 홍제동 1043,강원특별자치도 강릉시_분전함_20230820.csv,391
GN-CTL-3f3fd14552,gangneung,GN-CAB-3f3fd14552,KNI,YB,195,0,GMC-200,3,0,-15.0,5.0,220.0,0,60,37.75469,128.8694198,강원특별자치도 강릉시 홍제동 680,강원특별자치도 강릉시_분전함_20230820.csv,392
GN-CTL-3121b8ea1a,gangneung,GN-CAB-3121b8ea1a,KNC,YB,196,0,GMC-200S,3,0,-20.0,5.0,220.0,1,5,37.756638,128.8707306,강원특별자치도 강릉시 홍제동 1041,강원특별자치도 강릉시_분전함_20230820.csv,393
GN-CTL-13cc332e8c,gangneung,GN-CAB-13cc332e8c,KNI,YB,196,0,GMC-200,3,0,-15.0,10.0,220.0,1,60,37.7566535,128.8707365,강원특별자치도 강릉시 홍제동 산 137-1,강원특별자치도 강릉시_분전함_20230820.csv,394
GN-CTL-be04d3723d,gangneung,GN-CAB-be04d3723d,KNC,YB,197,0,GMC-200S,3,0,-20.0,5.0,220.0,0,20,37.7620135,128.8705952,강원특별자치도 강릉시 유천동 790-1,강원특별자치도 강릉시_분전함_20230820.csv,395
GN-CTL-749956d137,gangneung,GN-CAB-749956d137,KNI,YB,197,0,GMC-200,3,0,-15.0,5.0,220.0,0,60,37.762016,128.8705498,강원특별자치도 강릉시 유천동 240-4,강원특별자치도 강릉시_분전함_20230820.csv,396
GN-CTL-1af0a68fc1,gangneung,GN-CAB-1af0a68fc1,KNC,YB,198,0,GMC-200S,3,0,-20.0,5.0,220.0,0,20,37.7576928,128.8688307,강원특별자치도 강릉시 홍제동 1052,강원특별자치도 강릉시_분전함_20230820.csv,397
GN-CTL-9d471c05b9,gangneung,GN-CAB-9d471c05b9,KNI,YB,198,0,GMC-200,3,0,-15.0,5.0,220.0,0,60,37.7577217,128.8688425,강원특별자치도 강릉시 홍제동 672-3,강원특별자치도 강릉시_분전함_20230820.csv,398
GN-CTL-d02c8fa2a7,gangneung,GN-CAB-d02c8fa2a7,KNC,YB,199,0,GMC-200S,3,0,-20.0,5.0,220.0,0,1,37.7589953,128.870605,강원특별자치도 강릉시 유천동 769-2,강원특별자치도 강릉시_분전함_20230820.csv,399
GN-CTL-87cfbea8ab,gangneung,GN-CAB-87cfbea8ab,KNI,YB,199,0,GMC-200,3,0,-15.0,5.0,220.0,0,60,37.7590237,128.8706622,강원특별자치도 강릉시 유천동 142-2,강원특별자치도 강릉시_분전함_20230820.csv,400
GN-CTL-7162515334,gangneung,GN-CAB-7162515334,KNI,YB,200,0,GMC-200,3,0,-15.0,10.0,220.0,1,30,37.6183083,129.0498935,강원특별자치도 강릉시 옥계면 주수리 207-1,강원특별자치도 강릉시_분전함_20230820.csv,401
GN-CTL-2b169b299f,gangneung,GN-CAB-2b169b299f,KNC,YB,200,0,GMC-200S,3,0,-20.0,5.0,220.0,0,110,37.6183061,129.0499105,강원특별자치도 강릉시 옥계면 주수리 537,강원특별자치도 강릉시_분전함_20230820.csv,402
GN-CTL-07c3fd407e,gangneung,GN-CAB-07c3fd407e,KNI,YB,201,0,GMC-200,3,0,-15.0,10.0,220.0,0,60,37.7155564,129.0075645,강원특별자치도 강릉시 강동면 안인진리 3-7,강원특별자치도 강릉시_분전함_20230820.csv,403
GN-CTL-8c81cc0162,gangneung,GN-CAB-8c81cc0162,KNC,YB,201,0,GMC-200S,3,0,-20.0,5.0,220.0,0,60,37.7155564,129.0075645,강원특별자치도 강릉시 강동면 안인진리 3-7,강원특별자치도 강릉시_분전함_20230820.csv,404
GN-CTL-be65689139,gangneung,GN-CAB-be65689139,KNC,YB,202,0,GMC-200S,3,0,-20.0,5.0,220.0,3,60,37.6231679,129.044712,강원특별자치도 강릉시 옥계면 금진리 1051-1,강원특별자치도 강릉시_분전함_20230820.csv,405
GN-CTL-2b1cfdc6d7,gangneung,GN-CAB-2b1cfdc6d7,KNI,YB,202,0,GMC-200,3,0,-15.0,10.0,220.0,3,10,37.6230953,129.0445461,강원특별자치도 강릉시 옥계면 금진리 705-2,강원특별자치도 강릉시_분전함_20230820.csv,406
GN-CTL-9d259dc8c0,gangneung,GN-CAB-9d259dc8c0,KNI,YB,203,0,GMC-200,3,0,-15.0,10.0,220.0,1,60,37.6237713,129.0465493,강원특별자치도 강릉시 옥계면 주수리 179-2,강원특별자치도 강릉시_분전함_20230820.csv,407
GN-CTL-5772724db6,gangneung,GN-CAB-5772724db6,KNC,YB,203,0,GMC-200S,3,0,-20.0,5.0,220.0,1,60,37.6237336,129.0468657,강원특별자치도 강릉시 옥계면 주수리 625,강원특별자치도 강릉시_분전함_20230820.csv,408
GN-CTL-4c0e8bd766,gangneung,GN-CAB-4c0e8bd766,KNC,YB,204,0,GMC-200S,3,0,-20.0,5.0,220.0,1,5,37.7845501,128.8742769,강원특별자치도 강릉시 죽헌동 산21-3,강원특별자치도 강릉시_분전함_20230820.csv,409
GN-CTL-2216871d51,gangneung,GN-CAB-2216871d51,KNI,YB,204,0,GMC-200S,3,0,-15.0,10.0,220.0,1,100,37.7845769,128.8742774,강원특별자치도 강릉시 죽헌동 산21-3,강원특별자치도 강릉시_분전함_20230820.csv,410
GN-CTL-77b8449917,gangneung,GN-CAB-77b8449917,KNC,YB,205,0,GMC-200S,3,0,-20.0,5.0,220.0,1,1,37.6915938,129.0323064,강원특별자치도 강릉시 강동면 정동진리 328-13,강원특별자치도 강릉시_분전함_20230820.csv,411
GN-CTL-f422fa220b,gangneung,GN-CAB-f422fa220b,KNI,YB,205,0,GMC-200,3,0,-15.0,10.0,220.0,1,60,37.6916181,129.032321,강원특별자치도 강릉시 강동면 정동진리 328-11,강원특별자치도 강릉시_분전함_20230820.csv,412
GN-CTL-056f5b5a95,gangneung,GN-CAB-056f5b5a95,KNI,YB,206,0,GMC-200S,3,0,-15.0,10.0,220.0,1,60,37.8827081,128.8202579,강원특별자치도 강릉시 주문진읍 교항리 337-1,강원특별자치도 강릉시_분전함_20230820.csv,413
GN-CTL-66b24918a1,gangneung,GN-CAB-66b24918a1,KNC,YB,206,0,GMC-200S,3,0,-20.0,5.0,220.0,1,60,37.8827023,128.8202181,강원특별자치도 강릉시 주문진읍 교항리 1107-3,강원특별자치도 강릉시_분전함_20230820.csv,414
GN-CTL-4817ea5894,gangneung,GN-CAB-4817ea5894,KNC,YB,207,0,GMC-200S,3,0,-20.0,5.0,220.0,1,5,37.8817535,128.8196282,강원특별자치도 강릉시 주문진읍 교항리 362-2,강원특별자치도 강릉시_분전함_20230820.csv,415
GN-CTL-03bdfcc5cf,gangneung,GN-CAB-03bdfcc5cf,KNI,YB,208,0,GMC-200S,3,0,-15.0,10.0,220.0,1,60,37.8826105,128.8200408,강원특별자치도 강릉시 주문진읍 교항리 350-9,강원특별자치도 강릉시_분전함_20230820.csv,416
GN-CTL-40945b2bf5,gangneung,GN-CAB-40945b2bf5,KNC,YB,208,0,GMC-200S,3,0,-20.0,5.0,220.0,1,20,37.8826866,128.820156,강원특별자치도 강릉시 주문진읍 교항리 337-1,강원특별자치도 강릉시_분전함_20230820.csv,417
GN-CTL-86be1fcd74,gangneung,GN-CAB-86be1fcd74,KNC,YB,209,0,GMC-200S,3,0,-20.0,30.0,220.0,1,1,37.8802903,128.8207312,강원특별자치도 강릉시 주문진읍 교항리 415-1,강원특별자치도 강릉시_분전함_20230820.csv,418
GN-CTL-be501d3aa7,gangneung,GN-CAB-be501d3aa7,KNI,YB,209,0,GMC-200S,3,0,-15.0,10.0,220.0,1,100,37.8803081,128.8207314,강원특별자치도 강릉시 주문진읍 교항리 433-2,강원특별자치도 강릉시_분전함_20230820.csv,419
GN-CTL-aae4eb170a,gangneung,GN-CAB-aae4eb170a,KNI,YB,210,0,GMC-200S,3,0,-15.0,10.0,220.0,1,30,37.8794771,128.8210291,강원특별자치도 강릉시 주문진읍 교항리 455-3,강원특별자치도 강릉시_분전함_20230820.csv,420
GN-CTL-514e0ce51e,gangneung,GN-CAB-514e0ce51e,KNC,YB,210,0,GMC-200S,3,0,-15.0,30.0,220.0,1,1,37.8794885,128.8210578,강원특별자치도 강릉시 주문진읍 교항리 455-3,강원특별자치도 강릉시_분전함_20230820.csv,421
GN-CTL-93b1dcbf28,gangneung,GN-CAB-93b1dcbf28,KNC,YB,211,0,GMC-200N,3,0,-20.0,5.0,220.0,1,60,37.7451303,128.848134,강원특별자치도 강릉시 성산면 금산리 산44-1,강원특별자치도 강릉시_분전함_20230820.csv,422
GN-CTL-ae1ad8e0e6,gangneung,GN-CAB-ae1ad8e0e6,KNI,YB,211,0,GMC-200S,3,0,-38.0,10.0,220.0,1,60,37.7452133,128.8481468,강원특별자치도 강릉시 성산면 위촌리 170-1,강원특별자치도 강릉시_분전함_20230820.csv,423
GN-CTL-5d744a8ef1,gangneung,GN-CAB-5d744a8ef1,KNI,YB,212,0,GMC-200S,3,0,-15.0,10.0,220.0,5,60,37.8071528,128.8526829,강원특별자치도 강릉시 사천면 방동리 496,강원특별자치도 강릉시_분전함_20230820.csv,424
GN-CTL-02959b7049,gangneung,GN-CAB-02959b7049,KNC,YB,212,0,GMC-200S,3,0,-20.0,5.0,220.0,5,5,37.8071528,128.8526829,강원특별자치도 강릉시 사천면 방동리 496,강원특별자치도 강릉시_분전함_20230820.csv,425
GN-CTL-18355613c7,gangneung,GN-CAB-18355613c7,KNI,YB,213,0,GMC-200N,3,0,-15.0,10.0,220.0,5,60,37.7726589,128.8955109,강원특별자치도 강릉시 교동 379-4,강원특별자치도 강릉시_분전함_20230820.csv,426
GN-CTL-93a0b0add3,gangneung,GN-CAB-93a0b0add3,KNC,YB,213,0,GMC-200N,3,0,-20.0,5.0,220.0,5,3,37.7726791,128.8955397,강원특별자치도 강릉시 교동 408,강원특별자치도 강릉시_분전함_20230820.csv,427
GN-CTL-e4299752b2,gangneung,GN-CAB-e4299752b2,KNC,YB,214,0,GMC-200N,3,0,-20.0,5.0,220.0,0,5,37.7742572,128.8894401,강원특별자치도 강릉시 교동 646-2,강원특별자치도 강릉시_분전함_20230820.csv,428
GN-CTL-080de4cca2,gangneung,GN-CAB-080de4cca2,KNI,YB,214,0,GMC-200N,3,0,-15.0,10.0,220.0,0,110,37.7742908,128.889435,강원특별자치도 강릉시 교2동 646-2,강원특별자치도 강릉시_분전함_20230820.csv,429
GN-CTL-aa3f89f21d,gangneung,GN-CAB-aa3f89f21d,KNC,YB,215,0,GMC-200N,3,0,-20.0,5.0,220.0,1,5,37.7702811,128.9051388,강원특별자치도 강릉시 포남동 1197-8,강원특별자치도 강릉시_분전함_20230820.csv,430
GN-CTL-7f4cc20664,gangneung,GN-CAB-7f4cc20664,KNI,YB,215,0,GMC-200N,3,0,-15.0,10.0,220.0,1,30,37.7702788,128.9051189,강원특별자치도 강릉시 포남동 1096-8,강원특별자치도 강릉시_분전함_20230820.csv,431
GN-CTL-1b43782a1a,gangneung,GN-CAB-1b43782a1a,KNI,YB,216,0,GMC-200N,3,0,-15.0,10.0,220.0,1,60,37.8035939,128.9080469,강원특별자치도 강릉시 강문동 258-14 도로건너,강원특별자치도 강릉시_분전함_20230820.csv,432
GN-CTL-6aaa5cb43f,gangneung,GN-CAB-6aaa5cb43f,KNC,YB,216,0,GMC-200N,3,0,-20.0,5.0,220.0,1,5,37.8033307,128.9084545,강원특별자치도 강릉시 강문동 294,강원특별자치도 강릉시_분전함_20230820.csv,433
GN-CTL-3e5b30bf5d,gangneung,GN-CAB-3e5b30bf5d,KNI,YB,217,0,GMC-200N,3,0,-15.0,10.0,220.0,1,100,37.7776388,128.9386398,강원특별자치도 강릉시 송정동 산66,강원특별자치도 강릉시_분전함_20230820.csv,434
GN-CTL-f608414302,gangneung,GN-CAB-f608414302,KNC,YB,217,0,GMC-200N,3,0,-20.0,5.0,220.0,1,100,37.7775801,128.9386671,강원특별자치도 강릉시 송정동 산27-1,강원특별자치도 강릉시_분전함_20230820.csv,435
GN-CTL-3343d0b82c,gangneung,GN-CAB-3343d0b82c,KNC,YB,218,0,GMC-200N,3,0,-20.0,5.0,220.0,1,60,37.7807306,128.9190736,강원특별자치도 강릉시 송정동 371-2,강원특별자치도 강릉시_분전함_20230820.csv,436
GN-CTL-4498ebcdb9,gangneung,GN-CAB-4498ebcdb9,KNI,YB,218,0,GMC-200N,3,0,-15.0,10.0,220.0,1,20,37.7807306,128.9190736,강원특별자치도 강릉시 송정동 371-2,강원특별자치도 강릉시_분전함_20230820.csv,437
GN-CTL-77963543b0,gangneung,GN-CAB-77963543b0,KNI,YB,219,0,GMC-200N,3,0,-15.0,10.0,,1,30,37.7566255,128.8984382,강원특별자치도 강릉시 옥천동 185-3,강원특별자치도 강릉시_분전함_20230820.csv,438
GN-CTL-00ad175bd9,gangneung,GN-CAB-00ad175bd9,KNC,YB,220,0,GMC-200N,3,0,-20.0,5.0,220.0,0,10,37.7579903,128.8973366,강원특별자치도 강릉시 옥천동 145-6,강원특별자치도 강릉시_분전함_20230820.csv,439
GN-CTL-2f0d0ab250,gangneung,GN-CAB-2f0d0ab250,KNI,YB,220,0,GMC-200N,3,0,-36.0,10.0,220.0,0,20,37.7580301,128.897377,강원특별자치도 강릉시 옥천동 145,강원특별자치도 강릉시_분전함_20230820.csv,440
GN-CTL-467da5a103,gangneung,GN-CAB-467da5a103,KNC,YB,221,0,GMC-200N,3,0,-20.0,5.0,220.0,0,5,37.7670062,128.8911977,강원특별자치도 강릉시 교동 728-2,강원특별자치도 강릉시_분전함_20230820.csv,441
GN-CTL-9d9957baeb,gangneung,GN-CAB-9d9957baeb,KNI,YB,221,0,GMC-200N,3,0,-15.0,10.0,220.0,0,110,37.7670062,128.8911977,강원특별자치도 강릉시 교동 728-2,강원특별자치도 강릉시_분전함_20230820.csv,442
GN-CTL-ce2cce84cb,gangneung,GN-CAB-ce2cce84cb,KNC,YB,222,0,GMC-200N,3,0,-20.0,5.0,220.0,0,5,37.7705486,128.8919987,강원특별자치도 강릉시 교동 713-1,강원특별자치도 강릉시_분전함_20230820.csv,443
GN-CTL-6474a48c6e,gangneung,GN-CAB-6474a48c6e,KNI,YB,222,0,GMC-200N,3,0,-15.0,10.0,220.0,0,60,37.7704288,128.8925555,강원특별자치도 강릉시 교동 713-5,강원특별자치도 강릉시_분전함_20230820.csv,444
GN-CTL-08692f3f78,gangneung,GN-CAB-08692f3f78,KNC,YB,223,0,GMC-200N,3,0,-20.0,5.0,220.0,1,130,37.7697929,128.8891144,강원특별자치도 강릉시 교동 695-1,강원특별자치도 강릉시_분전함_20230820.csv,445
GN-CTL-724fbc185a,gangneung,GN-CAB-724fbc185a,KNI,YB,223,0,GMC-200N,3,0,-15.0,10.0,220.0,1,30,37.7697797,128.8890403,강원특별자치도 강릉시 교동 695-1,강원특별자치도 강릉시_분전함_20230820.csv,446
GN-CTL-00cfccb556,gangneung,GN-CAB-00cfccb556,KNI,YB,224,0,GMC-200N,3,0,-15.0,10.0,220.0,0,110,37.7756558,128.8876464,강원특별자치도 강릉시 교동 1247-6,강원특별자치도 강릉시_분전함_20230820.csv,447
GN-CTL-6ba812e2af,gangneung,GN-CAB-6ba812e2af,KNC,YB,224,0,GMC-200N,3,0,-20.0,5.0,220.0,0,5,37.7756534,128.8876805,강원특별자치도 강릉시 교동 657-1,강원특별자치도 강릉시_분전함_20230820.csv,448
GN-CTL-dd45083fed,gangneung,GN-CAB-dd45083fed,KNC,YB,225,0,GMC-200N,3,0,-20.0,5.0,220.0,0,5,37.7758416,128.8878445,강원특별자치도 강릉시 교동 612-4,강원특별자치도 강릉시_분전함_20230820.csv,449
GN-CTL-baddcc26f8,gangneung,GN-CAB-baddcc26f8,KNI,YB,225,0,GMC-200N,3,0,-15.0,10.0,220.0,0,110,37.7758524,128.8878645,강원특별자치도 강릉시 교동 611-3,강원특별자치도 강릉시_분전함_20230820.csv,450
GN-CTL-b6dcee54bf,gangneung,GN-CAB-b6dcee54bf,KNC,YB,226,0,GMC-200N,3,0,-20.0,5.0,220.0,1,5,37.7777418,128.885262,강원특별자치도 강릉시 교동 1262-5,강원특별자치도 강릉시_분전함_20230820.csv,451
GN-CTL-e598f2a62c,gangneung,GN-CAB-e598f2a62c,KNI,YB,226,0,GMC-200N,3,0,-15.0,10.0,220.0,1,30,37.7777463,128.8852422,강원특별자치도 강릉시 교동 1260,강원특별자치도 강릉시_분전함_20230820.csv,452
GN-CTL-4b0e1d2828,gangneung,GN-CAB-4b0e1d2828,KNI,YB,227,0,GMC-200N,3,0,-15.0,5.0,220.0,1,60,37.7809971,128.881898,강원특별자치도 강릉시 죽헌동 791-1,강원특별자치도 강릉시_분전함_20230820.csv,453
GN-CTL-629b8a22fb,gangneung,GN-CAB-629b8a22fb,KNC,YB,227,0,GMC-200N,3,0,-20.0,5.0,220.0,1,85,37.780973,128.8818607,강원특별자치도 강릉시 죽헌동 791-1,강원특별자치도 강릉시_분전함_20230820.csv,454
GN-CTL-da0c85d760,gangneung,GN-CAB-da0c85d760,KNI,YB,228,0,GMC-200N,3,0,-15.0,10.0,220.0,0,60,37.7435741,128.9165595,강원특별자치도 강릉시 청량동 556-4,강원특별자치도 강릉시_분전함_20230820.csv,455
GN-CTL-67370d4686,gangneung,GN-CAB-67370d4686,KNC,YB,228,0,GMC-200N,3,0,-20.0,5.0,220.0,0,10,37.7435315,128.9165672,강원특별자치도 강릉시 청량동 557-5,강원특별자치도 강릉시_분전함_20230820.csv,456
GN-CTL-eccf8a86e3,gangneung,GN-CAB-eccf8a86e3,KNI,YB,229,0,GMC-200N,3,0,-15.0,10.0,220.0,1,30,37.7353263,128.8804135,강원특별자치도 강릉시 내곡동 산50-2,강원특별자치도 강릉시_분전함_20230820.csv,457
GN-CTL-59a1735319,gangneung,GN-CAB-59a1735319,KNC,YB,229,0,GMC-200N,3,0,-20.0,5.0,220.0,1,1,37.7353245,128.8803965,강원특별자치도 강릉시 내곡동 산50-2,강원특별자치도 강릉시_분전함_20230820.csv,458
GN-CTL-1bec9040c0,gangneung,GN-CAB-1bec9040c0,KNC,YB,230,0,GMC-200N,3,0,-20.0,5.0,220.0,1,1,37.7360053,128.8803079,강원특별자치도 강릉시 내곡동 628,강원특별자치도 강릉시_분전함_20230820.csv,459
GN-CTL-348a3061b3,gangneung,GN-CAB-348a3061b3,KNI,YB,230,0,GMC-200N,3,0,-15.0,10.0,220.0,1,130,37.736048,128.8802973,강원특별자치도 강릉시 내곡동 627-1,강원특별자치도 강릉시_분전함_20230820.csv,460
GN-CTL-947c64c3d1,gangneung,GN-CAB-947c64c3d1,KNI,YB,231,0,GMC-200,3,0,-15.0,10.0,220.0,0,60,37.7517133,128.8950992,강원특별자치도 강릉시 성남동 114-2,강원특별자치도 강릉시_분전함_20230820.csv,461
GN-CTL-e20bf4392d,gangneung,GN-CAB-e20bf4392d,KNC,YB,231,0,GMC-200S,3,0,-20.0,5.0,220.0,0,1,37.7516953,128.8951216,강원특별자치도 강릉시 성남동 114-1,강원특별자치도 강릉시_분전함_20230820.csv,462
GN-CTL-0b2f987de7,gangneung,GN-CAB-0b2f987de7,KNC,YB,232,0,GMC-200N,3,0,-20.0,5.0,220.0,1,5,37.7271469,128.9155967,강원특별자치도 강릉시 박월동 38-1,강원특별자치도 강릉시_분전함_20230820.csv,463
GN-CTL-b05adea31a,gangneung,GN-CAB-b05adea31a,KNI,YB,232,0,GMC-200N,3,0,-15.0,10.0,220.0,1,30,37.7271469,128.9155967,강원특별자치도 강릉시 박월동 38-1,강원특별자치도 강릉시_분전함_20230820.csv,464
GN-CTL-0fd0db5950,gangneung,GN-CAB-0fd0db5950,KNI,YB,233,0,GMC-200N,3,0,-15.0,10.0,220.0,1,60,37.7200154,128.9138413,강원특별자치도 강릉시 박월동 721,강원특별자치도 강릉시_분전함_20230820.csv,465
GN-CTL-91afb6e9e3,gangneung,GN-CAB-91afb6e9e3,KNC,YB,233,0,GMC-200N,3,0,-20.0,5.0,220.0,1,8,37.7200086,128.9138696,강원특별자치도 강릉시 박월동 721,강원특별자치도 강릉시_분전함_20230820.csv,466
GN-CTL-3b9dc640b6,gangneung,GN-CAB-3b9dc640b6,KNI,YB,234,0,GMC-200N,3,0,-15.0,10.0,220.0,1,30,37.71239,128.9072033,강원특별자치도 강릉시 박월동 784-1,강원특별자치도 강릉시_분전함_20230820.csv,467
GN-CTL-03d45be50c,gangneung,GN-CAB-03d45be50c,KNC,YB,234,0,GMC-200N,3,0,-20.0,5.0,220.0,1,9,37.7123536,128.9072537,강원특별자치도 강릉시 박월동 784-1,강원특별자치도 강릉시_분전함_20230820.csv,468
GN-CTL-c3b4651fa2,gangneung,GN-CAB-c3b4651fa2,KNC,YB,235,0,GMC-200N,3,0,-20.0,5.0,220.0,1,130,37.7273347,128.8519974,강원특별자치도 강릉시 구정면 제비리 732,강원특별자치도 강릉시_분전함_20230820.csv,469
GN-CTL-b4ea82917f,gangneung,GN-CAB-b4ea82917f,KNI,YB,235,0,GMC-200N,3,0,-15.0,10.0,220.0,1,30,37.7274345,128.8520956,강원특별자치도 강릉시 구정면 제비리 829,강원특별자치도 강릉시_분전함_20230820.csv,470
GN-CTL-434ec1491a,gangneung,GN-CAB-434ec1491a,KNI,YB,236,0,GMC-200N,3,0,-15.0,10.0,220.0,1,30,37.7297964,128.8568988,강원특별자치도 강릉시 구정면 제비리 721,강원특별자치도 강릉시_분전함_20230820.csv,471
GN-CTL-074ba137c0,gangneung,GN-CAB-074ba137c0,KNC,YB,236,0,GMC-200N,3,0,-20.0,5.0,220.0,1,130,37.7297718,128.8569069,강원특별자치도 강릉시 구정면 제비리 72,강원특별자치도 강릉시_분전함_20230820.csv,472
GN-CTL-4b139a4ad5,gangneung,GN-CAB-4b139a4ad5,KNI,YB,237,0,GMC-200N,3,0,-15.0,10.0,220.0,1,70,37.7385912,128.8641822,강원특별자치도 강릉시 회산동 443,강원특별자치도 강릉시_분전함_20230820.csv,473
GN-CTL-5d11547a2c,gangneung,GN-CAB-5d11547a2c,KNC,YB,237,0,GMC-200N,3,0,-20.0,5.0,220.0,1,60,37.7385888,128.8642162,강원특별자치도 강릉시 강원도 강릉시 내곡동,강원특별자치도 강릉시_분전함_20230820.csv,474
GN-CTL-25f478a328,gangneung,GN-CAB-25f478a328,KNI,YB,238,0,GMC-200,3,0,-15.0,10.0,220.0,0,60,37.7536656,128.9002067,강원특별자치도 강릉시 성남동 51-49,강원특별자치도 강릉시_분전함_20230820.csv,475
GN-CTL-d117286c96,gangneung,GN-CAB-d117286c96,KNC,YB,238,0,GMC-200S,3,0,-20.0,5.0,220.0,0,60,37.7536185,128.9002058,강원특별자치도 강릉시 성남동 51-18,강원특별자치도 강릉시_분전함_20230820.csv,476
GN-CTL-752d87ee85,gangneung,GN-CAB-752d87ee85,KNC,YB,239,0,GMC-200S,3,0,-20.0,5.0,220.0,1,1,37.7471236,128.8827716,강원특별자치도 강릉시 홍제동 376-3,강원특별자치도 강릉시_분전함_20230820.csv,477
GN-CTL-d2fac4e60d,gangneung,GN-CAB-d2fac4e60d,KNI,YB,239,0,GMC-200,3,0,-15.0,10.0,220.0,1,60,37.7471661,128.882778,강원특별자치도 강릉시 홍제동 365-7,강원특별자치도 강릉시_분전함_20230820.csv,478
GN-CTL-e2951519b6,gangneung,GN-CAB-e2951519b6,KNC,YB,240,0,GMC-200N,3,0,-20.0,5.0,220.0,1,60,37.7463769,128.8707346,강원특별자치도 강릉시 홍제동 476-2,강원특별자치도 강릉시_분전함_20230820.csv,479
GN-CTL-3998af2999,gangneung,GN-CAB-3998af2999,KNI,YB,240,0,GMC-200N,3,0,-36.0,10.0,220.0,1,60,37.7464426,128.8710479,강원특별자치도 강릉시 홍제동 481-5,강원특별자치도 강릉시_분전함_20230820.csv,480
GN-CTL-cc60cf514e,gangneung,GN-CAB-cc60cf514e,KNI,YB,241,0,GMC-200N,3,0,-15.0,10.0,220.0,1,60,37.7397397,128.8660677,강원특별자치도 강릉시 회산동 198,강원특별자치도 강릉시_분전함_20230820.csv,481
GN-CTL-52dfc40b93,gangneung,GN-CAB-52dfc40b93,KNC,YB,241,0,GMC-200N,3,0,-20.0,5.0,220.0,1,1,37.7396954,128.8660244,강원특별자치도 강릉시 회산동 198,강원특별자치도 강릉시_분전함_20230820.csv,482
GN-CTL-faac40b1b7,gangneung,GN-CAB-faac40b1b7,KNC,YB,242,0,GMC-200N,3,0,-20.0,5.0,220.0,1,5,37.7717266,128.896754,강원특별자치도 강릉시 교동 349-1,강원특별자치도 강릉시_분전함_20230820.csv,483
GN-CTL-95686a29b5,gangneung,GN-CAB-95686a29b5,KNI,YB,242,0,GMC-200,3,0,-15.0,10.0,220.0,1,60,37.7717208,128.896839,강원특별자치도 강릉시 교동 349-1,강원특별자치도 강릉시_분전함_20230820.csv,484
GN-CTL-48d9207133,gangneung,GN-CAB-48d9207133,KNC,YB,243,0,GMC-200N,3,0,-20.0,5.0,220.0,1,1,37.7514658,128.8980239,강원특별자치도 강릉시 성남동 210,강원특별자치도 강릉시_분전함_20230820.csv,485
GN-CTL-0e98ccb7bd,gangneung,GN-CAB-0e98ccb7bd,KNI,YB,243,0,GMC-200N,3,0,-15.0,10.0,220.0,1,60,37.7514658,128.8980239,강원특별자치도 강릉시 성남동 210,강원특별자치도 강릉시_분전함_20230820.csv,486
GN-CTL-2f4fe01ad8,gangneung,GN-CAB-2f4fe01ad8,KNI,YB,244,0,GMC-200N,3,0,-15.0,5.0,220.0,0,110,37.7730503,128.94344,강원특별자치도 강릉시 견소동 230-18,강원특별자치도 강릉시_분전함_20230820.csv,487
GN-CTL-bbbf80ed75,gangneung,GN-CAB-bbbf80ed75,KNC,YB,244,0,GMC-200N,3,0,-20.0,5.0,220.0,0,1,37.7730386,128.9434937,강원특별자치도 강릉시 견소동 230-18,강원특별자치도 강릉시_분전함_20230820.csv,488
GN-CTL-e999484f6c,gangneung,GN-CAB-e999484f6c,KNI,YB,245,0,GMC-200,3,0,-15.0,10.0,220.0,1,60,37.8093384,128.8519699,강원특별자치도 강릉시 사천면 방동리 551,강원특별자치도 강릉시_분전함_20230820.csv,489
GN-CTL-8723fbe524,gangneung,GN-CAB-8723fbe524,KNC,YB,245,0,GMC-200S,3,0,-20.0,5.0,220.0,1,5,37.8091571,128.8519532,강원특별자치도 강릉시 사천면 방동리 809,강원특별자치도 강릉시_분전함_20230820.csv,490
GN-CTL-a36d626f4c,gangneung,GN-CAB-a36d626f4c,KNC,YB,246,0,GMC-200S,3,0,-20.0,5.0,220.0,1,5,37.8090065,128.8515509,강원특별자치도 강릉시 사천면 방동리 809,강원특별자치도 강릉시_분전함_20230820.csv,491
GN-CTL-35f508c0e1,gangneung,GN-CAB-35f508c0e1,KNI,YB,246,0,GMC-200,3,0,-15.0,10.0,220.0,1,60,37.809125,128.8515813,강원특별자치도 강릉시 사천면 방동리 553,강원특별자치도 강릉시_분전함_20230820.csv,492
GN-CTL-023b365e79,gangneung,GN-CAB-023b365e79,KNI,YB,247,0,GMC-200N,3,0,-15.0,5.0,220.0,0,110,37.767064,128.8997842,강원특별자치도 강릉시 교동 79-7,강원특별자치도 강릉시_분전함_20230820.csv,493
GN-CTL-f5414d40e0,gangneung,GN-CAB-f5414d40e0,KNC,YB,247,0,GMC-200N,3,0,-20.0,5.0,220.0,0,110,37.767064,128.8997842,강원특별자치도 강릉시 교동 79-7,강원특별자치도 강릉시_분전함_20230820.csv,494
GN-CTL-0ba004ef8d,gangneung,GN-CAB-0ba004ef8d,KNI,YB,248,0,GMC-200N,3,0,-15.0,10.0,220.0,3,60,37.7650988,128.8979506,강원특별자치도 강릉시 교동 211-7,강원특별자치도 강릉시_분전함_20230820.csv,495
GN-CTL-02507ccd8f,gangneung,GN-CAB-02507ccd8f,KNC,YB,248,0,GMC-200N,3,0,-20.0,5.0,220.0,3,60,37.765092,128.8979761,강원특별자치도 강릉시 교동 118-2,강원특별자치도 강릉시_분전함_20230820.csv,496
GN-CTL-f225921303,gangneung,GN-CAB-f225921303,KNI,YB,249,0,GMC-200N,3,0,-15.0,10.0,220.0,3,110,37.754302,128.8840091,강원특별자치도 강릉시 홍제동 219-38,강원특별자치도 강릉시_분전함_20230820.csv,497
GN-CTL-1467e65ad2,gangneung,GN-CAB-1467e65ad2,KNC,YB,249,0,GMC-200N,3,0,-20.0,5.0,220.0,3,60,37.754302,128.8840091,강원특별자치도 강릉시 홍제동 219-38,강원특별자치도 강릉시_분전함_20230820.csv,498
GN-CTL-ee948e04ca,gangneung,GN-CAB-ee948e04ca,KNI,YB,250,0,GMC-200N,3,0,-15.0,10.0,220.0,5,110,37.739397,128.8697739,강원특별자치도 강릉시 회산동 36-1,강원특별자치도 강릉시_분전함_20230820.csv,499
GN-CTL-b793f1f89a,gangneung,GN-CAB-b793f1f89a,KNC,YB,250,0,GMC-200N,3,0,-15.0,5.0,220.0,0,10,37.739397,128.8697739,강원특별자치도 강릉시 회산동 36-1,강원특별자치도 강릉시_분전함_20230820.csv,500
GN-CTL-fc6d05c0bf,gangneung,GN-CAB-fc6d05c0bf,KNI,YB,251,0,GMC-200N,3,0,-15.0,10.0,220.0,3,110,37.8026936,128.8746502,강원특별자치도 강릉시 안현동 737,강원특별자치도 강릉시_분전함_20230820.csv,501
GN-CTL-803fddbdc2,gangneung,GN-CAB-803fddbdc2,KNC,YB,251,0,GMC-200N,3,0,-20.0,5.0,220.0,3,70,37.8025856,128.8746498,강원특별자치도 강릉시 안현동 737,강원특별자치도 강릉시_분전함_20230820.csv,502
GN-CTL-96e475c390,gangneung,GN-CAB-96e475c390,KNI,YB,252,0,GMC-200N,3,0,-15.0,10.0,220.0,5,60,37.8055077,128.8863008,강원특별자치도 강릉시 저동 511,강원특별자치도 강릉시_분전함_20230820.csv,503
GN-CTL-94324d920f,gangneung,GN-CAB-94324d920f,KNC,YB,252,0,GMC-200N,3,0,-20.0,5.0,220.0,5,6,37.8055077,128.8863008,강원특별자치도 강릉시 저동 511,강원특별자치도 강릉시_분전함_20230820.csv,504
GN-CTL-1ecdacab32,gangneung,GN-CAB-1ecdacab32,KNI,YB,253,0,GMC-200N,3,0,-15.0,10.0,220.0,3,60,37.8069535,128.89881,강원특별자치도 강릉시 안현동 95-2,강원특별자치도 강릉시_분전함_20230820.csv,505
GN-CTL-8cd20f899e,gangneung,GN-CAB-8cd20f899e,KNC,YB,253,0,GMC-200N,3,0,-20.0,5.0,220.0,3,8,37.8069535,128.89881,강원특별자치도 강릉시 안현동 95-2,강원특별자치도 강릉시_분전함_20230820.csv,506
GN-CTL-2510498b6e,gangneung,GN-CAB-2510498b6e,KNI,YB,254,0,GMC-200N,3,0,-15.0,10.0,220.0,3,110,37.739671,128.8825867,강원특별자치도 강릉시 내곡동 380-1,강원특별자치도 강릉시_분전함_20230820.csv,507
GN-CTL-649901f7e8,gangneung,GN-CAB-649901f7e8,KNC,YB,254,0,GMC-200N,3,0,-20.0,5.0,220.0,3,1,37.7396382,128.8825265,강원특별자치도 강릉시 내곡동 380-5,강원특별자치도 강릉시_분전함_20230820.csv,508
GN-CTL-08d1711865,gangneung,GN-CAB-08d1711865,KNI,YB,255,0,GMC-200N,3,0,-15.0,10.0,220.0,3,60,37.7399053,128.8825895,강원특별자치도 강릉시 내곡동 382-1,강원특별자치도 강릉시_분전함_20230820.csv,509
GN-CTL-2f0732cd6b,gangneung,GN-CAB-2f0732cd6b,KNC,YB,255,0,GMC-200N,3,0,-20.0,5.0,220.0,0,15,37.7399053,128.8825895,강원특별자치도 강릉시 내곡동 382-1,강원특별자치도 강릉시_분전함_20230820.csv,510
GN-CTL-dc6fe94dff,gangneung,GN-CAB-dc6fe94dff,KNC,YB,256,0,GMC-200N,3,0,-20.0,5.0,220.0,3,1,37.7402392,128.8873135,강원특별자치도 강릉시 내곡동 364-3,강원특별자치도 강릉시_분전함_20230820.csv,511
GN-CTL-ae3618cded,gangneung,GN-CAB-ae3618cded,KNI,YB,256,0,GMC-200N,3,0,-15.0,10.0,220.0,3,110,37.7402392,128.8873135,강원특별자치도 강릉시 내곡동 364-3,강원특별자치도 강릉시_분전함_20230820.csv,512
GN-CTL-4bd21897eb,gangneung,GN-CAB-4bd21897eb,KNC,YB,257,0,GMC-200N,3,0,-20.0,20.0,220.0,3,80,37.7404737,128.8872822,강원특별자치도 강릉시 내곡동 364-1,강원특별자치도 강릉시_분전함_20230820.csv,513
GN-CTL-8cb11737fa,gangneung,GN-CAB-8cb11737fa,KNI,YB,257,0,GMC-200N,3,0,-15.0,10.0,220.0,3,60,37.7404737,128.8872822,강원특별자치도 강릉시 내곡동 364-1,강원특별자치도 강릉시_분전함_20230820.csv,514
GN-CTL-3678854be8,gangneung,GN-CAB-3678854be8,KNI,YB,258,0,GMC-200N,3,0,-15.0,10.0,220.0,3,70,37.6235794,129.0417661,강원특별자치도 강릉시 옥계면 금진리 699-3,강원특별자치도 강릉시_분전함_20230820.csv,515
GN-CTL-78a89e094b,gangneung,GN-CAB-78a89e094b,KNC,YB,258,0,GMC-200N,3,0,-20.0,5.0,220.0,3,60,37.6234692,129.0417922,강원특별자치도 강릉시 옥계면 금진리 699-3,강원특별자치도 강릉시_분전함_20230820.csv,516
GN-CTL-74253dd916,gangneung,GN-CAB-74253dd916,KNC,YB,259,0,GMC-200S,3,0,-20.0,5.0,220.0,0,26,37.8015904,128.9119513,강원특별자치도 강릉시 강문동 산51,강원특별자치도 강릉시_분전함_20230820.csv,517
GN-CTL-19fe2c47aa,gangneung,GN-CAB-19fe2c47aa,KNI,YB,259,0,GMC-200,3,0,-15.0,10.0,220.0,0,60,37.8015904,128.9119513,강원특별자치도 강릉시 강문동 산51,강원특별자치도 강릉시_분전함_20230820.csv,518
GN-CTL-b152464d59,gangneung,GN-CAB-b152464d59,KNI,YB,260,0,GMC-200,3,0,-15.0,10.0,220.0,0,60,37.8051438,128.9080205,강원특별자치도 강릉시 경포동 산1,강원특별자치도 강릉시_분전함_20230820.csv,519
GN-CTL-bfa1802722,gangneung,GN-CAB-bfa1802722,KNC,YB,260,0,GMC-200S,3,0,-20.0,5.0,220.0,0,50,37.8050585,128.907872,강원특별자치도 강릉시 강문동 산1,강원특별자치도 강릉시_분전함_20230820.csv,520
GN-CTL-6754d225b8,gangneung,GN-CAB-6754d225b8,KNI,YB,261,0,GMC-200,3,0,-15.0,10.0,220.0,3,60,37.807449,128.9046986,강원특별자치도 강릉시 안현동 89-53,강원특별자치도 강릉시_분전함_20230820.csv,521
GN-CTL-131aadb2d4,gangneung,GN-CAB-131aadb2d4,KNC,YB,261,0,GMC-200S,3,0,-20.0,5.0,220.0,3,3,37.8074225,128.9046726,강원특별자치도 강릉시 안현동 89-53,강원특별자치도 강릉시_분전함_20230820.csv,522
GN-CTL-9608a12276,gangneung,GN-CAB-9608a12276,KNI,YB,262,0,GMC-200N,3,0,-15.0,10.0,220.0,1,130,37.7603743,128.9330985,,강원특별자치도 강릉시_분전함_20230820.csv,523
GN-CTL-12e1a40e4e,gangneung,GN-CAB-12e1a40e4e,KNC,YB,262,0,GMC-200N,3,0,-20.0,5.0,220.0,1,10,37.7603587,128.9331068,강원특별자치도 강릉시 학동 산42-1,강원특별자치도 강릉시_분전함_20230820.csv,524
GN-CTL-002b85e7c5,gangneung,GN-CAB-002b85e7c5,KNI,YB,263,0,GMC-200N,3,0,-15.0,5.0,220.0,0,60,37.906427,128.8157341,강원특별자치도 강릉시 주문진읍 향호리 3,강원특별자치도 강릉시_분전함_20230820.csv,525
GN-CTL-d6071513c3,gangneung,GN-CAB-d6071513c3,KNC,YB,263,0,GMC-200N,3,0,-20.0,5.0,220.0,0,60,37.9063893,128.8157279,강원특별자치도 강릉시 주문진읍 향호리 3,강원특별자치도 강릉시_분전함_20230820.csv,526
GN-CTL-41fd29369b,gangneung,GN-CAB-41fd29369b,KNC,YB,264,0,GMC-200S,3,0,-20.0,5.0,220.0,0,10,37.7991222,128.8612856,강원특별자치도 강릉시 대전동 843-4,강원특별자치도 강릉시_분전함_20230820.csv,527
GN-CTL-bb04f8f6b6,gangneung,GN-CAB-bb04f8f6b6,KNI,YB,265,0,GMC-200N,3,0,-15.0,10.0,220.0,0,10,37.7431521,128.877352,강원특별자치도 강릉시 회산동 19-1,강원특별자치도 강릉시_분전함_20230820.csv,528
GN-CTL-1ff83b76e7,gangneung,GN-CAB-1ff83b76e7,KNC,YB,265,0,GMC-200N,3,0,-20.0,5.0,220.0,0,20,37.7430336,128.877486,강원특별자치도 강릉시 회산동 607,강원특별자치도 강릉시_분전함_20230820.csv,529
GN-CTL-6bed09f465,gangneung,GN-CAB-6bed09f465,KNI,YB,266,0,GMC-200N,3,0,-15.0,10.0,220.0,0,20,37.742759,128.8756908,강원특별자치도 강릉시 회산동 55-2,강원특별자치도 강릉시_분전함_20230820.csv,530
GN-CTL-7b0da4ea93,gangneung,GN-CAB-7b0da4ea93,KNC,YB,266,0,GMC-200N,3,0,-20.0,5.0,220.0,0,60,37.7423376,128.8757683,강원특별자치도 강릉시 회산동 52-1,강원특별자치도 강릉시_분전함_20230820.csv,531
GN-CTL-098d3a2654,gangneung,GN-CAB-098d3a2654,KNI,YB,267,,GMC-200NK,3,0,,,,,,37.8016818,128.8541756,강원특별자치도 강릉시 대전동 904,강원특별자치도 강릉시_분전함_20230820.csv,532
GN-CTL-bdc6a0c1a4,gangneung,GN-CAB-bdc6a0c1a4,KNC,YB,267,,GMC-200NK,3,0,-20.0,5.0,,,,37.8016818,128.8541756,강원특별자치도 강릉시 대전동 904,강원특별자치도 강릉시_분전함_20230820.csv,533
GN-CTL-2ee1113ed5,gangneung,GN-CAB-2ee1113ed5,KNI,YB,268,0,GMC-200NK,3,0,-15.0,5.0,220.0,0,60,37.7513703,128.9057733,강원특별자치도 강릉시 노암동 256-3,강원특별자치도 강릉시_분전함_20230820.csv,534
GN-CTL-f83aa6acd6,gangneung,GN-CAB-f83aa6acd6,KNC,YB,268,0,GMC-200N,3,0,-20.0,5.0,220.0,0,60,37.7513703,128.9057733,강원특별자치도 강릉시 노암동 256-3,강원특별자치도 강릉시_분전함_20230820.csv,535
GN-CTL-9196e4857c,gangneung,GN-CAB-9196e4857c,KNC,YB,269,0,GMC-200N,3,0,-20.0,5.0,220.0,0,60,37.7520854,128.9054046,강원특별자치도 강릉시 노암동 256-3,강원특별자치도 강릉시_분전함_20230820.csv,536
GN-CTL-0341cd4aec,gangneung,GN-CAB-0341cd4aec,KNI,YB,269,0,GMC-200NK,3,0,-15.0,5.0,220.0,0,60,37.7521026,128.9054531,강원특별자치도 강릉시 노암동 256-3,강원특별자치도 강릉시_분전함_20230820.csv,537
GN-CTL-d2eb7d4b7c,gangneung,GN-CAB-d2eb7d4b7c,KNC,YB,270,0,GMC-200N,3,0,-20.0,5.0,220.0,1,15,37.7493322,128.911842,강원특별자치도 강릉시 입암동 산82,강원특별자치도 강릉시_분전함_20230820.csv,538
GN-CTL-c4a253fa52,gangneung,GN-CAB-c4a253fa52,KNI,YB,270,0,GMC-200NK,3,0,-15.0,5.0,220.0,1,60,37.7493322,128.911842,강원특별자치도 강릉시 입암동 산82,강원특별자치도 강릉시_분전함_20230820.csv,539
GN-CTL-c548d995b5,gangneung,GN-CAB-c548d995b5,KNI,YB,271,0,GMC-200N,3,0,-15.0,10.0,220.0,0,60,37.7497305,128.8916142,강원특별자치도 강릉시 남문동 153-6,강원특별자치도 강릉시_분전함_20230820.csv,540
GN-CTL-863cfbbe7b,gangneung,GN-CAB-863cfbbe7b,KNC,YB,271,0,GMC-200N,3,0,-20.0,5.0,220.0,0,60,37.7496812,128.8916162,강원특별자치도 강릉시 남문동 153-6,강원특별자치도 강릉시_분전함_20230820.csv,541
GN-CTL-09bcbd9c61,gangneung,GN-CAB-09bcbd9c61,KNC,YB,272,0,GMC-200N,3,0,-20.0,5.0,220.0,0,60,37.7560663,128.8943266,강원특별자치도 강릉시 임당동 37,강원특별자치도 강릉시_분전함_20230820.csv,542
GN-CTL-732443d279,gangneung,GN-CAB-732443d279,KNI,YB,272,0,GMC-200NK,3,0,-15.0,-10.0,220.0,0,60,37.7560091,128.8941864,강원특별자치도 강릉시 임당동 35-1,강원특별자치도 강릉시_분전함_20230820.csv,543
GN-CTL-149fa71aab,gangneung,GN-CAB-149fa71aab,KNC,YB,273,0,GMC-200N,3,0,-20.0,5.0,220.0,0,20,37.7537805,128.8895798,강원특별자치도 강릉시 홍제동 47-1,강원특별자치도 강릉시_분전함_20230820.csv,544
GN-CTL-e1131e9e49,gangneung,GN-CAB-e1131e9e49,KNI,YB,273,0,GMC-200NK,3,0,-15.0,5.0,220.0,0,110,37.7538814,128.8895987,강원특별자치도 강릉시 홍제동 47,강원특별자치도 강릉시_분전함_20230820.csv,545
GN-CTL-9f6adb1b60,gangneung,GN-CAB-9f6adb1b60,KNI,YB,274,0,GMC-200NK,3,0,-15.0,5.0,220.0,0,60,37.765134,128.8984707,강원특별자치도 강릉시 교동 95-2,강원특별자치도 강릉시_분전함_20230820.csv,546
GN-CTL-07ec24ce12,gangneung,GN-CAB-07ec24ce12,KNC,YB,274,0,GMC-200NK,3,0,-20.0,5.0,220.0,0,10,37.765134,128.8984707,강원특별자치도 강릉시 교동 95-2,강원특별자치도 강릉시_분전함_20230820.csv,547
GN-CTL-bce5434e8f,gangneung,GN-CAB-bce5434e8f,KNI,YB,275,0,GMC-200NK,3,0,-15.0,5.0,220.0,0,110,37.7628498,128.9010218,강원특별자치도 강릉시 옥천동 351,강원특별자치도 강릉시_분전함_20230820.csv,548
GN-CTL-7274d74df0,gangneung,GN-CAB-7274d74df0,KNC,YB,275,0,GMC-200N,3,0,-20.0,5.0,220.0,0,30,37.7628283,128.9010205,강원특별자치도 강릉시 옥천동 351,강원특별자치도 강릉시_분전함_20230820.csv,549
GN-CTL-82b8b3e328,gangneung,GN-CAB-82b8b3e328,KNI,YB,276,0,GMC-200NK,3,0,-15.0,5.0,220.0,0,60,37.7784344,128.9037654,강원특별자치도 강릉시 포남동 236-1,강원특별자치도 강릉시_분전함_20230820.csv,550
GN-CTL-a6bf9fe443,gangneung,GN-CAB-a6bf9fe443,KNC,YB,276,0,GMC-200N,3,0,-20.0,5.0,220.0,0,60,37.7783702,128.9036876,강원특별자치도 강릉시 포남동 236-1,강원특별자치도 강릉시_분전함_20230820.csv,551
GN-CTL-ee8384d56e,gangneung,GN-CAB-ee8384d56e,KNI,YB,277,0,GMC-200N,3,0,-15.0,10.0,220.0,0,60,37.7415586,128.8927528,강원특별자치도 강릉시 노암동 751-4,강원특별자치도 강릉시_분전함_20230820.csv,552
GN-CTL-1d42426639,gangneung,GN-CAB-1d42426639,KNC,YB,277,0,GMC-200N,3,0,-20.0,5.0,220.0,0,10,37.7415158,128.8927776,강원특별자치도 강릉시 노암동 751-4,강원특별자치도 강릉시_분전함_20230820.csv,553
GN-CTL-1b72fa3905,gangneung,GN-CAB-1b72fa3905,KNC,YB,278,0,GMC-200N,3,0,-20.0,5.0,220.0,0,60,37.7696863,128.9326024,강원특별자치도 강릉시 병산동 563-2,강원특별자치도 강릉시_분전함_20230820.csv,554
GN-CTL-3398406b6e,gangneung,GN-CAB-3398406b6e,KNI,YB,278,0,GMC-200N,3,0,-15.0,5.0,220.0,0,10,37.7697487,128.9326149,강원특별자치도 강릉시 병산동 563-2,강원특별자치도 강릉시_분전함_20230820.csv,555
GN-CTL-0a7b882948,gangneung,GN-CAB-0a7b882948,KNC,YB,279,0,GMC-200N,3,0,-20.0,5.0,220.0,0,1,37.7412533,128.892613,강원특별자치도 강릉시 노암동 751-5,강원특별자치도 강릉시_분전함_20230820.csv,556
GN-CTL-38bbb9c296,gangneung,GN-CAB-38bbb9c296,KNI,YB,279,0,GMC-200NK,3,0,-15.0,10.0,220.0,0,60,37.7412533,128.892613,강원특별자치도 강릉시 노암동 751-5,강원특별자치도 강릉시_분전함_20230820.csv,557
GN-CTL-5e1e3bc88c,gangneung,GN-CAB-5e1e3bc88c,KNC,YB,281,0,GMC-200N,3,0,-20.0,5.0,220.0,0,10,37.7965395,128.8607134,강원특별자치도 강릉시 강원도 강릉시 경포동,강원특별자치도 강릉시_분전함_20230820.csv,558
GN-CTL-5526a2fe29,gangneung,GN-CAB-5526a2fe29,KNI,YB,281,0,GMC-200N,3,0,-15.0,5.0,220.0,0,10,37.7965338,128.8607928,강원특별자치도 강릉시 경포동,강원특별자치도 강릉시_분전함_20230820.csv,559
GN-CTL-8ba68183f0,gangneung,GN-CAB-8ba68183f0,KNI,YB,282,0,GMC-200N,3,0,-15.0,5.0,220.0,0,10,37.794416,128.8608477,강원특별자치도 강릉시 경포동 854-4,강원특별자치도 강릉시_분전함_20230820.csv,560
GN-CTL-2fe8c41c3b,gangneung,GN-CAB-2fe8c41c3b,KNC,YB,282,0,GMC-200N,3,0,-20.0,5.0,220.0,0,10,37.7944053,128.8608248,강원특별자치도 강릉시 대전동 177,강원특별자치도 강릉시_분전함_20230820.csv,561
GN-CTL-4a2843597c,gangneung,GN-CAB-4a2843597c,KNI,YB,283,0,GMC-200N,3,0,-15.0,5.0,220.0,0,60,37.7940688,128.8540878,강원특별자치도 강릉시 대전동 산57,강원특별자치도 강릉시_분전함_20230820.csv,562
GN-CTL-806133081a,gangneung,GN-CAB-806133081a,KNC,YB,283,0,GMC-200N,3,0,-20.0,5.0,220.0,0,5,37.7940352,128.8540901,강원특별자치도 강릉시 대전동 산57,강원특별자치도 강릉시_분전함_20230820.csv,563
GN-CTL-4aad26e8c4,gangneung,GN-CAB-4aad26e8c4,KNC,YB,284,0,GMC-200N,3,0,-20.0,5.0,220.0,0,5,37.7937703,128.8542547,강원특별자치도 강릉시 대전동 321,강원특별자치도 강릉시_분전함_20230820.csv,564
GN-CTL-f1ca84bf7d,gangneung,GN-CAB-f1ca84bf7d,KNI,YB,284,0,GMC-200N,3,0,-15.0,5.0,220.0,0,10,37.7937703,128.8542547,강원특별자치도 강릉시 대전동 321,강원특별자치도 강릉시_분전함_20230820.csv,565
GN-CTL-0abc8c94ba,gangneung,GN-CAB-0abc8c94ba,KNI,YB,287,0,GMC-200N,3,0,-15.0,5.0,220.0,0,110,37.7538643,128.9211011,강원특별자치도 강릉시 성덕동,강원특별자치도 강릉시_분전함_20230820.csv,566
GN-CTL-7802edb1ca,gangneung,GN-CAB-7802edb1ca,KNC,YB,287,0,GMC-200N,3,0,-20.0,5.0,220.0,0,60,37.7538643,128.9211011,강원특별자치도 강릉시 입암동 237-2,강원특별자치도 강릉시_분전함_20230820.csv,567
GN-CTL-181e6c98b0,gangneung,GN-CAB-181e6c98b0,KNI,YB,288,0,GMC-200N,3,0,-15.0,5.0,220.0,0,110,37.756676,128.9187301,강원특별자치도 강릉시 성덕동,강원특별자치도 강릉시_분전함_20230820.csv,568
GN-CTL-f02d9e2077,gangneung,GN-CAB-f02d9e2077,KNC,YB,288,0,GMC-200N,3,0,-20.0,5.0,220.0,0,60,37.756676,128.9187301,강원특별자치도 강릉시 성덕동,강원특별자치도 강릉시_분전함_20230820.csv,569
GN-CTL-377e4a514b,gangneung,GN-CAB-377e4a514b,KNI,YB,289,0,GMC-200N,3,0,-15.0,5.0,220.0,0,110,37.7557529,128.922702,강원특별자치도 강릉시 성덕동,강원특별자치도 강릉시_분전함_20230820.csv,570
GN-CTL-df544eb1be,gangneung,GN-CAB-df544eb1be,KNC,YB,289,0,GMC-200N,3,0,-20.0,5.0,220.0,0,110,37.7557529,128.922702,강원특별자치도 강릉시 입암동 198-1,강원특별자치도 강릉시_분전함_20230820.csv,571
GN-CTL-e409e34d01,gangneung,GN-CAB-e409e34d01,KNC,YB,290,0,GMC-200N,3,0,-20.0,5.0,220.0,0,20,37.8163141,128.8560964,강원특별자치도 강릉시 사천면 방동리 산11-1,강원특별자치도 강릉시_분전함_20230820.csv,572
GN-CTL-2dd89937dc,gangneung,GN-CAB-2dd89937dc,KNI,YB,290,0,GMC-200N,3,0,-15.0,5.0,220.0,0,10,37.8163184,128.8560936,강원특별자치도 강릉시 사천면 방동리 산11-1,강원특별자치도 강릉시_분전함_20230820.csv,573
GN-CTL-8b94ed05d2,gangneung,GN-CAB-8b94ed05d2,KNC,YB,291,0,GMC-200N,3,0,-20.0,5.0,220.0,0,110,37.7551517,128.9212419,강원특별자치도 강릉시 입암동 210,강원특별자치도 강릉시_분전함_20230820.csv,574
GN-CTL-745c486ef0,gangneung,GN-CAB-745c486ef0,KNI,YB,291,0,GMC-200N,3,0,-15.0,5.0,220.0,0,110,37.7551517,128.9212419,강원특별자치도 강릉시 성덕동,강원특별자치도 강릉시_분전함_20230820.csv,575
GN-CTL-6e7e2e5dd9,gangneung,GN-CAB-6e7e2e5dd9,KNC,YB,292,0,GMC-200N,3,0,-20.0,5.0,220.0,0,5,37.7590447,128.9200078,강원특별자치도 강릉시 입암동 708-4,강원특별자치도 강릉시_분전함_20230820.csv,576
GN-CTL-a99b75a0ce,gangneung,GN-CAB-a99b75a0ce,KNI,YB,292,0,GMC-200N,3,0,-15.0,5.0,220.0,0,60,37.7590447,128.9200078,강원특별자치도 강릉시 입암동 708-4,강원특별자치도 강릉시_분전함_20230820.csv,577
GN-CTL-827fbc2e2f,gangneung,GN-CAB-827fbc2e2f,KNC,YB,293,,BRC-100,1,0,-20.0,5.0,,,,37.8061362,128.8598938,강원특별자치도 강릉시 사천면 산대월리 산131-1,강원특별자치도 강릉시_분전함_20230820.csv,578
GN-CTL-a33268c5cd,gangneung,GN-CAB-a33268c5cd,KNI,YB,294,0,GMC-200N,3,0,-15.0,5.0,220.0,0,60,37.7581594,128.9248995,강원특별자치도 강릉시 성덕동,강원특별자치도 강릉시_분전함_20230820.csv,579
GN-CTL-082b0dd09c,gangneung,GN-CAB-082b0dd09c,KNC,YB,294,0,GMC-200N,3,0,-20.0,5.0,220.0,0,60,37.7581594,128.9248995,강원특별자치도 강릉시 입암동 180,강원특별자치도 강릉시_분전함_20230820.csv,580
GN-CTL-c1660c9791,gangneung,GN-CAB-c1660c9791,KNC,YB,296,0,GMC-200N,3,0,-20.0,5.0,220.0,0,1,37.7244761,128.8796644,강원특별자치도 강릉시 구정면 여찬리 495-1,강원특별자치도 강릉시_분전함_20230820.csv,581
GN-CTL-6d8c955de6,gangneung,GN-CAB-6d8c955de6,KNC,YB,297,,BRC-100,0,0,-20.0,5.0,,,,37.8325432,128.8477271,강원특별자치도 강릉시 사천면 방동리 석교리 900,강원특별자치도 강릉시_분전함_20230820.csv,582
GN-CTL-5c2b90c1ba,gangneung,GN-CAB-5c2b90c1ba,KNI,YB,298,0,GMC-200N,3,0,-15.0,5.0,220.0,0,10,37.7637903,128.9192155,강원특별자치도 강릉시 입암동 60-16,강원특별자치도 강릉시_분전함_20230820.csv,583
GN-CTL-2ea5df6285,gangneung,GN-CAB-2ea5df6285,KNC,YB,298,0,GMC-200N,3,0,-20.0,5.0,220.0,0,60,37.7637903,128.9192155,강원특별자치도 강릉시 입암동 60-16,강원특별자치도 강릉시_분전함_20230820.csv,584
GN-CTL-045f21797d,gangneung,GN-CAB-045f21797d,KNC,YB,299,0,GMC-200S,3,0,-20.0,5.0,220.0,0,30,37.7670773,128.9346443,강원특별자치도 강릉시 두산동 44,강원특별자치도 강릉시_분전함_20230820.csv,585
GN-CTL-81f0e64af6,gangneung,GN-CAB-81f0e64af6,KNI,YB,299,0,GMC-200S,3,0,-15.0,5.0,220.0,0,10,37.7670743,128.9346811,강원특별자치도 강릉시 두산동 20-21,강원특별자치도 강릉시_분전함_20230820.csv,586
GN-CTL-b45affda21,gangneung,GN-CAB-b45affda21,KNC,YB,300,0,GMC-200N,3,0,-20.0,5.0,220.0,0,10,37.8578597,128.8524066,강원특별자치도 강릉시 연곡면 동덕리 95-2,강원특별자치도 강릉시_분전함_20230820.csv,587
GN-CTL-cc37c20a09,gangneung,GN-CAB-cc37c20a09,KNI,YB,300,0,GMC-200N,3,0,-15.0,5.0,220.0,0,60,37.8578817,128.8524269,강원특별자치도 강릉시 연곡면 동덕리 95-2,강원특별자치도 강릉시_분전함_20230820.csv,588
GN-CTL-5092bee349,gangneung,GN-CAB-5092bee349,KNI,YB,301,0,GMC-200N,3,0,-15.0,5.0,220.0,0,60,37.7642737,128.9138303,강원특별자치도 강릉시 입암동 602-1,강원특별자치도 강릉시_분전함_20230820.csv,589
GN-CTL-021412702e,gangneung,GN-CAB-021412702e,KNC,YB,301,0,GMC-200N,3,0,-20.0,5.0,220.0,0,60,37.7642499,128.9138193,강원특별자치도 강릉시 입암동 602-1,강원특별자치도 강릉시_분전함_20230820.csv,590
GN-CTL-e37281e8bd,gangneung,GN-CAB-e37281e8bd,KNC,YB,302,,타이머,0,0,-20.0,5.0,,,,37.8356025,128.875369,강원특별자치도 강릉시 사천면 사천진리 86-58,강원특별자치도 강릉시_분전함_20230820.csv,591
GN-CTL-4de09a07a3,gangneung,GN-CAB-4de09a07a3,KNI,YB,303,0,GMC-200N,3,0,-15.0,5.0,220.0,0,60,37.7657898,128.9170043,강원특별자치도 강릉시 입암동 39-2,강원특별자치도 강릉시_분전함_20230820.csv,592
GN-CTL-a7d6a21c34,gangneung,GN-CAB-a7d6a21c34,KNC,YB,303,0,GMC-200N,3,0,-20.0,5.0,220.0,0,60,37.7657898,128.9170043,강원특별자치도 강릉시 입암동 39-2,강원특별자치도 강릉시_분전함_20230820.csv,593
GN-CTL-4f30dc2eba,gangneung,GN-CAB-4f30dc2eba,KNC,YB,304,0,GMC-200N,3,0,-20.0,5.0,220.0,0,60,37.7695136,128.9271067,강원특별자치도 강릉시 입암동 698,강원특별자치도 강릉시_분전함_20230820.csv,594
GN-CTL-155256c85b,gangneung,GN-CAB-155256c85b,KNI,YB,304,0,GMC-200N,3,0,-15.0,5.0,220.0,0,60,37.7695482,128.9272095,강원특별자치도 강릉시 입암동 703,강원특별자치도 강릉시_분전함_20230820.csv,595
GN-CTL-6aed6da841,gangneung,GN-CAB-6aed6da841,KNI,YB,305,0,GMC-200N,3,0,-15.0,5.0,220.0,0,60,37.7698771,128.9379967,강원특별자치도 강릉시 병산동 946,강원특별자치도 강릉시_분전함_20230820.csv,596
GN-CTL-3f0406181f,gangneung,GN-CAB-3f0406181f,KNC,YB,305,0,GMC-200N,3,0,-20.0,5.0,220.0,0,60,37.7698458,128.9379961,강원특별자치도 강릉시 병산동 946,강원특별자치도 강릉시_분전함_20230820.csv,597
GN-CTL-0645c1dda4,gangneung,GN-CAB-0645c1dda4,KNC,YB,307,0,GMC-200N,3,0,-20.0,5.0,220.0,0,110,37.7636689,128.9540205,강원특별자치도 강릉시 남항진동 산7-2,강원특별자치도 강릉시_분전함_20230820.csv,598
GN-CTL-3d478099cd,gangneung,GN-CAB-3d478099cd,KNC,YB,309,0,GMC-200S,3,0,-20.0,5.0,220.0,1,60,37.7761985,128.938474,강원특별자치도 강릉시 송정동,강원특별자치도 강릉시_분전함_20230820.csv,599
GN-CTL-4a45cee251,gangneung,GN-CAB-4a45cee251,KNI,YB,310,0,GMC-200N,3,0,-15.0,5.0,220.0,0,60,37.7789201,128.935012,강원특별자치도 강릉시 송정동 산56-1,강원특별자치도 강릉시_분전함_20230820.csv,600
GN-CTL-4342c4ea22,gangneung,GN-CAB-4342c4ea22,KNC,YB,310,0,GMC-200N,3,0,-20.0,5.0,220.0,0,60,37.778928,128.9349412,강원특별자치도 강릉시 송정동 산56-1,강원특별자치도 강릉시_분전함_20230820.csv,601
GN-CTL-ebd345b357,gangneung,GN-CAB-ebd345b357,KNC,YB,312,0,GMC-200N,3,0,-20.0,5.0,220.0,0,11,37.7557555,128.9102753,강원특별자치도 강릉시 입암동 442-3,강원특별자치도 강릉시_분전함_20230820.csv,602
GN-CTL-67efe5b733,gangneung,GN-CAB-67efe5b733,KNI,YB,312,0,GMC-200N,3,0,-15.0,5.0,220.0,0,110,37.7557684,128.9103096,강원특별자치도 강릉시 입암동 499-1,강원특별자치도 강릉시_분전함_20230820.csv,603
GN-CTL-aa33679dbb,gangneung,GN-CAB-aa33679dbb,KNC,YB,314,0,GMC-200N,3,0,-20.0,5.0,220.0,5,1,37.7400144,128.8764299,강원특별자치도 강릉시 내곡동 626,강원특별자치도 강릉시_분전함_20230820.csv,604
GN-CTL-5758505fbf,gangneung,GN-CAB-5758505fbf,KNI,YB,314,0,GMC-200N,3,0,-15.0,5.0,220.0,5,110,37.7400144,128.8764299,강원특별자치도 강릉시 내곡동 626,강원특별자치도 강릉시_분전함_20230820.csv,605
GN-CTL-65cb7314eb,gangneung,GN-CAB-65cb7314eb,KNC,YB,315,,NBTC-300,3,0,-20.0,5.0,,,,37.7400031,128.8788805,강원특별자치도 강릉시 내곡동 626-4,강원특별자치도 강릉시_분전함_20230820.csv,606
GN-CTL-97b8223e54,gangneung,GN-CAB-97b8223e54,KNI,YB,316,0,GMC-200N,3,0,-15.0,5.0,220.0,5,110,37.7456489,128.9127612,강원특별자치도 강릉시 노암동 8-3,강원특별자치도 강릉시_분전함_20230820.csv,607
GN-CTL-71cf1261ee,gangneung,GN-CAB-71cf1261ee,KNC,YB,316,0,GMC-200N,3,0,-20.0,5.0,220.0,5,110,37.7456601,128.912787,강원특별자치도 강릉시 노암동 8-7,강원특별자치도 강릉시_분전함_20230820.csv,608
GN-CTL-d15993a30b,gangneung,GN-CAB-d15993a30b,KNI,YB,318,0,GMC-200N,3,0,-15.0,5.0,220.0,0,10,37.7363839,128.9130898,강원특별자치도 강릉시 유산동 360-1,강원특별자치도 강릉시_분전함_20230820.csv,609
GN-CTL-1cc35f0f23,gangneung,GN-CAB-1cc35f0f23,KNC,YB,318,0,GMC-200N,3,0,-20.0,-15.0,220.0,0,110,37.736366,128.9131037,강원특별자치도 강릉시 유산동 360-1,강원특별자치도 강릉시_분전함_20230820.csv,610
GN-CTL-8ba6591e44,gangneung,GN-CAB-8ba6591e44,KNC,YB,319,0,GMC-200N,3,0,-20.0,5.0,220.0,0,60,37.7662246,128.9077567,강원특별자치도 강릉시 포남동 1151-7,강원특별자치도 강릉시_분전함_20230820.csv,611
GN-CTL-d36f463d95,gangneung,GN-CAB-d36f463d95,KNI,YB,319,0,GMC-200N,3,0,-15.0,5.0,220.0,0,10,37.7662225,128.9076799,강원특별자치도 강릉시 포남동 1151-7,강원특별자치도 강릉시_분전함_20230820.csv,612
GN-CTL-9fae3feafe,gangneung,GN-CAB-9fae3feafe,KNC,YB,323,0,GMC-200N,3,0,-20.0,5.0,220.0,5,1,37.704292,128.9033961,강원특별자치도 강릉시 구정면,강원특별자치도 강릉시_분전함_20230820.csv,613
GN-CTL-0022d7e5d8,gangneung,GN-CAB-0022d7e5d8,KNI,YB,323,0,GMC-200N,3,0,-15.0,5.0,220.0,5,110,37.704292,128.9033961,강원특별자치도 강릉시 구정면,강원특별자치도 강릉시_분전함_20230820.csv,614
GN-CTL-85ca1f7dff,gangneung,GN-CAB-85ca1f7dff,KNC,YB,324,0,GMC-200N,3,0,-20.0,5.0,220.0,0,7,37.7759873,128.9149509,강원특별자치도 강릉시 송정동 746-2,강원특별자치도 강릉시_분전함_20230820.csv,615
GN-CTL-da2883e64d,gangneung,GN-CAB-da2883e64d,KNI,YB,324,0,GMC-200N,3,0,-15.0,5.0,220.0,0,110,37.7759873,128.9149509,강원특별자치도 강릉시 송정동 746-2,강원특별자치도 강릉시_분전함_20230820.csv,616
GN-CTL-d6b41d8e23,gangneung,GN-CAB-d6b41d8e23,KNI,YB,328,0,GMC-200N,3,0,-15.0,5.0,220.0,0,10,37.7941321,128.9151636,강원특별자치도 강릉시 초당동 146-10,강원특별자치도 강릉시_분전함_20230820.csv,617
GN-CTL-dba35a5c51,gangneung,GN-CAB-dba35a5c51,KNC,YB,328,0,GMC-200N,3,0,-20.0,5.0,220.0,0,90,37.7943438,128.9153806,강원특별자치도 강릉시 강문동 146-35,강원특별자치도 강릉시_분전함_20230820.csv,618
GN-CTL-e7fdfb3407,gangneung,GN-CAB-e7fdfb3407,KNC,YB,329,0,GMC-200N,3,0,-20.0,5.0,220.0,0,60,37.7944691,128.9152033,강원특별자치도 강릉시 강문동 288-32,강원특별자치도 강릉시_분전함_20230820.csv,619
GN-CTL-affb14ff2c,gangneung,GN-CAB-affb14ff2c,KNI,YB,329,0,GMC-200N,3,0,-15.0,5.0,220.0,0,60,37.7942597,128.9149835,강원특별자치도 강릉시 초당동 300,강원특별자치도 강릉시_분전함_20230820.csv,620
GN-CTL-cf5d1de6cc,gangneung,GN-CAB-cf5d1de6cc,KNC,YB,330,0,GMC-200N,3,0,-20.0,5.0,220.0,5,110,37.7447144,128.8942571,강원특별자치도 강릉시 노암동 627,강원특별자치도 강릉시_분전함_20230820.csv,621
GN-CTL-149b011eb7,gangneung,GN-CAB-149b011eb7,KNI,YB,330,0,GMC-200N,3,0,-15.0,5.0,220.0,5,10,37.7447551,128.8942209,강원특별자치도 강릉시 노암동 627,강원특별자치도 강릉시_분전함_20230820.csv,622
GN-CTL-b338622c4c,gangneung,GN-CAB-b338622c4c,KNI,YB,332,0,GMC-200N,3,0,-15.0,5.0,220.0,0,60,37.7858111,128.9134374,강원특별자치도 강릉시 초당동,강원특별자치도 강릉시_분전함_20230820.csv,623
GN-CTL-185bf24129,gangneung,GN-CAB-185bf24129,KNC,YB,332,0,GMC-200N,3,0,-20.0,5.0,220.0,0,80,37.7858111,128.9134374,강원특별자치도 강릉시 초당동,강원특별자치도 강릉시_분전함_20230820.csv,624
GN-CTL-34be4d21c3,gangneung,GN-CAB-34be4d21c3,KNI,YB,334,0,GMC-200N,3,0,-15.0,5.0,220.0,0,110,37.7518032,128.8903795,강원특별자치도 강릉시 중앙동 65-14,강원특별자치도 강릉시_분전함_20230820.csv,625
GN-CTL-fffe149f7e,gangneung,GN-CAB-fffe149f7e,KNC,YB,334,0,GMC-200N,3,0,-20.0,5.0,220.0,0,1,37.7518032,128.8903795,강원특별자치도 강릉시 중앙동 65-14,강원특별자치도 강릉시_분전함_20230820.csv,626
GN-CTL-c3c7338e5f,gangneung,GN-CAB-c3c7338e5f,KNC,YB,335,0,GMC-200N,3,0,-20.0,5.0,220.0,0,60,37.7785727,128.9322378,강원특별자치도 강릉시 송정동,강원특별자치도 강릉시_분전함_20230820.csv,627
GN-CTL-5e931bf8ea,gangneung,GN-CAB-5e931bf8ea,KNC,YB,336,0,GMC-200N,3,0,-20.0,5.0,220.0,0,60,37.7733841,128.9249541,강원특별자치도 강릉시 송정동 809-21,강원특별자치도 강릉시_분전함_20230820.csv,628
GN-CTL-b695dc7570,gangneung,GN-CAB-b695dc7570,KNI,YB,338,0,GMC-200N,3,0,-15.0,5.0,220.0,0,60,37.7757308,128.9338367,,강원특별자치도 강릉시_분전함_20230820.csv,629
GN-CTL-8f650360c7,gangneung,GN-CAB-8f650360c7,KNC,YB,338,0,GMC-200N,3,0,-20.0,5.0,220.0,0,60,37.7757348,128.9338964,강원특별자치도 강릉시 송정동 945,강원특별자치도 강릉시_분전함_20230820.csv,630
GN-CTL-56f49edd2e,gangneung,GN-CAB-56f49edd2e,KNI,YB,339,0,GMC-200N,3,0,-15.0,5.0,220.0,0,60,37.7520429,128.90619,강원특별자치도 강릉시 강남동,강원특별자치도 강릉시_분전함_20230820.csv,631
GN-CTL-cfc02828aa,gangneung,GN-CAB-cfc02828aa,KNC,YB,339,0,GMC-200N,3,0,-20.0,5.0,220.0,0,60,37.7520408,128.9061957,강원특별자치도 강릉시 강원도 강릉시 성덕동,강원특별자치도 강릉시_분전함_20230820.csv,632
GN-CTL-7111192432,gangneung,GN-CAB-7111192432,KNI,YB,340,0,GMC-200N,3,0,-15.0,5.0,220.0,0,160,37.7951603,128.917345,강원특별자치도 강릉시 강문동 171-1,강원특별자치도 강릉시_분전함_20230820.csv,633
GN-CTL-2bfb36b527,gangneung,GN-CAB-2bfb36b527,KNC,YB,340,0,NBTC-300,3,0,-20.0,5.0,220.0,0,160,37.7951561,128.9173422,강원특별자치도 강릉시 강문동 171-1,강원특별자치도 강릉시_분전함_20230820.csv,634
GN-CTL-ea5c751468,gangneung,GN-CAB-ea5c751468,KNC,YB,341,0,GMC-200N,3,0,-20.0,5.0,220.0,0,110,37.7594996,128.911652,강원특별자치도 강릉시 입암동 557-5,강원특별자치도 강릉시_분전함_20230820.csv,635
GN-CTL-04320f6fdb,gangneung,GN-CAB-04320f6fdb,KNI,YB,341,0,GMC-200N,3,0,-15.0,5.0,220.0,0,110,37.7595243,128.9116382,강원특별자치도 강릉시 입암동 101-2,강원특별자치도 강릉시_분전함_20230820.csv,636
GN-CTL-a830636595,gangneung,GN-CAB-a830636595,KNC,YB,342,0,GMC-200N,3,0,-20.0,5.0,220.0,0,19,37.7500414,128.8814618,강원특별자치도 강릉시 홍제동 348-6,강원특별자치도 강릉시_분전함_20230820.csv,637
GN-CTL-c1454a2b6e,gangneung,GN-CAB-c1454a2b6e,KNI,YB,342,0,GMC-200N,3,0,-15.0,5.0,220.0,0,110,37.7500592,128.8814621,강원특별자치도 강릉시 홍제동 348-3,강원특별자치도 강릉시_분전함_20230820.csv,638
GN-CTL-090536d06d,gangneung,GN-CAB-090536d06d,KNC,YB,343,0,GMC-200N,3,0,-20.0,5.0,220.0,0,10,37.7980854,128.911965,강원특별자치도 강릉시 강문동 265-1,강원특별자치도 강릉시_분전함_20230820.csv,639
GN-CTL-a6b73be33a,gangneung,GN-CAB-a6b73be33a,KNI,YB,343,0,GMC-200N,3,0,-15.0,5.0,220.0,0,60,37.7980854,128.911965,강원특별자치도 강릉시 강문동 265-1,강원특별자치도 강릉시_분전함_20230820.csv,640
GN-CTL-7580b8c171,gangneung,GN-CAB-7580b8c171,KNC,YB,344,0,GMC-200N,3,0,-20.0,5.0,220.0,0,110,37.751244,128.8856748,강원특별자치도 강릉시 홍제동 135-1,강원특별자치도 강릉시_분전함_20230820.csv,641
GN-CTL-db11db0e42,gangneung,GN-CAB-db11db0e42,KNI,YB,344,0,GMC-200N,3,0,-15.0,5.0,220.0,0,110,37.751244,128.8856748,강원특별자치도 강릉시 홍제동 135-1,강원특별자치도 강릉시_분전함_20230820.csv,642
GN-CTL-62e529efbe,gangneung,GN-CAB-62e529efbe,KNC,YB,345,0,GMC-200N,3,0,-20.0,5.0,220.0,7,160,37.7603468,128.9110412,강원특별자치도 강릉시 입암동 573-1,강원특별자치도 강릉시_분전함_20230820.csv,643
GN-CTL-344583cc45,gangneung,GN-CAB-344583cc45,KNC,YB,348,,RCG-200,0,0,-20.0,5.0,,,,37.8747132,128.826861,강원특별자치도 강릉시 주문진읍 교항리 1184-7,강원특별자치도 강릉시_분전함_20230820.csv,644
GN-CTL-f8e325840b,gangneung,GN-CAB-f8e325840b,KNC,YB,350,,타이머,0,0,-20.0,5.0,,,,37.9102472,128.815802,강원특별자치도 강릉시 주문진읍 향호리 산42-3,강원특별자치도 강릉시_분전함_20230820.csv,645
GN-CTL-8a8fcbdc58,gangneung,GN-CAB-8a8fcbdc58,KNC,YB,351,,BRC-100,0,0,-20.0,5.0,,,,37.91084,128.8157116,강원특별자치도 강릉시 주문진읍 향호리 8-26,강원특별자치도 강릉시_분전함_20230820.csv,646
GN-CTL-fc7ebc4cc2,gangneung,GN-CAB-fc7ebc4cc2,KNC,YB,352,,타이머,0,0,-20.0,5.0,,,,37.9099231,128.8163472,강원특별자치도 강릉시 주문진읍 향호리 9-2,강원특별자치도 강릉시_분전함_20230820.csv,647
GN-CTL-3adec02a4f,gangneung,GN-CAB-3adec02a4f,KNI,YB,354,0,GMC-200N,3,0,-15.0,5.0,220.0,0,10,37.8746193,128.8263629,강원특별자치도 강릉시 주문진읍 교항리 1184-7,강원특별자치도 강릉시_분전함_20230820.csv,648
GN-CTL-87df333083,gangneung,GN-CAB-87df333083,KNC,YB,354,0,GMC-200N,3,0,-20.0,5.0,220.0,0,10,37.8746108,128.8263628,강원특별자치도 강릉시 주문진읍 교항리 1184-7,강원특별자치도 강릉시_분전함_20230820.csv,649
GN-CTL-38154bd517,gangneung,GN-CAB-38154bd517,KNC,YB,356,,BRC-100,1,0,-20.0,5.0,,,,37.8448524,128.8406934,강원특별자치도 강릉시 사천면 판교리 산32-5,강원특별자치도 강릉시_분전함_20230820.csv,650
GN-CTL-5f98918607,gangneung,GN-CAB-5f98918607,KNC,YB,357,0,GMC-200N,3,0,-20.0,5.0,220.0,0,60,37.7501223,128.899324,강원특별자치도 강릉시 노암동 826-8,강원특별자치도 강릉시_분전함_20230820.csv,651
GN-CTL-6e7a93a49e,gangneung,GN-CAB-6e7a93a49e,KNI,YB,357,0,GMC-200N,3,0,-15.0,5.0,220.0,0,110,37.7501223,128.899324,강원특별자치도 강릉시 노암동 826-8,강원특별자치도 강릉시_분전함_20230820.csv,652
GN-CTL-79ad483b5f,gangneung,GN-CAB-79ad483b5f,KNC,YB,360,0,GMC-200N,3,0,-20.0,5.0,220.0,5,60,37.7428746,128.8962407,강원특별자치도 강릉시 강남동,강원특별자치도 강릉시_분전함_20230820.csv,653
GN-CTL-aae191c53c,gangneung,GN-CAB-aae191c53c,KNI,YB,360,0,GMC-200N,3,0,-15.0,5.0,220.0,5,10,37.7428746,128.8962407,강원특별자치도 강릉시 강남동,강원특별자치도 강릉시_분전함_20230820.csv,654
GN-CTL-ff69f52b66,gangneung,GN-CAB-ff69f52b66,KNI,YB,361,0,GMC-200N,3,0,-15.0,5.0,220.0,5,10,37.7449084,128.8965716,강원특별자치도 강릉시 노암동 661-3,강원특별자치도 강릉시_분전함_20230820.csv,655
GN-CTL-74762039b4,gangneung,GN-CAB-74762039b4,KNC,YB,361,0,GMC-200N,3,0,-20.0,5.0,220.0,5,10,37.7449084,128.8965716,강원특별자치도 강릉시 노암동 661-3,강원특별자치도 강릉시_분전함_20230820.csv,656
GN-CTL-bb8faece6c,gangneung,GN-CAB-bb8faece6c,KNC,YB,362,0,GMC-200N,3,0,-20.0,5.0,220.0,0,6,37.7753487,128.8976199,강원특별자치도 강릉시 교동 산56-2,강원특별자치도 강릉시_분전함_20230820.csv,657
GN-CTL-4b1f8ecf44,gangneung,GN-CAB-4b1f8ecf44,KNI,YB,362,0,GMC-200N,3,0,-15.0,5.0,220.0,0,60,37.7754907,128.8975316,강원특별자치도 강릉시 교동 산56,강원특별자치도 강릉시_분전함_20230820.csv,658
GN-CTL-2b9bb75e1f,gangneung,GN-CAB-2b9bb75e1f,KNI,YB,363,0,GMC-200N,3,0,-15.0,5.0,220.0,5,60,37.7798697,128.8904101,강원특별자치도 강릉시 교2동 532-3,강원특별자치도 강릉시_분전함_20230820.csv,659
GN-CTL-cdeb9ddfd8,gangneung,GN-CAB-cdeb9ddfd8,KNC,YB,363,0,GMC-200N,3,0,-20.0,5.0,220.0,5,40,37.7798459,128.8907276,강원특별자치도 강릉시 교동 532-10,강원특별자치도 강릉시_분전함_20230820.csv,660
GN-CTL-dd9e87ac7d,gangneung,GN-CAB-dd9e87ac7d,KNC,YB,365,0,GMC-200N,3,0,-20.0,5.0,220.0,0,110,37.7244083,128.8793342,강원특별자치도 강릉시 구정면 여찬리 869-2,강원특별자치도 강릉시_분전함_20230820.csv,661
GN-CTL-0d27fced9f,gangneung,GN-CAB-0d27fced9f,KNI,YB,366,0,GMC-200S,3,0,-15.0,5.0,220.0,0,60,37.7681757,128.9125958,강원특별자치도 강릉시 포남동 1181-3,강원특별자치도 강릉시_분전함_20230820.csv,662
GN-CTL-dc42063b3b,gangneung,GN-CAB-dc42063b3b,KNC,YB,366,0,GMC-200S,3,0,-20.0,5.0,220.0,0,9,37.7681757,128.9125958,강원특별자치도 강릉시 포남동 1181-3,강원특별자치도 강릉시_분전함_20230820.csv,663
GN-CTL-cc84474ba2,gangneung,GN-CAB-cc84474ba2,KNI,YB,368,0,GMC-200N,3,0,-15.0,5.0,220.0,5,10,37.652293,129.0491259,강원특별자치도 강릉시 옥계면 금진리 124-25,강원특별자치도 강릉시_분전함_20230820.csv,664
GN-CTL-eee8949ef9,gangneung,GN-CAB-eee8949ef9,KNC,YB,368,0,GMC-200N,3,0,-20.0,5.0,220.0,5,60,37.6523069,129.0491177,강원특별자치도 강릉시 옥계면 금진리 124-39,강원특별자치도 강릉시_분전함_20230820.csv,665
GN-CTL-8f980a2466,gangneung,GN-CAB-8f980a2466,KNI,YB,369,0,GMC-200N,3,0,-15.0,5.0,220.0,0,60,37.7781826,128.9348438,강원특별자치도 강릉시 송정동 39-5,강원특별자치도 강릉시_분전함_20230820.csv,666
GN-CTL-248fee6acb,gangneung,GN-CAB-248fee6acb,KNC,YB,369,0,GMC-200N,3,0,-20.0,5.0,220.0,0,60,37.7781826,128.9348438,강원특별자치도 강릉시 송정동 39-5,강원특별자치도 강릉시_분전함_20230820.csv,667
GN-CTL-6abbedc692,gangneung,GN-CAB-6abbedc692,KNI,YB,370,,GRC-100G,0,0,,,,,,37.8940865,128.8332549,강원특별자치도 강릉시 주문진읍 주문리 265-21,강원특별자치도 강릉시_분전함_20230820.csv,668
GN-CTL-0cb74d148f,gangneung,GN-CAB-0cb74d148f,KNC,YB,370,,GRC-100G,0,0,-20.0,-5.0,,,,37.8941988,128.8335043,강원특별자치도 강릉시 주문진읍 주문리 265-27,강원특별자치도 강릉시_분전함_20230820.csv,669
GN-CTL-484a23db8e,gangneung,GN-CAB-484a23db8e,KNC,YB,371,,빛나라,3,0,-20.0,5.0,,,,37.8160292,128.8937525,강원특별자치도 강릉시 안현동 229-2,강원특별자치도 강릉시_분전함_20230820.csv,670
GN-CTL-aaa57ea91f,gangneung,GN-CAB-aaa57ea91f,KNC,YB,373,,빛나라,3,0,-20.0,5.0,,,,37.802618,128.9025502,강원특별자치도 강릉시 경포동 868-8,강원특별자치도 강릉시_분전함_20230820.csv,671
GN-CTL-76cb94221c,gangneung,GN-CAB-76cb94221c,KNC,YB,374,,단방향(빛나라),3,0,-20.0,5.0,,,,37.7856414,128.921337,강원특별자치도 강릉시 강문동 42-14,강원특별자치도 강릉시_분전함_20230820.csv,672
GN-CTL-9ebe41a8ef,gangneung,GN-CAB-9ebe41a8ef,KNC,YB,375,0,GMC-200N,3,0,-20.0,5.0,220.0,5,30,37.8191691,128.8342847,강원특별자치도 강릉시 사천면 노동리 1196,강원특별자치도 강릉시_분전함_20230820.csv,673
GN-CTL-5a13f0ecfa,gangneung,GN-CAB-5a13f0ecfa,KNI,YB,375,0,GMC-200N,3,0,-15.0,5.0,220.0,5,160,37.8191691,128.8342847,강원특별자치도 강릉시 사천면 노동리 1196,강원특별자치도 강릉시_분전함_20230820.csv,674
GN-CTL-2791814dec,gangneung,GN-CAB-2791814dec,KNC,YB,376,0,GMC-200,3,0,-20.0,5.0,220.0,5,30,37.8193701,128.8330178,강원특별자치도 강릉시 사천면 노동리 1192-1,강원특별자치도 강릉시_분전함_20230820.csv,675
GN-CTL-bb747d1683,gangneung,GN-CAB-bb747d1683,KNC,YB,377,,RCG-200,0,0,-20.0,5.0,,,,37.8747208,128.8257645,강원특별자치도 강릉시 주문진읍 교항리 1162,강원특별자치도 강릉시_분전함_20230820.csv,676
GN-CTL-f7c9a21e66,gangneung,GN-CAB-f7c9a21e66,KNC,YB,378,,RCG-200,0,0,-20.0,5.0,,,,37.8754141,128.8254795,강원특별자치도 강릉시 주문진읍 교항리 1180-2,강원특별자치도 강릉시_분전함_20230820.csv,677
GN-CTL-2d4a366989,gangneung,GN-CAB-2d4a366989,KNC,YB,388,,GRC-100,3,0,-20.0,-5.0,,,,37.684434,129.0066326,강원특별자치도 강릉시 강동면,강원특별자치도 강릉시_분전함_20230820.csv,678
GN-CTL-57e78ba9b4,gangneung,GN-CAB-57e78ba9b4,KNI,YB,389,0,GMC-200S,3,0,-15.0,10.0,220.0,5,160,37.7918981,128.8963679,강원특별자치도 강릉시 운정동 13-2,강원특별자치도 강릉시_분전함_20230820.csv,679
GN-CTL-02fc0fb346,gangneung,GN-CAB-02fc0fb346,KNC,YB,389,0,GMC-200S,3,0,-20.0,5.0,220.0,5,1,37.7919596,128.8965736,강원특별자치도 강릉시 운정동 13-1,강원특별자치도 강릉시_분전함_20230820.csv,680
GN-CTL-8d9a1d1771,gangneung,GN-CAB-8d9a1d1771,KNC,YB,390,0,GMC-200N,3,0,-20.0,5.0,220.0,0,70,37.7802238,128.8824089,강원특별자치도 강릉시 죽헌동 25-5,강원특별자치도 강릉시_분전함_20230820.csv,681
GN-CTL-25663d1788,gangneung,GN-CAB-25663d1788,KNI,YB,390,0,GMC-200N,3,0,-15.0,5.0,220.0,0,110,37.7801279,128.8824553,강원특별자치도 강릉시 경포동 25-11,강원특별자치도 강릉시_분전함_20230820.csv,682
GN-CTL-b5a24c0832,gangneung,GN-CAB-b5a24c0832,KNI,YB,391,,GMC-200S,3,0,,,,,,37.9116813,128.8142228,강원특별자치도 강릉시 주문진읍 향호리 1-3,강원특별자치도 강릉시_분전함_20230820.csv,683
GN-CTL-1b8c7f40e2,gangneung,GN-CAB-1b8c7f40e2,KNC,YB,391,,GMC-200S,3,0,-20.0,5.0,,,,37.9116813,128.8142228,강원특별자치도 강릉시 주문진읍 향호리 1-3,강원특별자치도 강릉시_분전함_20230820.csv,684
GN-CTL-6be3f6aaed,gangneung,GN-CAB-6be3f6aaed,KNI,YB,392,,GMC-200S,3,0,,,,,,37.9104964,128.8057488,강원특별자치도 강릉시 주문진읍 향호리 산58-7,강원특별자치도 강릉시_분전함_20230820.csv,685
GN-CTL-853dece5b0,gangneung,GN-CAB-853dece5b0,KNC,YB,392,,GMC-200S,3,0,-20.0,5.0,,,,37.9104725,128.8057343,강원특별자치도 강릉시 주문진읍 향호리 산59-29,강원특별자치도 강릉시_분전함_20230820.csv,686
GN-CTL-93cabdbdb1,gangneung,GN-CAB-93cabdbdb1,KNI,YB,393,,GPS타이머,3,0,,,,,,37.9071517,128.8099653,강원특별자치도 강릉시 주문진읍 향호리 산17,강원특별자치도 강릉시_분전함_20230820.csv,687
GN-CTL-2441bce290,gangneung,GN-CAB-2441bce290,KNC,YB,393,,GPS타이머,3,0,-20.0,5.0,,,,37.9071592,128.8099143,강원특별자치도 강릉시 주문진읍 향호리 72-1,강원특별자치도 강릉시_분전함_20230820.csv,688
GN-CTL-6c408008f1,gangneung,GN-CAB-6c408008f1,KNI,YB,394,,GMC-200S,3,0,,,,,,37.913898,128.8102896,강원특별자치도 강릉시 주문진읍 향호리 산58-1,강원특별자치도 강릉시_분전함_20230820.csv,689
GN-CTL-52ad76bfe6,gangneung,GN-CAB-52ad76bfe6,KNC,YB,394,,GMC-200S,3,0,-20.0,5.0,,,,37.913898,128.8102896,강원특별자치도 강릉시 주문진읍 향호리 산58-1,강원특별자치도 강릉시_분전함_20230820.csv,690
GN-CTL-5da2ff0499,gangneung,GN-CAB-5da2ff0499,KNC,YB,395,,타이머,3,0,-20.0,15.0,,,,37.8602488,128.8515337,강원특별자치도 강릉시 연곡면 동덕리 99-3,강원특별자치도 강릉시_분전함_20230820.csv,691
GN-CTL-33667fe54e,gangneung,GN-CAB-33667fe54e,KNC,YB,400,0,GMC-200N,3,0,-20.0,5.0,220.0,5,40,37.7817425,128.8891422,강원특별자치도 강릉시 교동 524-2,강원특별자치도 강릉시_분전함_20230820.csv,692
GN-CTL-179e8d6e7d,gangneung,GN-CAB-179e8d6e7d,KNI,YB,400,0,GMC-200N,3,0,-15.0,5.0,220.0,5,130,37.7816192,128.8890234,강원특별자치도 강릉시 교2동 524-3,강원특별자치도 강릉시_분전함_20230820.csv,693
GN-CTL-af75fc41cf,gangneung,GN-CAB-af75fc41cf,KNC,YB,401,0,GMC-200N,3,0,-20.0,5.0,220.0,0,50,37.7857379,128.8936481,강원특별자치도 강릉시 경포동 186-1,강원특별자치도 강릉시_분전함_20230820.csv,694
GN-CTL-06ee2ba69b,gangneung,GN-CAB-06ee2ba69b,KNI,YB,401,,GMC-200N,3,0,,,,,,37.7857379,128.8936481,강원특별자치도 강릉시 경포동 186-1,강원특별자치도 강릉시_분전함_20230820.csv,695
GN-CTL-b6c265e029,gangneung,GN-CAB-b6c265e029,KNI,YB,403,0,GMC-200N,3,0,-15.0,5.0,220.0,0,15,37.8737259,128.8316725,강원특별자치도 강릉시 연곡면 영진리 360-60,강원특별자치도 강릉시_분전함_20230820.csv,696
GN-CTL-0f522b9000,gangneung,GN-CAB-0f522b9000,KNC,YB,403,0,GMC-200N,3,0,-20.0,5.0,220.0,0,60,37.8737063,128.8316871,강원특별자치도 강릉시 연곡면 영진리 360-60,강원특별자치도 강릉시_분전함_20230820.csv,697
GN-CTL-92e0401e91,gangneung,GN-CAB-92e0401e91,KNC,YB,404,0,GMC-200N,3,0,-40.0,5.0,220.0,0,15,37.8804367,128.8265133,강원특별자치도 강릉시 주문진읍 교항리 62,강원특별자치도 강릉시_분전함_20230820.csv,698
GN-CTL-28119858a5,gangneung,GN-CAB-28119858a5,KNI,YB,404,0,GMC-200N,3,0,-15.0,5.0,220.0,0,10,37.8804389,128.8264963,강원특별자치도 강릉시 주문진읍,강원특별자치도 강릉시_분전함_20230820.csv,699
GN-CTL-092373ddd4,gangneung,GN-CAB-092373ddd4,KNC,YB,405,0,GMC-200N,3,0,-40.0,5.0,220.0,0,1,37.8794375,128.8267011,강원특별자치도 강릉시 주문진읍 교항리 48-6,강원특별자치도 강릉시_분전함_20230820.csv,700
GN-CTL-8c377f47b3,gangneung,GN-CAB-8c377f47b3,KNI,YB,405,0,GMC-200N,3,0,-15.0,5.0,220.0,0,10,37.8794374,128.8266897,강원특별자치도 강릉시 주문진읍,강원특별자치도 강릉시_분전함_20230820.csv,701
GN-CTL-fc623a927d,gangneung,GN-CAB-fc623a927d,KNC,YB,406,,타이머,3,0,-20.0,5.0,,,,37.8725328,128.8405959,강원특별자치도 강릉시 연곡면 영진리 367-26,강원특별자치도 강릉시_분전함_20230820.csv,702
GN-CTL-3082e97159,gangneung,GN-CAB-3082e97159,KNC,YB,407,0,GMC-200S,3,0,-20.0,5.0,220.0,0,1,37.7854407,128.8936218,강원특별자치도 강릉시 경포동 794-3,강원특별자치도 강릉시_분전함_20230820.csv,703
GN-CTL-ceb6613d3c,gangneung,GN-CAB-ceb6613d3c,KNI,YB,409,0,GMC-200N,3,0,-15.0,10.0,220.0,0,10,37.7742062,128.8754832,강원특별자치도 강릉시 경포동 311-2,강원특별자치도 강릉시_분전함_20230820.csv,704
GN-CTL-6619608fe8,gangneung,GN-CAB-6619608fe8,KNC,YB,409,0,GMC-200N,3,0,-20.0,5.0,220.0,0,5,37.7742367,128.8754669,강원특별자치도 강릉시 지변동 311-2,강원특별자치도 강릉시_분전함_20230820.csv,705
GN-CTL-b0dd1de143,gangneung,GN-CAB-b0dd1de143,KNC,YB,410,0,GMC-200N,3,0,-20.0,5.0,220.0,0,5,37.7745413,128.875319,강원특별자치도 강릉시 지변동 714-6,강원특별자치도 강릉시_분전함_20230820.csv,706
GN-CTL-a07f23d365,gangneung,GN-CAB-a07f23d365,KNI,YB,410,0,GMC-200N,3,0,-15.0,10.0,220.0,0,10,37.7746671,128.875307,강원특별자치도 강릉시 경포동 311-2,강원특별자치도 강릉시_분전함_20230820.csv,707
GN-CTL-b12445d07a,gangneung,GN-CAB-b12445d07a,KNC,YB,411,0,GMC-200N,3,0,-20.0,5.0,220.0,0,5,37.7805885,128.8763415,강원특별자치도 강릉시 죽헌동 188-7,강원특별자치도 강릉시_분전함_20230820.csv,708
GN-CTL-54f3282aa0,gangneung,GN-CAB-54f3282aa0,KNI,YB,411,0,GMC-200N,3,0,-15.0,5.0,220.0,0,10,37.7806507,128.8763994,강원특별자치도 강릉시 경포동 188-7,강원특별자치도 강릉시_분전함_20230820.csv,709
GN-CTL-dc5bdc8a14,gangneung,GN-CAB-dc5bdc8a14,KNI,YB,412,0,GMC-200N,3,0,-15.0,5.0,220.0,0,10,37.7805356,128.8761256,강원특별자치도 강릉시 경포동 188-7,강원특별자치도 강릉시_분전함_20230820.csv,710
GN-CTL-4f5750534f,gangneung,GN-CAB-4f5750534f,KNC,YB,412,0,GMC-200N,3,0,-20.0,5.0,220.0,0,5,37.7805308,128.8761738,강원특별자치도 강릉시 죽헌동 188-7,강원특별자치도 강릉시_분전함_20230820.csv,711
GN-CTL-c3c593f083,gangneung,GN-CAB-c3c593f083,KNI,YB,413,0,GMC-200N,3,0,-15.0,5.0,220.0,0,10,37.7754767,128.9052505,강원특별자치도 강릉시 포남2동 산169-7,강원특별자치도 강릉시_분전함_20230820.csv,712
GN-CTL-c1b15a479e,gangneung,GN-CAB-c1b15a479e,KNC,YB,413,0,GMC-200N,3,0,-20.0,5.0,220.0,0,5,37.77534,128.9054183,강원특별자치도 강릉시 포남동 산169-2,강원특별자치도 강릉시_분전함_20230820.csv,713
GN-CTL-99edd05629,gangneung,GN-CAB-99edd05629,KNC,YB,414,0,GMC-200N,3,0,-20.0,5.0,220.0,5,60,37.7754101,128.89721,강원특별자치도 강릉시 교동 398-6,강원특별자치도 강릉시_분전함_20230820.csv,714
GN-CTL-b878087c52,gangneung,GN-CAB-b878087c52,KNI,YB,414,0,GMC-200N,3,0,-15.0,5.0,220.0,5,60,37.7754121,128.8972128,강원특별자치도 강릉시 교2동 398-6,강원특별자치도 강릉시_분전함_20230820.csv,715
GN-CTL-a9ab3e9995,gangneung,GN-CAB-a9ab3e9995,KNC,YB,415,0,GMC-200N,3,0,-20.0,5.0,220.0,0,1,37.7936565,128.9071281,강원특별자치도 강릉시 초당동 550,강원특별자치도 강릉시_분전함_20230820.csv,716
GN-CTL-edea0b1a44,gangneung,GN-CAB-edea0b1a44,KNC,YB,417,,GMC-200S,3,0,-20.0,5.0,,,,37.7641375,128.9141758,강원특별자치도 강릉시 입암동 49,강원특별자치도 강릉시_분전함_20230820.csv,717
GN-CTL-b80afdb00f,gangneung,GN-CAB-b80afdb00f,KNC,YB,418,0,GMC-200N,3,0,-20.0,5.0,220.0,5,10,37.7468224,128.9121224,강원특별자치도 강릉시 청량동 580-3,강원특별자치도 강릉시_분전함_20230820.csv,718
GN-CTL-b17bd52deb,gangneung,GN-CAB-b17bd52deb,KNI,YB,418,0,GMC-200NK,3,0,-15.0,5.0,220.0,5,60,37.7469527,128.9119489,강원특별자치도 강릉시 성덕동 580-3,강원특별자치도 강릉시_분전함_20230820.csv,719
GN-CTL-d0e5652c16,gangneung,GN-CAB-d0e5652c16,KNI,YB,420,0,GMC-200NK,3,0,-15.0,5.0,220.0,5,60,37.7461663,128.9111109,강원특별자치도 강릉시 강남동 2-3,강원특별자치도 강릉시_분전함_20230820.csv,720
GN-CTL-886a3abb12,gangneung,GN-CAB-886a3abb12,KNC,YB,420,0,GMC-200N,3,0,-20.0,5.0,220.0,5,15,37.7461663,128.9111109,강원특별자치도 강릉시 강남동 2-3,강원특별자치도 강릉시_분전함_20230820.csv,721
GN-CTL-23c2a90585,gangneung,GN-CAB-23c2a90585,KNC,YB,421,0,GMC-200N,3,0,-20.0,5.0,220.0,0,60,37.7839226,128.8828779,강원특별자치도 강릉시 난곡동 479-5,강원특별자치도 강릉시_분전함_20230820.csv,722
GN-CTL-694dda942a,gangneung,GN-CAB-694dda942a,KNC,YB,423,0,GMC-200,3,0,-35.0,20.0,220.0,0,2,37.7948898,128.908605,강원특별자치도 강릉시 초당동 470-1,강원특별자치도 강릉시_분전함_20230820.csv,723
GN-CTL-2f4ef85132,gangneung,GN-CAB-2f4ef85132,KNC,YB,429,0,GMC-200N,3,0,-20.0,5.0,220.0,5,60,37.8830445,128.822567,강원특별자치도 강릉시 주문진읍 교항리 387-6,강원특별자치도 강릉시_분전함_20230820.csv,724
GN-CTL-468772d99e,gangneung,GN-CAB-468772d99e,KNI,YB,429,0,GMC-200NK,3,0,-15.0,5.0,220.0,5,60,37.8830794,128.8225697,강원특별자치도 강릉시 주문진읍 교항리 387-6,강원특별자치도 강릉시_분전함_20230820.csv,725
GN-CTL-e15f0feac4,gangneung,GN-CAB-e15f0feac4,KNC,YB,431,0,단방향,3,0,-20.0,5.0,220.0,0,20,37.7970821,128.9077173,강원특별자치도 강릉시 초당동 549,강원특별자치도 강릉시_분전함_20230820.csv,726
GN-CTL-43964b6577,gangneung,GN-CAB-43964b6577,KNC,YB,432,,NBTC-300,3,0,-20.0,5.0,,,,37.7919002,128.8648037,강원특별자치도 강릉시 경포동 7-10,강원특별자치도 강릉시_분전함_20230820.csv,727
GN-CTL-078faf960f,gangneung,GN-CAB-078faf960f,KNC,YB,435,,타이머,3,0,-20.0,5.0,,,,37.8892231,128.8282004,강원특별자치도 강릉시 주문진읍 교항리 167-7,강원특별자치도 강릉시_분전함_20230820.csv,728
GN-CTL-6b9ce9b97c,gangneung,GN-CAB-6b9ce9b97c,KNC,YB,436,,타이머,3,0,-20.0,5.0,,,,37.9067834,128.8253871,강원특별자치도 강릉시 주문진읍 주문리 800-3,강원특별자치도 강릉시_분전함_20230820.csv,729
GN-CTL-23da8f03d6,gangneung,GN-CAB-23da8f03d6,KNC,YB,437,,타이머,3,0,-20.0,5.0,,,,37.8835894,128.8253435,강원특별자치도 강릉시 주문진읍 교항리 110-2,강원특별자치도 강릉시_분전함_20230820.csv,730
GN-CTL-de554a12e9,gangneung,GN-CAB-de554a12e9,KNC,YB,438,,타이머,3,0,-20.0,5.0,,,,37.8862682,128.8292399,강원특별자치도 강릉시 주문진읍 교항리 1252,강원특별자치도 강릉시_분전함_20230820.csv,731
GN-CTL-86b7b602b8,gangneung,GN-CAB-86b7b602b8,KNC,YB,439,,타이머,0,0,-20.0,5.0,,,,37.8935272,128.8254261,강원특별자치도 강릉시 주문진읍 주문리 337-9,강원특별자치도 강릉시_분전함_20230820.csv,732
GN-CTL-9639b1eeaf,gangneung,GN-CAB-9639b1eeaf,KNC,YB,440,,타이머,3,0,-20.0,5.0,,,,37.8930811,128.827627,강원특별자치도 강릉시 주문진읍 317-9,강원특별자치도 강릉시_분전함_20230820.csv,733
GN-CTL-1b15f69220,gangneung,GN-CAB-1b15f69220,KNC,YB,441,,타이머,0,0,-20.0,5.0,,,,37.8981683,128.8300803,강원특별자치도 강릉시 주문진읍 주문리 551-44,강원특별자치도 강릉시_분전함_20230820.csv,734
GN-CTL-0c8b1c8e25,gangneung,GN-CAB-0c8b1c8e25,KNC,YB,446,0,GMC-200N,3,0,-20.0,5.0,220.0,0,60,37.7439609,128.9366163,강원특별자치도 강릉시 월호평동 356-2,강원특별자치도 강릉시_분전함_20230820.csv,735
GN-CTL-15fbf19989,gangneung,GN-CAB-15fbf19989,KNI,YB,446,,GMC-200N,3,0,,,,,,37.7439537,128.9366303,강원특별자치도 강릉시 월호평동 356-2,강원특별자치도 강릉시_분전함_20230820.csv,736
GN-CTL-bc4a5207b8,gangneung,GN-CAB-bc4a5207b8,KNC,YB,447,0,GMC-200N,3,0,-20.0,5.0,220.0,0,5,37.7732516,128.8747191,강원특별자치도 강릉시 지변동 123,강원특별자치도 강릉시_분전함_20230820.csv,737
GN-CTL-c1e2cf0b0c,gangneung,GN-CAB-c1e2cf0b0c,KNC,YB,449,0,GMC-200N,3,0,-20.0,5.0,220.0,0,110,37.7686706,128.9193029,강원특별자치도 강릉시 포남동 1281-1,강원특별자치도 강릉시_분전함_20230820.csv,738
GN-CTL-92ade2d81c,gangneung,GN-CAB-92ade2d81c,KNC,YB,450,0,GMC-200S,3,0,-20.0,5.0,220.0,0,105,37.8973947,128.832322,강원특별자치도 강릉시 주문진읍 주문리 276-2,강원특별자치도 강릉시_분전함_20230820.csv,739
GN-CTL-90c9ece920,gangneung,GN-CAB-90c9ece920,KNC,YB,451,0,GMC-200N,3,0,-20.0,5.0,220.0,0,60,37.7703593,128.8967838,강원특별자치도 강릉시 교동 340-7,강원특별자치도 강릉시_분전함_20230820.csv,740
GN-CTL-2a7d1901af,gangneung,GN-CAB-2a7d1901af,KNC,YB,453,0,GMC-200N,3,0,-20.0,5.0,220.0,0,10,37.8822345,128.8254122,강원특별자치도 강릉시 주문진읍 교항리 134-5,강원특별자치도 강릉시_분전함_20230820.csv,741
GN-CTL-cf8e7e4fb4,gangneung,GN-CAB-cf8e7e4fb4,KNC,YB,454,0,GMC-200N,3,0,-15.0,5.0,220.0,0,10,37.8861042,128.8293742,강원특별자치도 강릉시 주문진읍 교항리 167-49,강원특별자치도 강릉시_분전함_20230820.csv,742
GN-CTL-865b2af4ab,gangneung,GN-CAB-865b2af4ab,KNC,YB,455,0,GMC-200N,3,0,-20.0,5.0,220.0,0,10,37.7652477,128.9535648,강원특별자치도 강릉시 남항진동 1-1,강원특별자치도 강릉시_분전함_20230820.csv,743
GN-CTL-b137010008,gangneung,GN-CAB-b137010008,KNC,YB,457,,타이머,0,0,-20.0,5.0,,,,37.915162,128.8105126,강원특별자치도 강릉시 주문진읍 향호리 산58-12,강원특별자치도 강릉시_분전함_20230820.csv,744
GN-CTL-04ba2b15ba,gangneung,GN-CAB-04ba2b15ba,KNC,YB,459,0,GMC-200N,3,0,-20.0,5.0,220.0,0,60,37.7382241,128.8796163,강원특별자치도 강릉시 내곡동 303-9,강원특별자치도 강릉시_분전함_20230820.csv,745
GN-CTL-3902ef1192,gangneung,GN-CAB-3902ef1192,KNC,YB,464,,OI1223102,3,0,-20.0,5.0,,,,37.7402981,128.9264054,강원특별자치도 강릉시 청량동 168-2,강원특별자치도 강릉시_분전함_20230820.csv,746
GN-CTL-ee3c6be0e1,gangneung,GN-CAB-ee3c6be0e1,KNC,YB,465,,단방향,0,0,-20.0,5.0,,,,37.7574495,128.8881368,강원특별자치도 강릉시 교동 923-4,강원특별자치도 강릉시_분전함_20230820.csv,747
GN-CTL-b26d33ea28,gangneung,GN-CAB-b26d33ea28,KNC,YB,466,0,GMC-200S,3,0,-60.0,5.0,220.0,0,160,37.7978184,128.909732,강원특별자치도 강릉시 초당동 459-2,강원특별자치도 강릉시_분전함_20230820.csv,748
GN-CTL-36753cecd6,gangneung,GN-CAB-36753cecd6,KNC,YB,468,,빛나라,0,0,-20.0,5.0,,,,37.80339,128.9087411,강원특별자치도 강릉시 강문동 294,강원특별자치도 강릉시_분전함_20230820.csv,749
GN-CTL-ddedafbfc1,gangneung,GN-CAB-ddedafbfc1,KNC,YB,471,,GMC-200S,3,0,-20.0,5.0,,,,37.7204344,128.8824787,강원특별자치도 강릉시 구정면 여찬리 184-7,강원특별자치도 강릉시_분전함_20230820.csv,750
GN-CTL-8a7ddfa112,gangneung,GN-CAB-8a7ddfa112,KNC,YB,472,0,GMC-200N,3,0,-20.0,5.0,220.0,0,30,37.8190831,128.8349539,강원특별자치도 강릉시 사천면 노동리 1192,강원특별자치도 강릉시_분전함_20230820.csv,751
GN-CTL-ef929ce118,gangneung,GN-CAB-ef929ce118,KNC,YB,474,0,GMC-200N,3,0,-20.0,5.0,220.0,0,10,37.7289525,128.85182,강원특별자치도 강릉시 구정면 제비리 산251,강원특별자치도 강릉시_분전함_20230820.csv,752
GN-CTL-4c91ae3cf5,gangneung,GN-CAB-4c91ae3cf5,KNC,YB,475,0,GMC-200N,3,0,-20.0,5.0,220.0,0,4,37.7376282,128.8978626,강원특별자치도 강릉시 노암동 549-2,강원특별자치도 강릉시_분전함_20230820.csv,753
GN-CTL-de08b198ca,gangneung,GN-CAB-de08b198ca,KNC,YB,476,0,GMC-200N,3,0,-20.0,5.0,220.0,0,60,37.9003632,128.8280863,강원특별자치도 강릉시 주문진읍 주문리 1359,강원특별자치도 강릉시_분전함_20230820.csv,754
GN-CTL-d185eb75c9,gangneung,GN-CAB-d185eb75c9,KNC,YB,477,0,GMC-200N,3,0,-20.0,5.0,220.0,0,10,37.7649793,128.9014001,강원특별자치도 강릉시 교동 108-9,강원특별자치도 강릉시_분전함_20230820.csv,755
GN-CTL-76f8e210c1,gangneung,GN-CAB-76f8e210c1,KNC,YB,478,0,GMC-200N,3,0,-20.0,5.0,220.0,0,60,37.7399817,128.8659508,강원특별자치도 강릉시 회산동 139-6,강원특별자치도 강릉시_분전함_20230820.csv,756
GN-CTL-95b7bae2ec,gangneung,GN-CAB-95b7bae2ec,KNC,YB,479,0,GMC-200N,3,0,-20.0,5.0,220.0,0,110,37.7379345,128.8629124,강원특별자치도 강릉시 회산동 439-9,강원특별자치도 강릉시_분전함_20230820.csv,757
GN-CTL-9bd49da6f4,gangneung,GN-CAB-9bd49da6f4,KNC,YB,481,0,GMC-200N,3,0,-20.0,5.0,220.0,0,60,37.60703125,129.0698786,강원특별자치도 강릉시 옥계면 도직리 산73-2,강원특별자치도 강릉시_분전함_20230820.csv,758
GN-CTL-0eef6ae905,gangneung,GN-CAB-0eef6ae905,KNC,YB,482,0,GMC-200S,3,0,-20.0,5.0,220.0,0,50,37.7863975,128.8940094,강원특별자치도 강릉시 운정동 178-2,강원특별자치도 강릉시_분전함_20230820.csv,759
GN-CTL-8555d4d628,gangneung,GN-CAB-8555d4d628,KNC,YB,485,0,GMC-200N,3,0,-20.0,5.0,220.0,0,60,37.769716,128.8891723,강원특별자치도 강릉시 교동 700,강원특별자치도 강릉시_분전함_20230820.csv,760
GN-CTL-4c1cd45673,gangneung,GN-CAB-4c1cd45673,KNC,YB,486,0,GMC-200N,3,0,-20.0,5.0,220.0,0,10,37.74902379,128.9002516,강원특별자치도 강릉시 노암동 311-30,강원특별자치도 강릉시_분전함_20230820.csv,761
GN-CTL-f33bfed8b5,gangneung,GN-CAB-f33bfed8b5,KNC,YB,487,0,GMC-200N,4,0,-15.0,5.0,220.0,0,20,37.7628379,128.9009949,강원특별자치도 강릉시 옥천동 351,강원특별자치도 강릉시_분전함_20230820.csv,762
GN-CTL-2e86f9554a,gangneung,GN-CAB-2e86f9554a,KNC,YB,488,,전자식타이머,3,0,-20.0,,,,,37.75085853,128.9030689,강원특별자치도 강릉시 노암동 272-2,강원특별자치도 강릉시_분전함_20230820.csv,763
GN-CTL-493f07c96b,gangneung,GN-CAB-493f07c96b,KNC,YB,489,,GMC-200N,3,0,-20.0,,,,,37.74855942,128.9060735,강원특별자치도 강릉시 노암동 195-3,강원특별자치도 강릉시_분전함_20230820.csv,764
GN-CTL-8b94a2c87d,gangneung,GN-CAB-8b94a2c87d,KNC,YB,490,,GMC-200S,3,0,-20.0,,,,,37.74779428,128.9087626,강원특별자치도 강릉시 노암동 212-2,강원특별자치도 강릉시_분전함_20230820.csv,765
GN-CTL-9a56c4b6b9,gangneung,GN-CAB-9a56c4b6b9,KNC,YB,491,,GMC-200N,3,0,-20.0,,,,,37.749923,128.9041847,강원특별자치도 강릉시 노암동 240-2,강원특별자치도 강릉시_분전함_20230820.csv,766
GN-CTL-d89e135957,gangneung,GN-CAB-d89e135957,KNC,YB,492,0,GMC-200N,4,0,-15.0,5.0,220.0,0,110,37.7741983,128.9319262,강원특별자치도 강릉시 송정동 1060-1,강원특별자치도 강릉시_분전함_20230820.csv,767
GN-CTL-243b522d00,gangneung,GN-CAB-243b522d00,KNC,YB,493,0,GMC-200N,4,0,-180.0,300.0,220.0,0,60,37.8046134,128.9064692,강원특별자치도 강릉시 안현동 산2-11,강원특별자치도 강릉시_분전함_20230820.csv,768
GN-CTL-65fdbdb425,gangneung,GN-CAB-65fdbdb425,KNC,YB,494,0,GMC-200N,4,0,-15.0,5.0,220.0,0,60,37.7670855,128.9068749,강원특별자치도 강릉시 포남동 1159,강원특별자치도 강릉시_분전함_20230820.csv,769
GN-CTL-4a7735e2fd,gangneung,GN-CAB-4a7735e2fd,KNC,YB,495,0,GMC-200N,4,0,-60.0,300.0,220.0,0,60,37.8043989,128.9093157,강원특별자치도 강릉시 강문동 산1,강원특별자치도 강릉시_분전함_20230820.csv,770
GN-CTL-9553fd3a63,gangneung,GN-CAB-9553fd3a63,KNC,YB,496,0,GMC-200N,4,0,-15.0,5.0,220.0,0,110,37.7578112,128.9029509,강원특별자치도 강릉시 옥천동 116-3,강원특별자치도 강릉시_분전함_20230820.csv,771
GN-CTL-ebc0567c25,gangneung,GN-CAB-ebc0567c25,KNC,YB,497,0,GB2410,4,0,-20.0,5.0,220.0,0,110,37.7490251,128.9175446,강원특별자치도 강릉시 입암동 378-8,강원특별자치도 강릉시_분전함_20230820.csv,772
GN-CTL-8964b821f3,gangneung,GN-CAB-8964b821f3,KNC,YB,498,0,GMC-200N,4,0,-20.0,5.0,220.0,0,1,37.6103435,129.0331436,강원특별자치도 강릉시 옥계면 현내리 976-1,강원특별자치도 강릉시_분전함_20230820.csv,773
GN-CTL-06ce4ca9d0,gangneung,GN-CAB-06ce4ca9d0,KNC,YB,499,0,GMC-200N,4,0,-20.0,5.0,220.0,0,110,37.6091286,129.0351668,강원특별자치도 강릉시 옥계면 현내리 364-12,강원특별자치도 강릉시_분전함_20230820.csv,774
GN-CTL-673d8dbd21,gangneung,GN-CAB-673d8dbd21,KNC,YB,500,0,GMC-200N,4,0,-15.0,5.0,220.0,0,5,37.8474926,128.8659192,강원특별자치도 강릉시 사천면 사천진리 285-20,강원특별자치도 강릉시_분전함_20230820.csv,775
GN-CTL-8b60e66954,gangneung,GN-CAB-8b60e66954,KNC,YB,501,0,GMC-200N,4,0,-15.0,5.0,220.0,0,30,37.8769817,128.8255003,강원특별자치도 강릉시 주문진읍 교항리 24,강원특별자치도 강릉시_분전함_20230820.csv,776
GN-CTL-e36683b05e,gangneung,GN-CAB-e36683b05e,KNC,YB,502,0,GMC-200N,4,0,-15.0,5.0,220.0,0,5,37.84483,128.8621281,강원특별자치도 강릉시 사천면 판교리 210,강원특별자치도 강릉시_분전함_20230820.csv,777
GN-CTL-171d934356,gangneung,GN-CAB-171d934356,KNC,YB,503,0,GMC-200N,4,0,-15.0,5.0,220.0,0,5,37.7460837,128.8781279,강원특별자치도 강릉시 홍제동 412-4,강원특별자치도 강릉시_분전함_20230820.csv,778
GN-CTL-601b631481,gangneung,GN-CAB-601b631481,KNC,YB,504,0,GMC-200N,4,0,-15.0,5.0,220.0,0,60,37.7460988,128.8781852,강원특별자치도 강릉시 홍제동 412-4,강원특별자치도 강릉시_분전함_20230820.csv,779
GN-CTL-c52debf7e2,gangneung,GN-CAB-c52debf7e2,KNC,YB,505,0,GMC-200N,4,0,-15.0,5.0,220.0,0,20,37.8444727,128.8540335,강원특별자치도 강릉시 사천면 판교리 845-3,강원특별자치도 강릉시_분전함_20230820.csv,780
GN-CTL-241f2c81b3,gangneung,GN-CAB-241f2c81b3,KNC,YB,506,0,GMC-200N,4,0,-15.0,5.0,220.0,0,10,37.8403619,128.8438726,강원특별자치도 강릉시 사천면 판교리 668-4,강원특별자치도 강릉시_분전함_20230820.csv,781
GN-CTL-759374e9c9,gangneung,GN-CAB-759374e9c9,KNC,YB,507,0,GMC-200N,4,0,-15.0,5.0,220.0,0,30,37.6168558,129.0304791,강원특별자치도 강릉시 옥계면 현내리 1294,강원특별자치도 강릉시_분전함_20230820.csv,782
GN-CTL-e1fa12ea74,gangneung,GN-CAB-e1fa12ea74,KNC,YB,508,0,GMC-200N,4,0,-15.0,5.0,220.0,0,1,37.6182797,129.0335002,강원특별자치도 강릉시 옥계면 현내리 1297,강원특별자치도 강릉시_분전함_20230820.csv,783
GN-CTL-99d3bdbfd4,gangneung,GN-CAB-99d3bdbfd4,KNC,YB,509,0,GMC-200N,4,0,-15.0,5.0,220.0,0,1,37.617112,129.0308575,강원특별자치도 강릉시 옥계면 현내리 1297,강원특별자치도 강릉시_분전함_20230820.csv,784
GN-CTL-36e43ac598,gangneung,GN-CAB-36e43ac598,KNC,YB,511,0,GMC-200N,4,0,-15.0,5.0,220.0,0,60,37.6115939,129.0343324,강원특별자치도 강릉시 옥계면 현내리 1297-8,강원특별자치도 강릉시_분전함_20230820.csv,785
GN-CTL-86cd71edf1,gangneung,GN-CAB-86cd71edf1,KNC,YB,512,0,GMC-200N,4,0,-15.0,5.0,220.0,0,1,37.6108452,129.0336033,강원특별자치도 강릉시 옥계면 현내리 983-13,강원특별자치도 강릉시_분전함_20230820.csv,786
GN-CTL-8f61cfe22e,gangneung,GN-CAB-8f61cfe22e,KNC,YB,513,0,GMC-200N,4,0,-15.0,5.0,220.0,0,10,37.6156355,129.0387454,강원특별자치도 강릉시 옥계면 현내리 1308-2,강원특별자치도 강릉시_분전함_20230820.csv,787
