base_case_id,state,region_id,season,label,scenario_type,score,decision,abstained,score_delta_vs_observed,decision_changed,evidence_completeness,imputation
V08-CON-SUY-WIN-01,as_observed,suyeong,winter,normal,normal_full_operation,0.30066667,normal,false,0.00000000,false,0.66666667,none
V08-CON-SUY-WIN-01,load_unavailable,suyeong,winter,normal,normal_full_operation,0.31120000,normal,false,0.01053333,false,0.33333333,none
V08-CON-SUY-WIN-01,weather_unavailable,suyeong,winter,normal,normal_full_operation,0.30066667,normal,false,0.00000000,false,0.33333333,none
V08-CON-SUY-WIN-01,phase_unavailable,suyeong,winter,normal,normal_full_operation,0.30066667,normal,false,0.00000000,false,0.66666667,none
V08-CON-SUY-WIN-02,as_observed,suyeong,winter,normal,normal_full_operation,0.33733333,normal,false,0.00000000,false,0.66666667,none
V08-CON-SUY-WIN-02,load_unavailable,suyeong,winter,normal,normal_full_operation,0.36800000,normal,false,0.03066667,false,0.33333333,none
V08-CON-SUY-WIN-02,weather_unavailable,suyeong,winter,normal,normal_full_operation,0.33733333,normal,false,0.00000000,false,0.33333333,none
V08-CON-SUY-WIN-02,phase_unavailable,suyeong,winter,normal,normal_full_operation,0.33733333,normal,false,0.00000000,false,0.66666667,none
V08-CON-SUY-WIN-03,as_observed,suyeong,winter,normal,normal_full_operation,0.36960000,normal,false,0.00000000,false,0.66666667,none
V08-CON-SUY-WIN-03,load_unavailable,suyeong,winter,normal,normal_full_operation,0.38640000,normal,false,0.01680000,false,0.33333333,none
V08-CON-SUY-WIN-03,weather_unavailable,suyeong,winter,normal,normal_full_operation,0.36960000,normal,false,0.00000000,false,0.33333333,none
V08-CON-SUY-WIN-03,phase_unavailable,suyeong,winter,normal,normal_full_operation,0.36960000,normal,false,0.00000000,false,0.66666667,none
V08-CON-SUY-WIN-04,as_observed,suyeong,winter,normal,twilight_boundary_operation,0.07683333,normal,false,0.00000000,false,0.66666667,none
V08-CON-SUY-WIN-04,load_unavailable,suyeong,winter,normal,twilight_boundary_operation,0.08520000,normal,false,0.00836667,false,0.33333333,none
V08-CON-SUY-WIN-04,weather_unavailable,suyeong,winter,normal,twilight_boundary_operation,0.07683333,normal,false,0.00000000,false,0.33333333,none
V08-CON-SUY-WIN-04,phase_unavailable,suyeong,winter,normal,twilight_boundary_operation,0.07683333,normal,false,0.00000000,false,0.66666667,none
V08-CON-SUY-WIN-05,as_observed,suyeong,winter,normal,twilight_boundary_operation,0.20846667,normal,false,0.00000000,false,0.66666667,none
V08-CON-SUY-WIN-05,load_unavailable,suyeong,winter,normal,twilight_boundary_operation,0.24560000,normal,false,0.03713333,false,0.33333333,none
V08-CON-SUY-WIN-05,weather_unavailable,suyeong,winter,normal,twilight_boundary_operation,0.20846667,normal,false,0.00000000,false,0.33333333,none
V08-CON-SUY-WIN-05,phase_unavailable,suyeong,winter,normal,twilight_boundary_operation,0.20846667,normal,false,0.00000000,false,0.66666667,none
V08-CON-SUY-WIN-06,as_observed,suyeong,winter,normal,twilight_boundary_operation,0.48273333,normal,false,0.00000000,false,0.66666667,none
V08-CON-SUY-WIN-06,load_unavailable,suyeong,winter,normal,twilight_boundary_operation,0.52800000,abstain,true,0.04526667,true,0.33333333,none
V08-CON-SUY-WIN-06,weather_unavailable,suyeong,winter,normal,twilight_boundary_operation,0.48273333,normal,false,0.00000000,false,0.33333333,none
V08-CON-SUY-WIN-06,phase_unavailable,suyeong,winter,normal,twilight_boundary_operation,0.48273333,normal,false,0.00000000,false,0.66666667,none
V08-CON-SUY-WIN-07,as_observed,suyeong,winter,normal,short_transient_spike,0.03063333,normal,false,0.00000000,false,0.66666667,none
V08-CON-SUY-WIN-07,load_unavailable,suyeong,winter,normal,short_transient_spike,0.03480000,normal,false,0.00416667,false,0.33333333,none
V08-CON-SUY-WIN-07,weather_unavailable,suyeong,winter,normal,short_transient_spike,0.03063333,normal,false,0.00000000,false,0.33333333,none
V08-CON-SUY-WIN-07,phase_unavailable,suyeong,winter,normal,short_transient_spike,0.03063333,normal,false,0.00000000,false,0.66666667,none
V08-CON-SUY-WIN-08,as_observed,suyeong,winter,normal,short_transient_spike,0.00000000,normal,false,0.00000000,false,0.66666667,none
V08-CON-SUY-WIN-08,load_unavailable,suyeong,winter,normal,short_transient_spike,0.00000000,normal,false,0.00000000,false,0.33333333,none
V08-CON-SUY-WIN-08,weather_unavailable,suyeong,winter,normal,short_transient_spike,0.00000000,normal,false,0.00000000,false,0.33333333,none
V08-CON-SUY-WIN-08,phase_unavailable,suyeong,winter,normal,short_transient_spike,0.00000000,normal,false,0.00000000,false,0.66666667,none
V08-CON-SUY-WIN-09,as_observed,suyeong,winter,normal,short_transient_spike,0.03063333,normal,false,0.00000000,false,0.66666667,none
V08-CON-SUY-WIN-09,load_unavailable,suyeong,winter,normal,short_transient_spike,0.03480000,normal,false,0.00416667,false,0.33333333,none
V08-CON-SUY-WIN-09,weather_unavailable,suyeong,winter,normal,short_transient_spike,0.03063333,normal,false,0.00000000,false,0.33333333,none
V08-CON-SUY-WIN-09,phase_unavailable,suyeong,winter,normal,short_transient_spike,0.03063333,normal,false,0.00000000,false,0.66666667,none
V08-CON-SUY-WIN-10,as_observed,suyeong,winter,normal,allowed_partial_operation,0.24073333,normal,false,0.00000000,false,0.66666667,none
V08-CON-SUY-WIN-10,load_unavailable,suyeong,winter,normal,allowed_partial_operation,0.26400000,normal,false,0.02326667,false,0.33333333,none
V08-CON-SUY-WIN-10,weather_unavailable,suyeong,winter,normal,allowed_partial_operation,0.24073333,normal,false,0.00000000,false,0.33333333,none
V08-CON-SUY-WIN-10,phase_unavailable,suyeong,winter,normal,allowed_partial_operation,0.24073333,normal,false,0.00000000,false,0.66666667,none
V08-CON-SUY-WIN-11,as_observed,suyeong,winter,normal,allowed_partial_operation,0.01486667,normal,false,0.00000000,false,0.66666667,none
V08-CON-SUY-WIN-11,load_unavailable,suyeong,winter,normal,allowed_partial_operation,0.03440000,normal,false,0.01953333,false,0.33333333,none
V08-CON-SUY-WIN-11,weather_unavailable,suyeong,winter,normal,allowed_partial_operation,0.01486667,normal,false,0.00000000,false,0.33333333,none
V08-CON-SUY-WIN-11,phase_unavailable,suyeong,winter,normal,allowed_partial_operation,0.01486667,normal,false,0.00000000,false,0.66666667,none
V08-CON-SUY-WIN-12,as_observed,suyeong,winter,normal,allowed_partial_operation,0.06913333,normal,false,0.00000000,false,0.66666667,none
V08-CON-SUY-WIN-12,load_unavailable,suyeong,winter,normal,allowed_partial_operation,0.06913333,normal,false,0.00000000,false,0.66666667,none
V08-CON-SUY-WIN-12,weather_unavailable,suyeong,winter,normal,allowed_partial_operation,0.06913333,normal,false,0.00000000,false,0.33333333,none
V08-CON-SUY-WIN-12,phase_unavailable,suyeong,winter,normal,allowed_partial_operation,0.07200000,normal,false,0.00286667,false,0.33333333,none
V08-CON-SUY-WIN-13,as_observed,suyeong,winter,normal,temporary_load_fluctuation,0.01523333,normal,false,0.00000000,false,0.66666667,none
V08-CON-SUY-WIN-13,load_unavailable,suyeong,winter,normal,temporary_load_fluctuation,0.01523333,normal,false,0.00000000,false,0.66666667,none
V08-CON-SUY-WIN-13,weather_unavailable,suyeong,winter,normal,temporary_load_fluctuation,0.01523333,normal,false,0.00000000,false,0.33333333,none
V08-CON-SUY-WIN-13,phase_unavailable,suyeong,winter,normal,temporary_load_fluctuation,0.03480000,normal,false,0.01956667,false,0.33333333,none
V08-CON-SUY-WIN-14,as_observed,suyeong,winter,normal,temporary_load_fluctuation,0.02476667,normal,false,0.00000000,false,0.66666667,none
V08-CON-SUY-WIN-14,load_unavailable,suyeong,winter,normal,temporary_load_fluctuation,0.02476667,normal,false,0.00000000,false,0.66666667,none
V08-CON-SUY-WIN-14,weather_unavailable,suyeong,winter,normal,temporary_load_fluctuation,0.02476667,normal,false,0.00000000,false,0.33333333,none
V08-CON-SUY-WIN-14,phase_unavailable,suyeong,winter,normal,temporary_load_fluctuation,0.03440000,normal,false,0.00963333,false,0.33333333,none
V08-CON-SUY-WIN-15,as_observed,suyeong,winter,normal,feature_missing_normal,0.15986667,normal,false,0.00000000,false,0.33333333,none
V08-CON-SUY-WIN-15,load_unavailable,suyeong,winter,normal,feature_missing_normal,0.15760000,normal,false,-0.00226667,false,0.00000000,none
V08-CON-SUY-WIN-15,weather_unavailable,suyeong,winter,normal,feature_missing_normal,0.15986667,normal,false,0.00000000,false,0.33333333,none
V08-CON-SUY-WIN-15,phase_unavailable,suyeong,winter,normal,feature_missing_normal,0.15986667,normal,false,0.00000000,false,0.33333333,none
V08-CON-SUY-WIN-16,as_observed,suyeong,winter,normal,feature_missing_normal,0.20433333,normal,false,0.00000000,false,0.66666667,none
V08-CON-SUY-WIN-16,load_unavailable,suyeong,winter,normal,feature_missing_normal,0.22476667,normal,false,0.02043333,false,0.33333333,none
V08-CON-SUY-WIN-16,weather_unavailable,suyeong,winter,normal,feature_missing_normal,0.20433333,normal,false,0.00000000,false,0.66666667,none
V08-CON-SUY-WIN-16,phase_unavailable,suyeong,winter,normal,feature_missing_normal,0.21486667,normal,false,0.01053333,false,0.33333333,none
V08-CON-SUY-WIN-17,as_observed,suyeong,winter,normal,high_cloud_or_rainfall_hard_negative,0.65836667,anomaly,false,0.00000000,false,0.66666667,none
V08-CON-SUY-WIN-17,load_unavailable,suyeong,winter,normal,high_cloud_or_rainfall_hard_negative,0.65836667,anomaly,false,0.00000000,false,0.66666667,none
V08-CON-SUY-WIN-17,weather_unavailable,suyeong,winter,normal,high_cloud_or_rainfall_hard_negative,0.65836667,anomaly,false,0.00000000,false,0.33333333,none
V08-CON-SUY-WIN-17,phase_unavailable,suyeong,winter,normal,high_cloud_or_rainfall_hard_negative,0.72560000,anomaly,false,0.06723333,false,0.33333333,none
V08-CON-SUY-WIN-18,as_observed,suyeong,winter,normal,high_cloud_or_rainfall_hard_negative,1.00000000,anomaly,false,0.00000000,false,0.66666667,none
V08-CON-SUY-WIN-18,load_unavailable,suyeong,winter,normal,high_cloud_or_rainfall_hard_negative,1.00000000,anomaly,false,0.00000000,false,0.66666667,none
V08-CON-SUY-WIN-18,weather_unavailable,suyeong,winter,normal,high_cloud_or_rainfall_hard_negative,1.00000000,anomaly,false,0.00000000,false,0.33333333,none
V08-CON-SUY-WIN-18,phase_unavailable,suyeong,winter,normal,high_cloud_or_rainfall_hard_negative,1.00000000,anomaly,false,0.00000000,false,0.33333333,none
V08-CON-SUY-WIN-19,as_observed,suyeong,winter,abnormal,post_sunrise_persistent_activation,0.46933333,normal,false,0.00000000,false,0.66666667,none
V08-CON-SUY-WIN-19,load_unavailable,suyeong,winter,abnormal,post_sunrise_persistent_activation,0.46933333,normal,false,0.00000000,false,0.66666667,none
V08-CON-SUY-WIN-19,weather_unavailable,suyeong,winter,abnormal,post_sunrise_persistent_activation,0.46933333,normal,false,0.00000000,false,0.33333333,none
V08-CON-SUY-WIN-19,phase_unavailable,suyeong,winter,abnormal,post_sunrise_persistent_activation,0.44000000,normal,false,-0.02933333,false,0.33333333,none
V08-CON-SUY-WIN-20,as_observed,suyeong,winter,abnormal,post_sunrise_persistent_activation,1.00000000,anomaly,false,0.00000000,false,0.66666667,none
V08-CON-SUY-WIN-20,load_unavailable,suyeong,winter,abnormal,post_sunrise_persistent_activation,1.00000000,anomaly,false,0.00000000,false,0.66666667,none
V08-CON-SUY-WIN-20,weather_unavailable,suyeong,winter,abnormal,post_sunrise_persistent_activation,1.00000000,anomaly,false,0.00000000,false,0.33333333,none
V08-CON-SUY-WIN-20,phase_unavailable,suyeong,winter,abnormal,post_sunrise_persistent_activation,0.99120000,anomaly,false,-0.00880000,false,0.33333333,none
V08-CON-SUY-WIN-21,as_observed,suyeong,winter,abnormal,post_sunrise_persistent_activation,1.00000000,anomaly,false,0.00000000,false,0.66666667,none
V08-CON-SUY-WIN-21,load_unavailable,suyeong,winter,abnormal,post_sunrise_persistent_activation,1.00000000,anomaly,false,0.00000000,false,0.66666667,none
V08-CON-SUY-WIN-21,weather_unavailable,suyeong,winter,abnormal,post_sunrise_persistent_activation,1.00000000,anomaly,false,0.00000000,false,0.33333333,none
V08-CON-SUY-WIN-21,phase_unavailable,suyeong,winter,abnormal,post_sunrise_persistent_activation,1.00000000,anomaly,false,0.00000000,false,0.33333333,none
V08-CON-SUY-WIN-22,as_observed,suyeong,winter,abnormal,deep_day_partial_activation,0.46933333,normal,false,0.00000000,false,0.66666667,none
V08-CON-SUY-WIN-22,load_unavailable,suyeong,winter,abnormal,deep_day_partial_activation,0.46933333,normal,false,0.00000000,false,0.66666667,none
V08-CON-SUY-WIN-22,weather_unavailable,suyeong,winter,abnormal,deep_day_partial_activation,0.46933333,normal,false,0.00000000,false,0.33333333,none
V08-CON-SUY-WIN-22,phase_unavailable,suyeong,winter,abnormal,deep_day_partial_activation,0.44000000,normal,false,-0.02933333,false,0.33333333,none
V08-CON-SUY-WIN-23,as_observed,suyeong,winter,abnormal,deep_day_partial_activation,0.77033333,anomaly,false,0.00000000,false,1.00000000,none
V08-CON-SUY-WIN-23,load_unavailable,suyeong,winter,abnormal,deep_day_partial_activation,0.66256667,anomaly,false,-0.10776667,false,0.66666667,none
V08-CON-SUY-WIN-23,weather_unavailable,suyeong,winter,abnormal,deep_day_partial_activation,0.77033333,anomaly,false,0.00000000,false,0.66666667,none
V08-CON-SUY-WIN-23,phase_unavailable,suyeong,winter,abnormal,deep_day_partial_activation,0.69886667,anomaly,false,-0.07146667,false,0.66666667,none
V08-CON-SUY-WIN-24,as_observed,suyeong,winter,abnormal,deep_day_partial_activation,1.00000000,anomaly,false,0.00000000,false,1.00000000,none
V08-CON-SUY-WIN-24,load_unavailable,suyeong,winter,abnormal,deep_day_partial_activation,1.00000000,anomaly,false,0.00000000,false,0.66666667,none
V08-CON-SUY-WIN-24,weather_unavailable,suyeong,winter,abnormal,deep_day_partial_activation,1.00000000,anomaly,false,0.00000000,false,0.66666667,none
V08-CON-SUY-WIN-24,phase_unavailable,suyeong,winter,abnormal,deep_day_partial_activation,1.00000000,anomaly,false,0.00000000,false,0.66666667,none
V08-CON-SUY-WIN-25,as_observed,suyeong,winter,abnormal,deep_day_full_activation,0.33966667,normal,false,0.00000000,false,1.00000000,none
V08-CON-SUY-WIN-25,load_unavailable,suyeong,winter,abnormal,deep_day_full_activation,0.26583333,normal,false,-0.07383333,false,0.66666667,none
V08-CON-SUY-WIN-25,weather_unavailable,suyeong,winter,abnormal,deep_day_full_activation,0.33966667,normal,false,0.00000000,false,0.66666667,none
V08-CON-SUY-WIN-25,phase_unavailable,suyeong,winter,abnormal,deep_day_full_activation,0.30763333,normal,false,-0.03203333,false,0.66666667,none
V08-CON-SUY-WIN-26,as_observed,suyeong,winter,abnormal,deep_day_full_activation,0.77033333,anomaly,false,0.00000000,false,1.00000000,none
V08-CON-SUY-WIN-26,load_unavailable,suyeong,winter,abnormal,deep_day_full_activation,0.66256667,anomaly,false,-0.10776667,false,0.66666667,none
V08-CON-SUY-WIN-26,weather_unavailable,suyeong,winter,abnormal,deep_day_full_activation,0.77033333,anomaly,false,0.00000000,false,0.66666667,none
V08-CON-SUY-WIN-26,phase_unavailable,suyeong,winter,abnormal,deep_day_full_activation,0.69886667,anomaly,false,-0.07146667,false,0.66666667,none
V08-CON-SUY-WIN-27,as_observed,suyeong,winter,abnormal,phase_selective_activation,1.00000000,anomaly,false,0.00000000,false,1.00000000,none
V08-CON-SUY-WIN-27,load_unavailable,suyeong,winter,abnormal,phase_selective_activation,1.00000000,anomaly,false,0.00000000,false,0.66666667,none
V08-CON-SUY-WIN-27,weather_unavailable,suyeong,winter,abnormal,phase_selective_activation,1.00000000,anomaly,false,0.00000000,false,0.66666667,none
V08-CON-SUY-WIN-27,phase_unavailable,suyeong,winter,abnormal,phase_selective_activation,1.00000000,anomaly,false,0.00000000,false,0.66666667,none
V08-CON-SUY-WIN-28,as_observed,suyeong,winter,abnormal,phase_selective_activation,0.52466667,normal,false,0.00000000,false,1.00000000,none
V08-CON-SUY-WIN-28,load_unavailable,suyeong,winter,abnormal,phase_selective_activation,0.46933333,normal,false,-0.05533333,false,0.66666667,none
V08-CON-SUY-WIN-28,weather_unavailable,suyeong,winter,abnormal,phase_selective_activation,0.52466667,normal,false,0.00000000,false,0.66666667,none
V08-CON-SUY-WIN-28,phase_unavailable,suyeong,winter,abnormal,phase_selective_activation,0.51113333,abstain,true,-0.01353333,true,0.66666667,none
V08-CON-SUY-WIN-29,as_observed,suyeong,winter,abnormal,weak_long_duration_activation,0.94966667,anomaly,false,0.00000000,false,1.00000000,none
V08-CON-SUY-WIN-29,load_unavailable,suyeong,winter,abnormal,weak_long_duration_activation,0.85983333,anomaly,false,-0.08983333,false,0.66666667,none
V08-CON-SUY-WIN-29,weather_unavailable,suyeong,winter,abnormal,weak_long_duration_activation,0.94966667,anomaly,false,0.00000000,false,0.66666667,none
V08-CON-SUY-WIN-29,phase_unavailable,suyeong,winter,abnormal,weak_long_duration_activation,0.89613333,anomaly,false,-0.05353333,false,0.66666667,none
V08-CON-SUY-WIN-30,as_observed,suyeong,winter,abnormal,weak_long_duration_activation,1.00000000,anomaly,false,0.00000000,false,1.00000000,none
V08-CON-SUY-WIN-30,load_unavailable,suyeong,winter,abnormal,weak_long_duration_activation,1.00000000,anomaly,false,0.00000000,false,0.66666667,none
V08-CON-SUY-WIN-30,weather_unavailable,suyeong,winter,abnormal,weak_long_duration_activation,1.00000000,anomaly,false,0.00000000,false,0.66666667,none
V08-CON-SUY-WIN-30,phase_unavailable,suyeong,winter,abnormal,weak_long_duration_activation,1.00000000,anomaly,false,0.00000000,false,0.66666667,none
V08-CON-SUY-WIN-31,as_observed,suyeong,winter,abnormal,moderate_load_mismatch,0.40133333,normal,false,0.00000000,false,1.00000000,none
V08-CON-SUY-WIN-31,load_unavailable,suyeong,winter,abnormal,moderate_load_mismatch,0.33366667,normal,false,-0.06766667,false,0.66666667,none
V08-CON-SUY-WIN-31,weather_unavailable,suyeong,winter,abnormal,moderate_load_mismatch,0.40133333,normal,false,0.00000000,false,0.66666667,none
V08-CON-SUY-WIN-31,phase_unavailable,suyeong,winter,abnormal,moderate_load_mismatch,0.37546667,normal,false,-0.02586667,false,0.66666667,none
V08-CON-SUY-WIN-32,as_observed,suyeong,winter,abnormal,moderate_load_mismatch,0.94966667,anomaly,false,0.00000000,false,1.00000000,none
V08-CON-SUY-WIN-32,load_unavailable,suyeong,winter,abnormal,moderate_load_mismatch,0.85983333,anomaly,false,-0.08983333,false,0.66666667,none
V08-CON-SUY-WIN-32,weather_unavailable,suyeong,winter,abnormal,moderate_load_mismatch,0.94966667,anomaly,false,0.00000000,false,0.66666667,none
V08-CON-SUY-WIN-32,phase_unavailable,suyeong,winter,abnormal,moderate_load_mismatch,0.89613333,anomaly,false,-0.05353333,false,0.66666667,none
V08-CON-SUY-WIN-33,as_observed,suyeong,winter,abnormal,partial_activation_long_persistence,1.00000000,anomaly,false,0.00000000,false,1.00000000,none
V08-CON-SUY-WIN-33,load_unavailable,suyeong,winter,abnormal,partial_activation_long_persistence,1.00000000,anomaly,false,0.00000000,false,0.66666667,none
V08-CON-SUY-WIN-33,weather_unavailable,suyeong,winter,abnormal,partial_activation_long_persistence,1.00000000,anomaly,false,0.00000000,false,0.66666667,none
V08-CON-SUY-WIN-33,phase_unavailable,suyeong,winter,abnormal,partial_activation_long_persistence,1.00000000,anomaly,false,0.00000000,false,0.66666667,none
V08-CON-SUY-WIN-34,as_observed,suyeong,winter,abnormal,partial_activation_long_persistence,0.64800000,anomaly,false,0.00000000,false,0.66666667,none
V08-CON-SUY-WIN-34,load_unavailable,suyeong,winter,abnormal,partial_activation_long_persistence,0.60500000,anomaly,false,-0.04300000,false,0.33333333,none
V08-CON-SUY-WIN-34,weather_unavailable,suyeong,winter,abnormal,partial_activation_long_persistence,0.64800000,anomaly,false,0.00000000,false,0.66666667,none
V08-CON-SUY-WIN-34,phase_unavailable,suyeong,winter,abnormal,partial_activation_long_persistence,0.64680000,anomaly,false,-0.00120000,false,0.33333333,none
V08-CON-SUY-WIN-35,as_observed,suyeong,winter,abnormal,phase_anomaly_moderate_activation,0.77033333,anomaly,false,0.00000000,false,0.66666667,none
V08-CON-SUY-WIN-35,load_unavailable,suyeong,winter,abnormal,phase_anomaly_moderate_activation,0.66256667,anomaly,false,-0.10776667,false,0.33333333,none
V08-CON-SUY-WIN-35,weather_unavailable,suyeong,winter,abnormal,phase_anomaly_moderate_activation,0.77033333,anomaly,false,0.00000000,false,0.66666667,none
V08-CON-SUY-WIN-35,phase_unavailable,suyeong,winter,abnormal,phase_anomaly_moderate_activation,0.69886667,anomaly,false,-0.07146667,false,0.33333333,none
V08-CON-SUY-WIN-36,as_observed,suyeong,winter,abnormal,phase_anomaly_moderate_activation,1.00000000,anomaly,false,0.00000000,false,0.66666667,none
V08-CON-SUY-WIN-36,load_unavailable,suyeong,winter,abnormal,phase_anomaly_moderate_activation,1.00000000,anomaly,false,0.00000000,false,0.33333333,none
V08-CON-SUY-WIN-36,weather_unavailable,suyeong,winter,abnormal,phase_anomaly_moderate_activation,1.00000000,anomaly,false,0.00000000,false,0.66666667,none
V08-CON-SUY-WIN-36,phase_unavailable,suyeong,winter,abnormal,phase_anomaly_moderate_activation,1.00000000,anomaly,false,0.00000000,false,0.33333333,none
V08-CON-SUY-SPR-01,as_observed,suyeong,spring,normal,normal_full_operation,0.28526667,normal,false,0.00000000,false,0.66666667,none
V08-CON-SUY-SPR-01,load_unavailable,suyeong,spring,normal,normal_full_operation,0.28526667,normal,false,0.00000000,false,0.66666667,none
V08-CON-SUY-SPR-01,weather_unavailable,suyeong,spring,normal,normal_full_operation,0.28526667,normal,false,0.00000000,false,0.33333333,none
V08-CON-SUY-SPR-01,phase_unavailable,suyeong,spring,normal,normal_full_operation,0.31120000,normal,false,0.02593333,false,0.33333333,none
V08-CON-SUY-SPR-02,as_observed,suyeong,spring,normal,normal_full_operation,0.34723333,normal,false,0.00000000,false,0.66666667,none
V08-CON-SUY-SPR-02,load_unavailable,suyeong,spring,normal,normal_full_operation,0.34723333,normal,false,0.00000000,false,0.66666667,none
V08-CON-SUY-SPR-02,weather_unavailable,suyeong,spring,normal,normal_full_operation,0.34723333,normal,false,0.00000000,false,0.33333333,none
V08-CON-SUY-SPR-02,phase_unavailable,suyeong,spring,normal,normal_full_operation,0.36800000,normal,false,0.02076667,false,0.33333333,none
V08-CON-SUY-SPR-03,as_observed,suyeong,spring,normal,normal_full_operation,0.37400000,normal,false,0.00000000,false,0.66666667,none
V08-CON-SUY-SPR-03,load_unavailable,suyeong,spring,normal,normal_full_operation,0.37400000,normal,false,0.00000000,false,0.66666667,none
V08-CON-SUY-SPR-03,weather_unavailable,suyeong,spring,normal,normal_full_operation,0.37400000,normal,false,0.00000000,false,0.33333333,none
V08-CON-SUY-SPR-03,phase_unavailable,suyeong,spring,normal,normal_full_operation,0.38640000,normal,false,0.01240000,false,0.33333333,none
V08-CON-SUY-SPR-04,as_observed,suyeong,spring,normal,twilight_boundary_operation,0.06143333,normal,false,0.00000000,false,0.66666667,none
V08-CON-SUY-SPR-04,load_unavailable,suyeong,spring,normal,twilight_boundary_operation,0.06143333,normal,false,0.00000000,false,0.66666667,none
V08-CON-SUY-SPR-04,weather_unavailable,suyeong,spring,normal,twilight_boundary_operation,0.06143333,normal,false,0.00000000,false,0.33333333,none
V08-CON-SUY-SPR-04,phase_unavailable,suyeong,spring,normal,twilight_boundary_operation,0.08520000,normal,false,0.02376667,false,0.33333333,none
V08-CON-SUY-SPR-05,as_observed,suyeong,spring,normal,twilight_boundary_operation,0.21836667,normal,false,0.00000000,false,0.66666667,none
V08-CON-SUY-SPR-05,load_unavailable,suyeong,spring,normal,twilight_boundary_operation,0.21836667,normal,false,0.00000000,false,0.66666667,none
V08-CON-SUY-SPR-05,weather_unavailable,suyeong,spring,normal,twilight_boundary_operation,0.21836667,normal,false,0.00000000,false,0.33333333,none
V08-CON-SUY-SPR-05,phase_unavailable,suyeong,spring,normal,twilight_boundary_operation,0.24560000,normal,false,0.02723333,false,0.33333333,none
V08-CON-SUY-SPR-06,as_observed,suyeong,spring,normal,twilight_boundary_operation,0.48713333,normal,false,0.00000000,false,0.66666667,none
V08-CON-SUY-SPR-06,load_unavailable,suyeong,spring,normal,twilight_boundary_operation,0.48713333,normal,false,0.00000000,false,0.66666667,none
V08-CON-SUY-SPR-06,weather_unavailable,suyeong,spring,normal,twilight_boundary_operation,0.48713333,normal,false,0.00000000,false,0.33333333,none
V08-CON-SUY-SPR-06,phase_unavailable,suyeong,spring,normal,twilight_boundary_operation,0.52800000,abstain,true,0.04086667,true,0.33333333,none
V08-CON-SUY-SPR-07,as_observed,suyeong,spring,normal,short_transient_spike,0.00966667,normal,false,0.00000000,false,1.00000000,none
V08-CON-SUY-SPR-07,load_unavailable,suyeong,spring,normal,short_transient_spike,0.01523333,normal,false,0.00556667,false,0.66666667,none
V08-CON-SUY-SPR-07,weather_unavailable,suyeong,spring,normal,short_transient_spike,0.00966667,normal,false,0.00000000,false,0.66666667,none
V08-CON-SUY-SPR-07,phase_unavailable,suyeong,spring,normal,short_transient_spike,0.03063333,normal,false,0.02096667,false,0.66666667,none
V08-CON-SUY-SPR-08,as_observed,suyeong,spring,normal,short_transient_spike,0.00000000,normal,false,0.00000000,false,0.66666667,none
V08-CON-SUY-SPR-08,load_unavailable,suyeong,spring,normal,short_transient_spike,0.00000000,normal,false,0.00000000,false,0.66666667,none
V08-CON-SUY-SPR-08,weather_unavailable,suyeong,spring,normal,short_transient_spike,0.00000000,normal,false,0.00000000,false,0.33333333,none
V08-CON-SUY-SPR-08,phase_unavailable,suyeong,spring,normal,short_transient_spike,0.00000000,normal,false,0.00000000,false,0.33333333,none
V08-CON-SUY-SPR-09,as_observed,suyeong,spring,normal,short_transient_spike,0.03480000,normal,false,0.00000000,false,0.33333333,none
V08-CON-SUY-SPR-09,load_unavailable,suyeong,spring,normal,short_transient_spike,0.03480000,normal,false,0.00000000,false,0.33333333,none
V08-CON-SUY-SPR-09,weather_unavailable,suyeong,spring,normal,short_transient_spike,0.03480000,normal,false,0.00000000,false,0.00000000,none
V08-CON-SUY-SPR-09,phase_unavailable,suyeong,spring,normal,short_transient_spike,0.03480000,normal,false,0.00000000,false,0.33333333,none
V08-CON-SUY-SPR-10,as_observed,suyeong,spring,normal,allowed_partial_operation,0.20066667,normal,false,0.00000000,false,1.00000000,none
V08-CON-SUY-SPR-10,load_unavailable,suyeong,spring,normal,allowed_partial_operation,0.22533333,normal,false,0.02466667,false,0.66666667,none
V08-CON-SUY-SPR-10,weather_unavailable,suyeong,spring,normal,allowed_partial_operation,0.20066667,normal,false,0.00000000,false,0.66666667,none
V08-CON-SUY-SPR-10,phase_unavailable,suyeong,spring,normal,allowed_partial_operation,0.24073333,normal,false,0.04006667,false,0.66666667,none
V08-CON-SUY-SPR-11,as_observed,suyeong,spring,normal,allowed_partial_operation,0.00433333,normal,false,0.00000000,false,1.00000000,none
V08-CON-SUY-SPR-11,load_unavailable,suyeong,spring,normal,allowed_partial_operation,0.02476667,normal,false,0.02043333,false,0.66666667,none
V08-CON-SUY-SPR-11,weather_unavailable,suyeong,spring,normal,allowed_partial_operation,0.00433333,normal,false,0.00000000,false,0.66666667,none
V08-CON-SUY-SPR-11,phase_unavailable,suyeong,spring,normal,allowed_partial_operation,0.01486667,normal,false,0.01053333,false,0.66666667,none
V08-CON-SUY-SPR-12,as_observed,suyeong,spring,normal,allowed_partial_operation,0.08526667,normal,false,0.00000000,false,0.66666667,none
V08-CON-SUY-SPR-12,load_unavailable,suyeong,spring,normal,allowed_partial_operation,0.08526667,normal,false,0.00000000,false,0.66666667,none
V08-CON-SUY-SPR-12,weather_unavailable,suyeong,spring,normal,allowed_partial_operation,0.08526667,normal,false,0.00000000,false,0.33333333,none
V08-CON-SUY-SPR-12,phase_unavailable,suyeong,spring,normal,allowed_partial_operation,0.11120000,normal,false,0.02593333,false,0.33333333,none
V08-CON-SUY-SPR-13,as_observed,suyeong,spring,normal,temporary_load_fluctuation,0.00966667,normal,false,0.00000000,false,1.00000000,none
V08-CON-SUY-SPR-13,load_unavailable,suyeong,spring,normal,temporary_load_fluctuation,0.01523333,normal,false,0.00556667,false,0.66666667,none
V08-CON-SUY-SPR-13,weather_unavailable,suyeong,spring,normal,temporary_load_fluctuation,0.00966667,normal,false,0.00000000,false,0.66666667,none
V08-CON-SUY-SPR-13,phase_unavailable,suyeong,spring,normal,temporary_load_fluctuation,0.03063333,normal,false,0.02096667,false,0.66666667,none
V08-CON-SUY-SPR-14,as_observed,suyeong,spring,normal,temporary_load_fluctuation,0.00433333,normal,false,0.00000000,false,1.00000000,none
V08-CON-SUY-SPR-14,load_unavailable,suyeong,spring,normal,temporary_load_fluctuation,0.02476667,normal,false,0.02043333,false,0.66666667,none
V08-CON-SUY-SPR-14,weather_unavailable,suyeong,spring,normal,temporary_load_fluctuation,0.00433333,normal,false,0.00000000,false,0.66666667,none
V08-CON-SUY-SPR-14,phase_unavailable,suyeong,spring,normal,temporary_load_fluctuation,0.01486667,normal,false,0.01053333,false,0.66666667,none
V08-CON-SUY-SPR-15,as_observed,suyeong,spring,normal,feature_missing_normal,0.15986667,normal,false,0.00000000,false,0.33333333,none
V08-CON-SUY-SPR-15,load_unavailable,suyeong,spring,normal,feature_missing_normal,0.15760000,normal,false,-0.00226667,false,0.00000000,none
V08-CON-SUY-SPR-15,weather_unavailable,suyeong,spring,normal,feature_missing_normal,0.15986667,normal,false,0.00000000,false,0.33333333,none
V08-CON-SUY-SPR-15,phase_unavailable,suyeong,spring,normal,feature_missing_normal,0.15986667,normal,false,0.00000000,false,0.33333333,none
V08-CON-SUY-SPR-16,as_observed,suyeong,spring,normal,feature_missing_normal,0.20433333,normal,false,0.00000000,false,0.66666667,none
V08-CON-SUY-SPR-16,load_unavailable,suyeong,spring,normal,feature_missing_normal,0.22476667,normal,false,0.02043333,false,0.33333333,none
V08-CON-SUY-SPR-16,weather_unavailable,suyeong,spring,normal,feature_missing_normal,0.20433333,normal,false,0.00000000,false,0.66666667,none
V08-CON-SUY-SPR-16,phase_unavailable,suyeong,spring,normal,feature_missing_normal,0.21486667,normal,false,0.01053333,false,0.33333333,none
V08-CON-SUY-SPR-17,as_observed,suyeong,spring,normal,high_cloud_or_rainfall_hard_negative,0.58033333,anomaly,false,0.00000000,false,1.00000000,none
V08-CON-SUY-SPR-17,load_unavailable,suyeong,spring,normal,high_cloud_or_rainfall_hard_negative,0.65836667,anomaly,false,0.07803333,false,0.66666667,none
V08-CON-SUY-SPR-17,weather_unavailable,suyeong,spring,normal,high_cloud_or_rainfall_hard_negative,0.58033333,anomaly,false,0.00000000,false,0.66666667,none
V08-CON-SUY-SPR-17,phase_unavailable,suyeong,spring,normal,high_cloud_or_rainfall_hard_negative,0.64846667,anomaly,false,0.06813333,false,0.66666667,none
V08-CON-SUY-SPR-18,as_observed,suyeong,spring,normal,high_cloud_or_rainfall_hard_negative,0.93866667,anomaly,false,0.00000000,false,0.66666667,none
V08-CON-SUY-SPR-18,load_unavailable,suyeong,spring,normal,high_cloud_or_rainfall_hard_negative,1.00000000,anomaly,false,0.06133333,false,0.33333333,none
V08-CON-SUY-SPR-18,weather_unavailable,suyeong,spring,normal,high_cloud_or_rainfall_hard_negative,0.93866667,anomaly,false,0.00000000,false,0.66666667,none
V08-CON-SUY-SPR-18,phase_unavailable,suyeong,spring,normal,high_cloud_or_rainfall_hard_negative,1.00000000,anomaly,false,0.06133333,false,0.33333333,none
V08-CON-SUY-SPR-19,as_observed,suyeong,spring,abnormal,post_sunrise_persistent_activation,0.52466667,normal,false,0.00000000,false,0.66666667,none
V08-CON-SUY-SPR-19,load_unavailable,suyeong,spring,abnormal,post_sunrise_persistent_activation,0.46933333,normal,false,-0.05533333,false,0.33333333,none
V08-CON-SUY-SPR-19,weather_unavailable,suyeong,spring,abnormal,post_sunrise_persistent_activation,0.52466667,normal,false,0.00000000,false,0.66666667,none
V08-CON-SUY-SPR-19,phase_unavailable,suyeong,spring,abnormal,post_sunrise_persistent_activation,0.51113333,abstain,true,-0.01353333,true,0.33333333,none
V08-CON-SUY-SPR-20,as_observed,suyeong,spring,abnormal,post_sunrise_persistent_activation,1.00000000,anomaly,false,0.00000000,false,0.66666667,none
V08-CON-SUY-SPR-20,load_unavailable,suyeong,spring,abnormal,post_sunrise_persistent_activation,1.00000000,anomaly,false,0.00000000,false,0.33333333,none
V08-CON-SUY-SPR-20,weather_unavailable,suyeong,spring,abnormal,post_sunrise_persistent_activation,1.00000000,anomaly,false,0.00000000,false,0.66666667,none
V08-CON-SUY-SPR-20,phase_unavailable,suyeong,spring,abnormal,post_sunrise_persistent_activation,1.00000000,anomaly,false,0.00000000,false,0.33333333,none
V08-CON-SUY-SPR-21,as_observed,suyeong,spring,abnormal,post_sunrise_persistent_activation,1.00000000,anomaly,false,0.00000000,false,0.66666667,none
V08-CON-SUY-SPR-21,load_unavailable,suyeong,spring,abnormal,post_sunrise_persistent_activation,1.00000000,anomaly,false,0.00000000,false,0.33333333,none
V08-CON-SUY-SPR-21,weather_unavailable,suyeong,spring,abnormal,post_sunrise_persistent_activation,1.00000000,anomaly,false,0.00000000,false,0.66666667,none
V08-CON-SUY-SPR-21,phase_unavailable,suyeong,spring,abnormal,post_sunrise_persistent_activation,1.00000000,anomaly,false,0.00000000,false,0.33333333,none
V08-CON-SUY-SPR-22,as_observed,suyeong,spring,abnormal,deep_day_partial_activation,0.52466667,normal,false,0.00000000,false,0.66666667,none
V08-CON-SUY-SPR-22,load_unavailable,suyeong,spring,abnormal,deep_day_partial_activation,0.46933333,normal,false,-0.05533333,false,0.33333333,none
V08-CON-SUY-SPR-22,weather_unavailable,suyeong,spring,abnormal,deep_day_partial_activation,0.52466667,normal,false,0.00000000,false,0.66666667,none
V08-CON-SUY-SPR-22,phase_unavailable,suyeong,spring,abnormal,deep_day_partial_activation,0.51113333,abstain,true,-0.01353333,true,0.33333333,none
V08-CON-SUY-SPR-23,as_observed,suyeong,spring,abnormal,deep_day_partial_activation,0.77033333,anomaly,false,0.00000000,false,0.66666667,none
V08-CON-SUY-SPR-23,load_unavailable,suyeong,spring,abnormal,deep_day_partial_activation,0.66256667,anomaly,false,-0.10776667,false,0.33333333,none
V08-CON-SUY-SPR-23,weather_unavailable,suyeong,spring,abnormal,deep_day_partial_activation,0.77033333,anomaly,false,0.00000000,false,0.66666667,none
V08-CON-SUY-SPR-23,phase_unavailable,suyeong,spring,abnormal,deep_day_partial_activation,0.69886667,anomaly,false,-0.07146667,false,0.33333333,none
V08-CON-SUY-SPR-24,as_observed,suyeong,spring,abnormal,deep_day_partial_activation,1.00000000,anomaly,false,0.00000000,false,0.66666667,none
V08-CON-SUY-SPR-24,load_unavailable,suyeong,spring,abnormal,deep_day_partial_activation,1.00000000,anomaly,false,0.00000000,false,0.33333333,none
V08-CON-SUY-SPR-24,weather_unavailable,suyeong,spring,abnormal,deep_day_partial_activation,1.00000000,anomaly,false,0.00000000,false,0.66666667,none
V08-CON-SUY-SPR-24,phase_unavailable,suyeong,spring,abnormal,deep_day_partial_activation,1.00000000,anomaly,false,0.00000000,false,0.33333333,none
V08-CON-SUY-SPR-25,as_observed,suyeong,spring,abnormal,deep_day_full_activation,0.33966667,normal,false,0.00000000,false,0.66666667,none
V08-CON-SUY-SPR-25,load_unavailable,suyeong,spring,abnormal,deep_day_full_activation,0.26583333,normal,false,-0.07383333,false,0.33333333,none
V08-CON-SUY-SPR-25,weather_unavailable,suyeong,spring,abnormal,deep_day_full_activation,0.33966667,normal,false,0.00000000,false,0.66666667,none
V08-CON-SUY-SPR-25,phase_unavailable,suyeong,spring,abnormal,deep_day_full_activation,0.30763333,normal,false,-0.03203333,false,0.33333333,none
V08-CON-SUY-SPR-26,as_observed,suyeong,spring,abnormal,deep_day_full_activation,0.77033333,anomaly,false,0.00000000,false,0.66666667,none
V08-CON-SUY-SPR-26,load_unavailable,suyeong,spring,abnormal,deep_day_full_activation,0.66256667,anomaly,false,-0.10776667,false,0.33333333,none
V08-CON-SUY-SPR-26,weather_unavailable,suyeong,spring,abnormal,deep_day_full_activation,0.77033333,anomaly,false,0.00000000,false,0.66666667,none
V08-CON-SUY-SPR-26,phase_unavailable,suyeong,spring,abnormal,deep_day_full_activation,0.69886667,anomaly,false,-0.07146667,false,0.33333333,none
V08-CON-SUY-SPR-27,as_observed,suyeong,spring,abnormal,phase_selective_activation,1.00000000,anomaly,false,0.00000000,false,0.66666667,none
V08-CON-SUY-SPR-27,load_unavailable,suyeong,spring,abnormal,phase_selective_activation,1.00000000,anomaly,false,0.00000000,false,0.33333333,none
V08-CON-SUY-SPR-27,weather_unavailable,suyeong,spring,abnormal,phase_selective_activation,1.00000000,anomaly,false,0.00000000,false,0.66666667,none
V08-CON-SUY-SPR-27,phase_unavailable,suyeong,spring,abnormal,phase_selective_activation,1.00000000,anomaly,false,0.00000000,false,0.33333333,none
V08-CON-SUY-SPR-28,as_observed,suyeong,spring,abnormal,phase_selective_activation,0.52466667,normal,false,0.00000000,false,0.66666667,none
V08-CON-SUY-SPR-28,load_unavailable,suyeong,spring,abnormal,phase_selective_activation,0.46933333,normal,false,-0.05533333,false,0.33333333,none
V08-CON-SUY-SPR-28,weather_unavailable,suyeong,spring,abnormal,phase_selective_activation,0.52466667,normal,false,0.00000000,false,0.66666667,none
V08-CON-SUY-SPR-28,phase_unavailable,suyeong,spring,abnormal,phase_selective_activation,0.51113333,abstain,true,-0.01353333,true,0.33333333,none
V08-CON-SUY-SPR-29,as_observed,suyeong,spring,abnormal,weak_long_duration_activation,0.89613333,anomaly,false,0.00000000,false,0.66666667,none
V08-CON-SUY-SPR-29,load_unavailable,suyeong,spring,abnormal,weak_long_duration_activation,0.77600000,anomaly,false,-0.12013333,false,0.33333333,none
V08-CON-SUY-SPR-29,weather_unavailable,suyeong,spring,abnormal,weak_long_duration_activation,0.89613333,anomaly,false,0.00000000,false,0.33333333,none
V08-CON-SUY-SPR-29,phase_unavailable,suyeong,spring,abnormal,weak_long_duration_activation,0.89613333,anomaly,false,0.00000000,false,0.66666667,none
V08-CON-SUY-SPR-30,as_observed,suyeong,spring,abnormal,weak_long_duration_activation,1.00000000,anomaly,false,0.00000000,false,0.66666667,none
V08-CON-SUY-SPR-30,load_unavailable,suyeong,spring,abnormal,weak_long_duration_activation,1.00000000,anomaly,false,0.00000000,false,0.33333333,none
V08-CON-SUY-SPR-30,weather_unavailable,suyeong,spring,abnormal,weak_long_duration_activation,1.00000000,anomaly,false,0.00000000,false,0.33333333,none
V08-CON-SUY-SPR-30,phase_unavailable,suyeong,spring,abnormal,weak_long_duration_activation,1.00000000,anomaly,false,0.00000000,false,0.66666667,none
V08-CON-SUY-SPR-31,as_observed,suyeong,spring,abnormal,moderate_load_mismatch,0.37546667,normal,false,0.00000000,false,0.66666667,none
V08-CON-SUY-SPR-31,load_unavailable,suyeong,spring,abnormal,moderate_load_mismatch,0.29200000,normal,false,-0.08346667,false,0.33333333,none
V08-CON-SUY-SPR-31,weather_unavailable,suyeong,spring,abnormal,moderate_load_mismatch,0.37546667,normal,false,0.00000000,false,0.33333333,none
V08-CON-SUY-SPR-31,phase_unavailable,suyeong,spring,abnormal,moderate_load_mismatch,0.37546667,normal,false,0.00000000,false,0.66666667,none
V08-CON-SUY-SPR-32,as_observed,suyeong,spring,abnormal,moderate_load_mismatch,0.89613333,anomaly,false,0.00000000,false,0.66666667,none
V08-CON-SUY-SPR-32,load_unavailable,suyeong,spring,abnormal,moderate_load_mismatch,0.77600000,anomaly,false,-0.12013333,false,0.33333333,none
V08-CON-SUY-SPR-32,weather_unavailable,suyeong,spring,abnormal,moderate_load_mismatch,0.89613333,anomaly,false,0.00000000,false,0.33333333,none
V08-CON-SUY-SPR-32,phase_unavailable,suyeong,spring,abnormal,moderate_load_mismatch,0.89613333,anomaly,false,0.00000000,false,0.66666667,none
V08-CON-SUY-SPR-33,as_observed,suyeong,spring,abnormal,partial_activation_long_persistence,1.00000000,anomaly,false,0.00000000,false,0.66666667,none
V08-CON-SUY-SPR-33,load_unavailable,suyeong,spring,abnormal,partial_activation_long_persistence,1.00000000,anomaly,false,0.00000000,false,0.33333333,none
V08-CON-SUY-SPR-33,weather_unavailable,suyeong,spring,abnormal,partial_activation_long_persistence,1.00000000,anomaly,false,0.00000000,false,0.33333333,none
V08-CON-SUY-SPR-33,phase_unavailable,suyeong,spring,abnormal,partial_activation_long_persistence,1.00000000,anomaly,false,0.00000000,false,0.66666667,none
V08-CON-SUY-SPR-34,as_observed,suyeong,spring,abnormal,partial_activation_long_persistence,0.64680000,anomaly,false,0.00000000,false,0.66666667,none
V08-CON-SUY-SPR-34,load_unavailable,suyeong,spring,abnormal,partial_activation_long_persistence,0.58800000,abstain,true,-0.05880000,true,0.33333333,none
V08-CON-SUY-SPR-34,weather_unavailable,suyeong,spring,abnormal,partial_activation_long_persistence,0.64680000,anomaly,false,0.00000000,false,0.33333333,none
V08-CON-SUY-SPR-34,phase_unavailable,suyeong,spring,abnormal,partial_activation_long_persistence,0.64680000,anomaly,false,0.00000000,false,0.66666667,none
V08-CON-SUY-SPR-35,as_observed,suyeong,spring,abnormal,phase_anomaly_moderate_activation,0.69886667,anomaly,false,0.00000000,false,0.66666667,none
V08-CON-SUY-SPR-35,load_unavailable,suyeong,spring,abnormal,phase_anomaly_moderate_activation,0.56080000,abstain,true,-0.13806667,true,0.33333333,none
V08-CON-SUY-SPR-35,weather_unavailable,suyeong,spring,abnormal,phase_anomaly_moderate_activation,0.69886667,anomaly,false,0.00000000,false,0.33333333,none
V08-CON-SUY-SPR-35,phase_unavailable,suyeong,spring,abnormal,phase_anomaly_moderate_activation,0.69886667,anomaly,false,0.00000000,false,0.66666667,none
V08-CON-SUY-SPR-36,as_observed,suyeong,spring,abnormal,phase_anomaly_moderate_activation,1.00000000,anomaly,false,0.00000000,false,0.66666667,none
V08-CON-SUY-SPR-36,load_unavailable,suyeong,spring,abnormal,phase_anomaly_moderate_activation,1.00000000,anomaly,false,0.00000000,false,0.33333333,none
V08-CON-SUY-SPR-36,weather_unavailable,suyeong,spring,abnormal,phase_anomaly_moderate_activation,1.00000000,anomaly,false,0.00000000,false,0.33333333,none
V08-CON-SUY-SPR-36,phase_unavailable,suyeong,spring,abnormal,phase_anomaly_moderate_activation,1.00000000,anomaly,false,0.00000000,false,0.66666667,none
V08-CON-SUY-SUM-01,as_observed,suyeong,summer,normal,normal_full_operation,0.27333333,normal,false,0.00000000,false,1.00000000,none
V08-CON-SUY-SUM-01,load_unavailable,suyeong,summer,normal,normal_full_operation,0.28526667,normal,false,0.01193333,false,0.66666667,none
V08-CON-SUY-SUM-01,weather_unavailable,suyeong,summer,normal,normal_full_operation,0.27333333,normal,false,0.00000000,false,0.66666667,none
V08-CON-SUY-SUM-01,phase_unavailable,suyeong,summer,normal,normal_full_operation,0.30066667,normal,false,0.02733333,false,0.66666667,none
V08-CON-SUY-SUM-02,as_observed,suyeong,summer,normal,normal_full_operation,0.31566667,normal,false,0.00000000,false,0.66666667,none
V08-CON-SUY-SUM-02,load_unavailable,suyeong,summer,normal,normal_full_operation,0.34723333,normal,false,0.03156667,false,0.33333333,none
V08-CON-SUY-SUM-02,weather_unavailable,suyeong,summer,normal,normal_full_operation,0.31566667,normal,false,0.00000000,false,0.66666667,none
V08-CON-SUY-SUM-02,phase_unavailable,suyeong,summer,normal,normal_full_operation,0.33733333,normal,false,0.02166667,false,0.33333333,none
V08-CON-SUY-SUM-03,as_observed,suyeong,summer,normal,normal_full_operation,0.35400000,normal,false,0.00000000,false,0.66666667,none
V08-CON-SUY-SUM-03,load_unavailable,suyeong,summer,normal,normal_full_operation,0.37400000,normal,false,0.02000000,false,0.33333333,none
V08-CON-SUY-SUM-03,weather_unavailable,suyeong,summer,normal,normal_full_operation,0.35400000,normal,false,0.00000000,false,0.66666667,none
V08-CON-SUY-SUM-03,phase_unavailable,suyeong,summer,normal,normal_full_operation,0.36960000,normal,false,0.01560000,false,0.33333333,none
V08-CON-SUY-SUM-04,as_observed,suyeong,summer,normal,twilight_boundary_operation,0.05166667,normal,false,0.00000000,false,0.66666667,none
V08-CON-SUY-SUM-04,load_unavailable,suyeong,summer,normal,twilight_boundary_operation,0.06143333,normal,false,0.00976667,false,0.33333333,none
V08-CON-SUY-SUM-04,weather_unavailable,suyeong,summer,normal,twilight_boundary_operation,0.05166667,normal,false,0.00000000,false,0.66666667,none
V08-CON-SUY-SUM-04,phase_unavailable,suyeong,summer,normal,twilight_boundary_operation,0.07683333,normal,false,0.02516667,false,0.33333333,none
V08-CON-SUY-SUM-05,as_observed,suyeong,summer,normal,twilight_boundary_operation,0.18033333,normal,false,0.00000000,false,0.66666667,none
V08-CON-SUY-SUM-05,load_unavailable,suyeong,summer,normal,twilight_boundary_operation,0.21836667,normal,false,0.03803333,false,0.33333333,none
V08-CON-SUY-SUM-05,weather_unavailable,suyeong,summer,normal,twilight_boundary_operation,0.18033333,normal,false,0.00000000,false,0.66666667,none
V08-CON-SUY-SUM-05,phase_unavailable,suyeong,summer,normal,twilight_boundary_operation,0.20846667,normal,false,0.02813333,false,0.33333333,none
V08-CON-SUY-SUM-06,as_observed,suyeong,summer,normal,twilight_boundary_operation,0.43866667,normal,false,0.00000000,false,0.66666667,none
V08-CON-SUY-SUM-06,load_unavailable,suyeong,summer,normal,twilight_boundary_operation,0.48713333,normal,false,0.04846667,false,0.33333333,none
V08-CON-SUY-SUM-06,weather_unavailable,suyeong,summer,normal,twilight_boundary_operation,0.43866667,normal,false,0.00000000,false,0.66666667,none
V08-CON-SUY-SUM-06,phase_unavailable,suyeong,summer,normal,twilight_boundary_operation,0.48273333,normal,false,0.04406667,false,0.33333333,none
V08-CON-SUY-SUM-07,as_observed,suyeong,summer,normal,short_transient_spike,0.00966667,normal,false,0.00000000,false,0.66666667,none
V08-CON-SUY-SUM-07,load_unavailable,suyeong,summer,normal,short_transient_spike,0.01523333,normal,false,0.00556667,false,0.33333333,none
V08-CON-SUY-SUM-07,weather_unavailable,suyeong,summer,normal,short_transient_spike,0.00966667,normal,false,0.00000000,false,0.66666667,none
V08-CON-SUY-SUM-07,phase_unavailable,suyeong,summer,normal,short_transient_spike,0.03063333,normal,false,0.02096667,false,0.33333333,none
V08-CON-SUY-SUM-08,as_observed,suyeong,summer,normal,short_transient_spike,0.00000000,normal,false,0.00000000,false,1.00000000,none
V08-CON-SUY-SUM-08,load_unavailable,suyeong,summer,normal,short_transient_spike,0.00000000,normal,false,0.00000000,false,0.66666667,none
V08-CON-SUY-SUM-08,weather_unavailable,suyeong,summer,normal,short_transient_spike,0.00000000,normal,false,0.00000000,false,0.66666667,none
V08-CON-SUY-SUM-08,phase_unavailable,suyeong,summer,normal,short_transient_spike,0.00000000,normal,false,0.00000000,false,0.66666667,none
V08-CON-SUY-SUM-09,as_observed,suyeong,summer,normal,short_transient_spike,0.00000000,normal,false,0.00000000,false,0.66666667,none
V08-CON-SUY-SUM-09,load_unavailable,suyeong,summer,normal,short_transient_spike,0.00000000,normal,false,0.00000000,false,0.33333333,none
V08-CON-SUY-SUM-09,weather_unavailable,suyeong,summer,normal,short_transient_spike,0.00000000,normal,false,0.00000000,false,0.66666667,none
V08-CON-SUY-SUM-09,phase_unavailable,suyeong,summer,normal,short_transient_spike,0.00000000,normal,false,0.00000000,false,0.33333333,none
V08-CON-SUY-SUM-10,as_observed,suyeong,summer,normal,allowed_partial_operation,0.20066667,normal,false,0.00000000,false,0.66666667,none
V08-CON-SUY-SUM-10,load_unavailable,suyeong,summer,normal,allowed_partial_operation,0.22533333,normal,false,0.02466667,false,0.33333333,none
V08-CON-SUY-SUM-10,weather_unavailable,suyeong,summer,normal,allowed_partial_operation,0.20066667,normal,false,0.00000000,false,0.66666667,none
V08-CON-SUY-SUM-10,phase_unavailable,suyeong,summer,normal,allowed_partial_operation,0.24073333,normal,false,0.04006667,false,0.33333333,none
V08-CON-SUY-SUM-11,as_observed,suyeong,summer,normal,allowed_partial_operation,0.00433333,normal,false,0.00000000,false,0.66666667,none
V08-CON-SUY-SUM-11,load_unavailable,suyeong,summer,normal,allowed_partial_operation,0.02476667,normal,false,0.02043333,false,0.33333333,none
V08-CON-SUY-SUM-11,weather_unavailable,suyeong,summer,normal,allowed_partial_operation,0.00433333,normal,false,0.00000000,false,0.66666667,none
V08-CON-SUY-SUM-11,phase_unavailable,suyeong,summer,normal,allowed_partial_operation,0.01486667,normal,false,0.01053333,false,0.33333333,none
V08-CON-SUY-SUM-12,as_observed,suyeong,summer,normal,allowed_partial_operation,0.07333333,normal,false,0.00000000,false,0.66666667,none
V08-CON-SUY-SUM-12,load_unavailable,suyeong,summer,normal,allowed_partial_operation,0.08526667,normal,false,0.01193333,false,0.33333333,none
V08-CON-SUY-SUM-12,weather_unavailable,suyeong,summer,normal,allowed_partial_operation,0.07333333,normal,false,0.00000000,false,0.66666667,none
V08-CON-SUY-SUM-12,phase_unavailable,suyeong,summer,normal,allowed_partial_operation,0.10066667,normal,false,0.02733333,false,0.33333333,none
V08-CON-SUY-SUM-13,as_observed,suyeong,summer,normal,temporary_load_fluctuation,0.03063333,normal,false,0.00000000,false,0.66666667,none
V08-CON-SUY-SUM-13,load_unavailable,suyeong,summer,normal,temporary_load_fluctuation,0.03480000,normal,false,0.00416667,false,0.33333333,none
V08-CON-SUY-SUM-13,weather_unavailable,suyeong,summer,normal,temporary_load_fluctuation,0.03063333,normal,false,0.00000000,false,0.33333333,none
V08-CON-SUY-SUM-13,phase_unavailable,suyeong,summer,normal,temporary_load_fluctuation,0.03063333,normal,false,0.00000000,false,0.66666667,none
V08-CON-SUY-SUM-14,as_observed,suyeong,summer,normal,temporary_load_fluctuation,0.01486667,normal,false,0.00000000,false,0.66666667,none
V08-CON-SUY-SUM-14,load_unavailable,suyeong,summer,normal,temporary_load_fluctuation,0.03440000,normal,false,0.01953333,false,0.33333333,none
V08-CON-SUY-SUM-14,weather_unavailable,suyeong,summer,normal,temporary_load_fluctuation,0.01486667,normal,false,0.00000000,false,0.33333333,none
V08-CON-SUY-SUM-14,phase_unavailable,suyeong,summer,normal,temporary_load_fluctuation,0.01486667,normal,false,0.00000000,false,0.66666667,none
V08-CON-SUY-SUM-15,as_observed,suyeong,summer,normal,feature_missing_normal,0.15986667,normal,false,0.00000000,false,0.33333333,none
V08-CON-SUY-SUM-15,load_unavailable,suyeong,summer,normal,feature_missing_normal,0.15760000,normal,false,-0.00226667,false,0.00000000,none
V08-CON-SUY-SUM-15,weather_unavailable,suyeong,summer,normal,feature_missing_normal,0.15986667,normal,false,0.00000000,false,0.33333333,none
V08-CON-SUY-SUM-15,phase_unavailable,suyeong,summer,normal,feature_missing_normal,0.15986667,normal,false,0.00000000,false,0.33333333,none
V08-CON-SUY-SUM-16,as_observed,suyeong,summer,normal,feature_missing_normal,0.40066667,normal,false,0.00000000,false,0.66666667,none
V08-CON-SUY-SUM-16,load_unavailable,suyeong,summer,normal,feature_missing_normal,0.42533333,normal,false,0.02466667,false,0.33333333,none
V08-CON-SUY-SUM-16,weather_unavailable,suyeong,summer,normal,feature_missing_normal,0.40066667,normal,false,0.00000000,false,0.66666667,none
V08-CON-SUY-SUM-16,phase_unavailable,suyeong,summer,normal,feature_missing_normal,0.44073333,normal,false,0.04006667,false,0.33333333,none
V08-CON-SUY-SUM-17,as_observed,suyeong,summer,normal,high_cloud_or_rainfall_hard_negative,0.64846667,anomaly,false,0.00000000,false,0.66666667,none
V08-CON-SUY-SUM-17,load_unavailable,suyeong,summer,normal,high_cloud_or_rainfall_hard_negative,0.72560000,anomaly,false,0.07713333,false,0.33333333,none
V08-CON-SUY-SUM-17,weather_unavailable,suyeong,summer,normal,high_cloud_or_rainfall_hard_negative,0.64846667,anomaly,false,0.00000000,false,0.33333333,none
V08-CON-SUY-SUM-17,phase_unavailable,suyeong,summer,normal,high_cloud_or_rainfall_hard_negative,0.64846667,anomaly,false,0.00000000,false,0.66666667,none
V08-CON-SUY-SUM-18,as_observed,suyeong,summer,normal,high_cloud_or_rainfall_hard_negative,1.00000000,anomaly,false,0.00000000,false,0.66666667,none
V08-CON-SUY-SUM-18,load_unavailable,suyeong,summer,normal,high_cloud_or_rainfall_hard_negative,1.00000000,anomaly,false,0.00000000,false,0.33333333,none
V08-CON-SUY-SUM-18,weather_unavailable,suyeong,summer,normal,high_cloud_or_rainfall_hard_negative,1.00000000,anomaly,false,0.00000000,false,0.33333333,none
V08-CON-SUY-SUM-18,phase_unavailable,suyeong,summer,normal,high_cloud_or_rainfall_hard_negative,1.00000000,anomaly,false,0.00000000,false,0.66666667,none
V08-CON-SUY-SUM-19,as_observed,suyeong,summer,abnormal,post_sunrise_persistent_activation,0.51113333,abstain,true,0.00000000,false,0.66666667,none
V08-CON-SUY-SUM-19,load_unavailable,suyeong,summer,abnormal,post_sunrise_persistent_activation,0.44000000,normal,false,-0.07113333,true,0.33333333,none
V08-CON-SUY-SUM-19,weather_unavailable,suyeong,summer,abnormal,post_sunrise_persistent_activation,0.51113333,abstain,true,0.00000000,false,0.33333333,none
V08-CON-SUY-SUM-19,phase_unavailable,suyeong,summer,abnormal,post_sunrise_persistent_activation,0.51113333,abstain,true,0.00000000,false,0.66666667,none
V08-CON-SUY-SUM-20,as_observed,suyeong,summer,abnormal,post_sunrise_persistent_activation,1.00000000,anomaly,false,0.00000000,false,0.66666667,none
V08-CON-SUY-SUM-20,load_unavailable,suyeong,summer,abnormal,post_sunrise_persistent_activation,0.99120000,anomaly,false,-0.00880000,false,0.33333333,none
V08-CON-SUY-SUM-20,weather_unavailable,suyeong,summer,abnormal,post_sunrise_persistent_activation,1.00000000,anomaly,false,0.00000000,false,0.33333333,none
V08-CON-SUY-SUM-20,phase_unavailable,suyeong,summer,abnormal,post_sunrise_persistent_activation,1.00000000,anomaly,false,0.00000000,false,0.66666667,none
V08-CON-SUY-SUM-21,as_observed,suyeong,summer,abnormal,post_sunrise_persistent_activation,1.00000000,anomaly,false,0.00000000,false,0.66666667,none
V08-CON-SUY-SUM-21,load_unavailable,suyeong,summer,abnormal,post_sunrise_persistent_activation,1.00000000,anomaly,false,0.00000000,false,0.33333333,none
V08-CON-SUY-SUM-21,weather_unavailable,suyeong,summer,abnormal,post_sunrise_persistent_activation,1.00000000,anomaly,false,0.00000000,false,0.33333333,none
V08-CON-SUY-SUM-21,phase_unavailable,suyeong,summer,abnormal,post_sunrise_persistent_activation,1.00000000,anomaly,false,0.00000000,false,0.66666667,none
V08-CON-SUY-SUM-22,as_observed,suyeong,summer,abnormal,deep_day_partial_activation,0.51113333,abstain,true,0.00000000,false,0.66666667,none
V08-CON-SUY-SUM-22,load_unavailable,suyeong,summer,abnormal,deep_day_partial_activation,0.44000000,normal,false,-0.07113333,true,0.33333333,none
V08-CON-SUY-SUM-22,weather_unavailable,suyeong,summer,abnormal,deep_day_partial_activation,0.51113333,abstain,true,0.00000000,false,0.33333333,none
V08-CON-SUY-SUM-22,phase_unavailable,suyeong,summer,abnormal,deep_day_partial_activation,0.51113333,abstain,true,0.00000000,false,0.66666667,none
V08-CON-SUY-SUM-23,as_observed,suyeong,summer,abnormal,deep_day_partial_activation,0.69886667,anomaly,false,0.00000000,false,0.66666667,none
V08-CON-SUY-SUM-23,load_unavailable,suyeong,summer,abnormal,deep_day_partial_activation,0.56080000,abstain,true,-0.13806667,true,0.33333333,none
V08-CON-SUY-SUM-23,weather_unavailable,suyeong,summer,abnormal,deep_day_partial_activation,0.69886667,anomaly,false,0.00000000,false,0.33333333,none
V08-CON-SUY-SUM-23,phase_unavailable,suyeong,summer,abnormal,deep_day_partial_activation,0.69886667,anomaly,false,0.00000000,false,0.66666667,none
V08-CON-SUY-SUM-24,as_observed,suyeong,summer,abnormal,deep_day_partial_activation,1.00000000,anomaly,false,0.00000000,false,0.66666667,none
V08-CON-SUY-SUM-24,load_unavailable,suyeong,summer,abnormal,deep_day_partial_activation,1.00000000,anomaly,false,0.00000000,false,0.66666667,none
V08-CON-SUY-SUM-24,weather_unavailable,suyeong,summer,abnormal,deep_day_partial_activation,1.00000000,anomaly,false,0.00000000,false,0.33333333,none
V08-CON-SUY-SUM-24,phase_unavailable,suyeong,summer,abnormal,deep_day_partial_activation,1.00000000,anomaly,false,0.00000000,false,0.33333333,none
V08-CON-SUY-SUM-25,as_observed,suyeong,summer,abnormal,deep_day_full_activation,0.26583333,normal,false,0.00000000,false,0.66666667,none
V08-CON-SUY-SUM-25,load_unavailable,suyeong,summer,abnormal,deep_day_full_activation,0.26583333,normal,false,0.00000000,false,0.66666667,none
V08-CON-SUY-SUM-25,weather_unavailable,suyeong,summer,abnormal,deep_day_full_activation,0.26583333,normal,false,0.00000000,false,0.33333333,none
V08-CON-SUY-SUM-25,phase_unavailable,suyeong,summer,abnormal,deep_day_full_activation,0.21800000,normal,false,-0.04783333,false,0.33333333,none
V08-CON-SUY-SUM-26,as_observed,suyeong,summer,abnormal,deep_day_full_activation,0.66256667,anomaly,false,0.00000000,false,0.66666667,none
V08-CON-SUY-SUM-26,load_unavailable,suyeong,summer,abnormal,deep_day_full_activation,0.66256667,anomaly,false,0.00000000,false,0.66666667,none
V08-CON-SUY-SUM-26,weather_unavailable,suyeong,summer,abnormal,deep_day_full_activation,0.66256667,anomaly,false,0.00000000,false,0.33333333,none
V08-CON-SUY-SUM-26,phase_unavailable,suyeong,summer,abnormal,deep_day_full_activation,0.56080000,abstain,true,-0.10176667,true,0.33333333,none
V08-CON-SUY-SUM-27,as_observed,suyeong,summer,abnormal,phase_selective_activation,1.00000000,anomaly,false,0.00000000,false,0.66666667,none
V08-CON-SUY-SUM-27,load_unavailable,suyeong,summer,abnormal,phase_selective_activation,1.00000000,anomaly,false,0.00000000,false,0.66666667,none
V08-CON-SUY-SUM-27,weather_unavailable,suyeong,summer,abnormal,phase_selective_activation,1.00000000,anomaly,false,0.00000000,false,0.33333333,none
V08-CON-SUY-SUM-27,phase_unavailable,suyeong,summer,abnormal,phase_selective_activation,0.86800000,anomaly,false,-0.13200000,false,0.33333333,none
V08-CON-SUY-SUM-28,as_observed,suyeong,summer,abnormal,phase_selective_activation,0.46933333,normal,false,0.00000000,false,0.66666667,none
V08-CON-SUY-SUM-28,load_unavailable,suyeong,summer,abnormal,phase_selective_activation,0.46933333,normal,false,0.00000000,false,0.66666667,none
V08-CON-SUY-SUM-28,weather_unavailable,suyeong,summer,abnormal,phase_selective_activation,0.46933333,normal,false,0.00000000,false,0.33333333,none
V08-CON-SUY-SUM-28,phase_unavailable,suyeong,summer,abnormal,phase_selective_activation,0.44000000,normal,false,-0.02933333,false,0.33333333,none
V08-CON-SUY-SUM-29,as_observed,suyeong,summer,abnormal,weak_long_duration_activation,0.85983333,anomaly,false,0.00000000,false,0.66666667,none
V08-CON-SUY-SUM-29,load_unavailable,suyeong,summer,abnormal,weak_long_duration_activation,0.85983333,anomaly,false,0.00000000,false,0.66666667,none
V08-CON-SUY-SUM-29,weather_unavailable,suyeong,summer,abnormal,weak_long_duration_activation,0.85983333,anomaly,false,0.00000000,false,0.33333333,none
V08-CON-SUY-SUM-29,phase_unavailable,suyeong,summer,abnormal,weak_long_duration_activation,0.77600000,anomaly,false,-0.08383333,false,0.33333333,none
V08-CON-SUY-SUM-30,as_observed,suyeong,summer,abnormal,weak_long_duration_activation,1.00000000,anomaly,false,0.00000000,false,0.66666667,none
V08-CON-SUY-SUM-30,load_unavailable,suyeong,summer,abnormal,weak_long_duration_activation,1.00000000,anomaly,false,0.00000000,false,0.66666667,none
V08-CON-SUY-SUM-30,weather_unavailable,suyeong,summer,abnormal,weak_long_duration_activation,1.00000000,anomaly,false,0.00000000,false,0.33333333,none
V08-CON-SUY-SUM-30,phase_unavailable,suyeong,summer,abnormal,weak_long_duration_activation,1.00000000,anomaly,false,0.00000000,false,0.33333333,none
V08-CON-SUY-SUM-31,as_observed,suyeong,summer,abnormal,moderate_load_mismatch,0.33366667,normal,false,0.00000000,false,0.66666667,none
V08-CON-SUY-SUM-31,load_unavailable,suyeong,summer,abnormal,moderate_load_mismatch,0.33366667,normal,false,0.00000000,false,0.66666667,none
V08-CON-SUY-SUM-31,weather_unavailable,suyeong,summer,abnormal,moderate_load_mismatch,0.33366667,normal,false,0.00000000,false,0.33333333,none
V08-CON-SUY-SUM-31,phase_unavailable,suyeong,summer,abnormal,moderate_load_mismatch,0.29200000,normal,false,-0.04166667,false,0.33333333,none
V08-CON-SUY-SUM-32,as_observed,suyeong,summer,abnormal,moderate_load_mismatch,0.85983333,anomaly,false,0.00000000,false,0.66666667,none
V08-CON-SUY-SUM-32,load_unavailable,suyeong,summer,abnormal,moderate_load_mismatch,0.85983333,anomaly,false,0.00000000,false,0.66666667,none
V08-CON-SUY-SUM-32,weather_unavailable,suyeong,summer,abnormal,moderate_load_mismatch,0.85983333,anomaly,false,0.00000000,false,0.33333333,none
V08-CON-SUY-SUM-32,phase_unavailable,suyeong,summer,abnormal,moderate_load_mismatch,0.77600000,anomaly,false,-0.08383333,false,0.33333333,none
V08-CON-SUY-SUM-33,as_observed,suyeong,summer,abnormal,partial_activation_long_persistence,1.00000000,anomaly,false,0.00000000,false,0.66666667,none
V08-CON-SUY-SUM-33,load_unavailable,suyeong,summer,abnormal,partial_activation_long_persistence,1.00000000,anomaly,false,0.00000000,false,0.66666667,none
V08-CON-SUY-SUM-33,weather_unavailable,suyeong,summer,abnormal,partial_activation_long_persistence,1.00000000,anomaly,false,0.00000000,false,0.33333333,none
V08-CON-SUY-SUM-33,phase_unavailable,suyeong,summer,abnormal,partial_activation_long_persistence,1.00000000,anomaly,false,0.00000000,false,0.33333333,none
V08-CON-SUY-SUM-34,as_observed,suyeong,summer,abnormal,partial_activation_long_persistence,0.60500000,anomaly,false,0.00000000,false,0.66666667,none
V08-CON-SUY-SUM-34,load_unavailable,suyeong,summer,abnormal,partial_activation_long_persistence,0.60500000,anomaly,false,0.00000000,false,0.66666667,none
V08-CON-SUY-SUM-34,weather_unavailable,suyeong,summer,abnormal,partial_activation_long_persistence,0.60500000,anomaly,false,0.00000000,false,0.33333333,none
V08-CON-SUY-SUM-34,phase_unavailable,suyeong,summer,abnormal,partial_activation_long_persistence,0.58800000,abstain,true,-0.01700000,true,0.33333333,none
V08-CON-SUY-SUM-35,as_observed,suyeong,summer,abnormal,phase_anomaly_moderate_activation,0.77033333,anomaly,false,0.00000000,false,1.00000000,none
V08-CON-SUY-SUM-35,load_unavailable,suyeong,summer,abnormal,phase_anomaly_moderate_activation,0.66256667,anomaly,false,-0.10776667,false,0.66666667,none
V08-CON-SUY-SUM-35,weather_unavailable,suyeong,summer,abnormal,phase_anomaly_moderate_activation,0.77033333,anomaly,false,0.00000000,false,0.66666667,none
V08-CON-SUY-SUM-35,phase_unavailable,suyeong,summer,abnormal,phase_anomaly_moderate_activation,0.69886667,anomaly,false,-0.07146667,false,0.66666667,none
V08-CON-SUY-SUM-36,as_observed,suyeong,summer,abnormal,phase_anomaly_moderate_activation,1.00000000,anomaly,false,0.00000000,false,1.00000000,none
V08-CON-SUY-SUM-36,load_unavailable,suyeong,summer,abnormal,phase_anomaly_moderate_activation,1.00000000,anomaly,false,0.00000000,false,0.66666667,none
V08-CON-SUY-SUM-36,weather_unavailable,suyeong,summer,abnormal,phase_anomaly_moderate_activation,1.00000000,anomaly,false,0.00000000,false,0.66666667,none
V08-CON-SUY-SUM-36,phase_unavailable,suyeong,summer,abnormal,phase_anomaly_moderate_activation,1.00000000,anomaly,false,0.00000000,false,0.66666667,none
V08-CON-SUY-AUT-01,as_observed,suyeong,autumn,normal,normal_full_operation,0.30066667,normal,false,0.00000000,false,0.66666667,none
V08-CON-SUY-AUT-01,load_unavailable,suyeong,autumn,normal,normal_full_operation,0.31120000,normal,false,0.01053333,false,0.33333333,none
V08-CON-SUY-AUT-01,weather_unavailable,suyeong,autumn,normal,normal_full_operation,0.30066667,normal,false,0.00000000,false,0.33333333,none
V08-CON-SUY-AUT-01,phase_unavailable,suyeong,autumn,normal,normal_full_operation,0.30066667,normal,false,0.00000000,false,0.66666667,none
V08-CON-SUY-AUT-02,as_observed,suyeong,autumn,normal,normal_full_operation,0.33733333,normal,false,0.00000000,false,0.66666667,none
V08-CON-SUY-AUT-02,load_unavailable,suyeong,autumn,normal,normal_full_operation,0.36800000,normal,false,0.03066667,false,0.33333333,none
V08-CON-SUY-AUT-02,weather_unavailable,suyeong,autumn,normal,normal_full_operation,0.33733333,normal,false,0.00000000,false,0.33333333,none
V08-CON-SUY-AUT-02,phase_unavailable,suyeong,autumn,normal,normal_full_operation,0.33733333,normal,false,0.00000000,false,0.66666667,none
V08-CON-SUY-AUT-03,as_observed,suyeong,autumn,normal,normal_full_operation,0.36960000,normal,false,0.00000000,false,0.66666667,none
V08-CON-SUY-AUT-03,load_unavailable,suyeong,autumn,normal,normal_full_operation,0.38640000,normal,false,0.01680000,false,0.33333333,none
V08-CON-SUY-AUT-03,weather_unavailable,suyeong,autumn,normal,normal_full_operation,0.36960000,normal,false,0.00000000,false,0.33333333,none
V08-CON-SUY-AUT-03,phase_unavailable,suyeong,autumn,normal,normal_full_operation,0.36960000,normal,false,0.00000000,false,0.66666667,none
V08-CON-SUY-AUT-04,as_observed,suyeong,autumn,normal,twilight_boundary_operation,0.07683333,normal,false,0.00000000,false,0.66666667,none
V08-CON-SUY-AUT-04,load_unavailable,suyeong,autumn,normal,twilight_boundary_operation,0.08520000,normal,false,0.00836667,false,0.33333333,none
V08-CON-SUY-AUT-04,weather_unavailable,suyeong,autumn,normal,twilight_boundary_operation,0.07683333,normal,false,0.00000000,false,0.33333333,none
V08-CON-SUY-AUT-04,phase_unavailable,suyeong,autumn,normal,twilight_boundary_operation,0.07683333,normal,false,0.00000000,false,0.66666667,none
V08-CON-SUY-AUT-05,as_observed,suyeong,autumn,normal,twilight_boundary_operation,0.20846667,normal,false,0.00000000,false,0.66666667,none
V08-CON-SUY-AUT-05,load_unavailable,suyeong,autumn,normal,twilight_boundary_operation,0.24560000,normal,false,0.03713333,false,0.33333333,none
V08-CON-SUY-AUT-05,weather_unavailable,suyeong,autumn,normal,twilight_boundary_operation,0.20846667,normal,false,0.00000000,false,0.33333333,none
V08-CON-SUY-AUT-05,phase_unavailable,suyeong,autumn,normal,twilight_boundary_operation,0.20846667,normal,false,0.00000000,false,0.66666667,none
V08-CON-SUY-AUT-06,as_observed,suyeong,autumn,normal,twilight_boundary_operation,0.48273333,normal,false,0.00000000,false,0.66666667,none
V08-CON-SUY-AUT-06,load_unavailable,suyeong,autumn,normal,twilight_boundary_operation,0.52800000,abstain,true,0.04526667,true,0.33333333,none
V08-CON-SUY-AUT-06,weather_unavailable,suyeong,autumn,normal,twilight_boundary_operation,0.48273333,normal,false,0.00000000,false,0.33333333,none
V08-CON-SUY-AUT-06,phase_unavailable,suyeong,autumn,normal,twilight_boundary_operation,0.48273333,normal,false,0.00000000,false,0.66666667,none
V08-CON-SUY-AUT-07,as_observed,suyeong,autumn,normal,short_transient_spike,0.03063333,normal,false,0.00000000,false,0.66666667,none
V08-CON-SUY-AUT-07,load_unavailable,suyeong,autumn,normal,short_transient_spike,0.03480000,normal,false,0.00416667,false,0.33333333,none
V08-CON-SUY-AUT-07,weather_unavailable,suyeong,autumn,normal,short_transient_spike,0.03063333,normal,false,0.00000000,false,0.33333333,none
V08-CON-SUY-AUT-07,phase_unavailable,suyeong,autumn,normal,short_transient_spike,0.03063333,normal,false,0.00000000,false,0.66666667,none
V08-CON-SUY-AUT-08,as_observed,suyeong,autumn,normal,short_transient_spike,0.00000000,normal,false,0.00000000,false,0.66666667,none
V08-CON-SUY-AUT-08,load_unavailable,suyeong,autumn,normal,short_transient_spike,0.00000000,normal,false,0.00000000,false,0.66666667,none
V08-CON-SUY-AUT-08,weather_unavailable,suyeong,autumn,normal,short_transient_spike,0.00000000,normal,false,0.00000000,false,0.33333333,none
V08-CON-SUY-AUT-08,phase_unavailable,suyeong,autumn,normal,short_transient_spike,0.00000000,normal,false,0.00000000,false,0.33333333,none
V08-CON-SUY-AUT-09,as_observed,suyeong,autumn,normal,short_transient_spike,0.03063333,normal,false,0.00000000,false,0.66666667,none
V08-CON-SUY-AUT-09,load_unavailable,suyeong,autumn,normal,short_transient_spike,0.03480000,normal,false,0.00416667,false,0.33333333,none
V08-CON-SUY-AUT-09,weather_unavailable,suyeong,autumn,normal,short_transient_spike,0.03063333,normal,false,0.00000000,false,0.33333333,none
V08-CON-SUY-AUT-09,phase_unavailable,suyeong,autumn,normal,short_transient_spike,0.03063333,normal,false,0.00000000,false,0.66666667,none
V08-CON-SUY-AUT-10,as_observed,suyeong,autumn,normal,allowed_partial_operation,0.22533333,normal,false,0.00000000,false,0.66666667,none
V08-CON-SUY-AUT-10,load_unavailable,suyeong,autumn,normal,allowed_partial_operation,0.22533333,normal,false,0.00000000,false,0.66666667,none
V08-CON-SUY-AUT-10,weather_unavailable,suyeong,autumn,normal,allowed_partial_operation,0.22533333,normal,false,0.00000000,false,0.33333333,none
V08-CON-SUY-AUT-10,phase_unavailable,suyeong,autumn,normal,allowed_partial_operation,0.26400000,normal,false,0.03866667,false,0.33333333,none
V08-CON-SUY-AUT-11,as_observed,suyeong,autumn,normal,allowed_partial_operation,0.02476667,normal,false,0.00000000,false,0.66666667,none
V08-CON-SUY-AUT-11,load_unavailable,suyeong,autumn,normal,allowed_partial_operation,0.02476667,normal,false,0.00000000,false,0.66666667,none
V08-CON-SUY-AUT-11,weather_unavailable,suyeong,autumn,normal,allowed_partial_operation,0.02476667,normal,false,0.00000000,false,0.33333333,none
V08-CON-SUY-AUT-11,phase_unavailable,suyeong,autumn,normal,allowed_partial_operation,0.03440000,normal,false,0.00963333,false,0.33333333,none
V08-CON-SUY-AUT-12,as_observed,suyeong,autumn,normal,allowed_partial_operation,0.06913333,normal,false,0.00000000,false,0.66666667,none
V08-CON-SUY-AUT-12,load_unavailable,suyeong,autumn,normal,allowed_partial_operation,0.06913333,normal,false,0.00000000,false,0.66666667,none
V08-CON-SUY-AUT-12,weather_unavailable,suyeong,autumn,normal,allowed_partial_operation,0.06913333,normal,false,0.00000000,false,0.33333333,none
V08-CON-SUY-AUT-12,phase_unavailable,suyeong,autumn,normal,allowed_partial_operation,0.07200000,normal,false,0.00286667,false,0.33333333,none
V08-CON-SUY-AUT-13,as_observed,suyeong,autumn,normal,temporary_load_fluctuation,0.01523333,normal,false,0.00000000,false,0.66666667,none
V08-CON-SUY-AUT-13,load_unavailable,suyeong,autumn,normal,temporary_load_fluctuation,0.01523333,normal,false,0.00000000,false,0.66666667,none
V08-CON-SUY-AUT-13,weather_unavailable,suyeong,autumn,normal,temporary_load_fluctuation,0.01523333,normal,false,0.00000000,false,0.33333333,none
V08-CON-SUY-AUT-13,phase_unavailable,suyeong,autumn,normal,temporary_load_fluctuation,0.03480000,normal,false,0.01956667,false,0.33333333,none
V08-CON-SUY-AUT-14,as_observed,suyeong,autumn,normal,temporary_load_fluctuation,0.02476667,normal,false,0.00000000,false,0.66666667,none
V08-CON-SUY-AUT-14,load_unavailable,suyeong,autumn,normal,temporary_load_fluctuation,0.02476667,normal,false,0.00000000,false,0.66666667,none
V08-CON-SUY-AUT-14,weather_unavailable,suyeong,autumn,normal,temporary_load_fluctuation,0.02476667,normal,false,0.00000000,false,0.33333333,none
V08-CON-SUY-AUT-14,phase_unavailable,suyeong,autumn,normal,temporary_load_fluctuation,0.03440000,normal,false,0.00963333,false,0.33333333,none
V08-CON-SUY-AUT-15,as_observed,suyeong,autumn,normal,feature_missing_normal,0.15986667,normal,false,0.00000000,false,0.33333333,none
V08-CON-SUY-AUT-15,load_unavailable,suyeong,autumn,normal,feature_missing_normal,0.15760000,normal,false,-0.00226667,false,0.00000000,none
V08-CON-SUY-AUT-15,weather_unavailable,suyeong,autumn,normal,feature_missing_normal,0.15986667,normal,false,0.00000000,false,0.33333333,none
V08-CON-SUY-AUT-15,phase_unavailable,suyeong,autumn,normal,feature_missing_normal,0.15986667,normal,false,0.00000000,false,0.33333333,none
V08-CON-SUY-AUT-16,as_observed,suyeong,autumn,normal,feature_missing_normal,0.20433333,normal,false,0.00000000,false,0.66666667,none
V08-CON-SUY-AUT-16,load_unavailable,suyeong,autumn,normal,feature_missing_normal,0.22476667,normal,false,0.02043333,false,0.33333333,none
V08-CON-SUY-AUT-16,weather_unavailable,suyeong,autumn,normal,feature_missing_normal,0.20433333,normal,false,0.00000000,false,0.66666667,none
V08-CON-SUY-AUT-16,phase_unavailable,suyeong,autumn,normal,feature_missing_normal,0.21486667,normal,false,0.01053333,false,0.33333333,none
V08-CON-SUY-AUT-17,as_observed,suyeong,autumn,normal,high_cloud_or_rainfall_hard_negative,0.65836667,anomaly,false,0.00000000,false,0.66666667,none
V08-CON-SUY-AUT-17,load_unavailable,suyeong,autumn,normal,high_cloud_or_rainfall_hard_negative,0.65836667,anomaly,false,0.00000000,false,0.66666667,none
V08-CON-SUY-AUT-17,weather_unavailable,suyeong,autumn,normal,high_cloud_or_rainfall_hard_negative,0.65836667,anomaly,false,0.00000000,false,0.33333333,none
V08-CON-SUY-AUT-17,phase_unavailable,suyeong,autumn,normal,high_cloud_or_rainfall_hard_negative,0.72560000,anomaly,false,0.06723333,false,0.33333333,none
V08-CON-SUY-AUT-18,as_observed,suyeong,autumn,normal,high_cloud_or_rainfall_hard_negative,1.00000000,anomaly,false,0.00000000,false,0.66666667,none
V08-CON-SUY-AUT-18,load_unavailable,suyeong,autumn,normal,high_cloud_or_rainfall_hard_negative,1.00000000,anomaly,false,0.00000000,false,0.66666667,none
V08-CON-SUY-AUT-18,weather_unavailable,suyeong,autumn,normal,high_cloud_or_rainfall_hard_negative,1.00000000,anomaly,false,0.00000000,false,0.33333333,none
V08-CON-SUY-AUT-18,phase_unavailable,suyeong,autumn,normal,high_cloud_or_rainfall_hard_negative,1.00000000,anomaly,false,0.00000000,false,0.33333333,none
V08-CON-SUY-AUT-19,as_observed,suyeong,autumn,abnormal,post_sunrise_persistent_activation,0.52466667,normal,false,0.00000000,false,1.00000000,none
V08-CON-SUY-AUT-19,load_unavailable,suyeong,autumn,abnormal,post_sunrise_persistent_activation,0.46933333,normal,false,-0.05533333,false,0.66666667,none
V08-CON-SUY-AUT-19,weather_unavailable,suyeong,autumn,abnormal,post_sunrise_persistent_activation,0.52466667,normal,false,0.00000000,false,0.66666667,none
V08-CON-SUY-AUT-19,phase_unavailable,suyeong,autumn,abnormal,post_sunrise_persistent_activation,0.51113333,abstain,true,-0.01353333,true,0.66666667,none
V08-CON-SUY-AUT-20,as_observed,suyeong,autumn,abnormal,post_sunrise_persistent_activation,1.00000000,anomaly,false,0.00000000,false,1.00000000,none
V08-CON-SUY-AUT-20,load_unavailable,suyeong,autumn,abnormal,post_sunrise_persistent_activation,1.00000000,anomaly,false,0.00000000,false,0.66666667,none
V08-CON-SUY-AUT-20,weather_unavailable,suyeong,autumn,abnormal,post_sunrise_persistent_activation,1.00000000,anomaly,false,0.00000000,false,0.66666667,none
V08-CON-SUY-AUT-20,phase_unavailable,suyeong,autumn,abnormal,post_sunrise_persistent_activation,1.00000000,anomaly,false,0.00000000,false,0.66666667,none
V08-CON-SUY-AUT-21,as_observed,suyeong,autumn,abnormal,post_sunrise_persistent_activation,1.00000000,anomaly,false,0.00000000,false,1.00000000,none
V08-CON-SUY-AUT-21,load_unavailable,suyeong,autumn,abnormal,post_sunrise_persistent_activation,1.00000000,anomaly,false,0.00000000,false,0.66666667,none
V08-CON-SUY-AUT-21,weather_unavailable,suyeong,autumn,abnormal,post_sunrise_persistent_activation,1.00000000,anomaly,false,0.00000000,false,0.66666667,none
V08-CON-SUY-AUT-21,phase_unavailable,suyeong,autumn,abnormal,post_sunrise_persistent_activation,1.00000000,anomaly,false,0.00000000,false,0.66666667,none
V08-CON-SUY-AUT-22,as_observed,suyeong,autumn,abnormal,deep_day_partial_activation,0.52466667,normal,false,0.00000000,false,1.00000000,none
V08-CON-SUY-AUT-22,load_unavailable,suyeong,autumn,abnormal,deep_day_partial_activation,0.46933333,normal,false,-0.05533333,false,0.66666667,none
V08-CON-SUY-AUT-22,weather_unavailable,suyeong,autumn,abnormal,deep_day_partial_activation,0.52466667,normal,false,0.00000000,false,0.66666667,none
V08-CON-SUY-AUT-22,phase_unavailable,suyeong,autumn,abnormal,deep_day_partial_activation,0.51113333,abstain,true,-0.01353333,true,0.66666667,none
V08-CON-SUY-AUT-23,as_observed,suyeong,autumn,abnormal,deep_day_partial_activation,0.77033333,anomaly,false,0.00000000,false,1.00000000,none
V08-CON-SUY-AUT-23,load_unavailable,suyeong,autumn,abnormal,deep_day_partial_activation,0.66256667,anomaly,false,-0.10776667,false,0.66666667,none
V08-CON-SUY-AUT-23,weather_unavailable,suyeong,autumn,abnormal,deep_day_partial_activation,0.77033333,anomaly,false,0.00000000,false,0.66666667,none
V08-CON-SUY-AUT-23,phase_unavailable,suyeong,autumn,abnormal,deep_day_partial_activation,0.69886667,anomaly,false,-0.07146667,false,0.66666667,none
V08-CON-SUY-AUT-24,as_observed,suyeong,autumn,abnormal,deep_day_partial_activation,1.00000000,anomaly,false,0.00000000,false,1.00000000,none
V08-CON-SUY-AUT-24,load_unavailable,suyeong,autumn,abnormal,deep_day_partial_activation,1.00000000,anomaly,false,0.00000000,false,0.66666667,none
V08-CON-SUY-AUT-24,weather_unavailable,suyeong,autumn,abnormal,deep_day_partial_activation,1.00000000,anomaly,false,0.00000000,false,0.66666667,none
V08-CON-SUY-AUT-24,phase_unavailable,suyeong,autumn,abnormal,deep_day_partial_activation,1.00000000,anomaly,false,0.00000000,false,0.66666667,none
V08-CON-SUY-AUT-25,as_observed,suyeong,autumn,abnormal,deep_day_full_activation,0.33966667,normal,false,0.00000000,false,1.00000000,none
V08-CON-SUY-AUT-25,load_unavailable,suyeong,autumn,abnormal,deep_day_full_activation,0.26583333,normal,false,-0.07383333,false,0.66666667,none
V08-CON-SUY-AUT-25,weather_unavailable,suyeong,autumn,abnormal,deep_day_full_activation,0.33966667,normal,false,0.00000000,false,0.66666667,none
V08-CON-SUY-AUT-25,phase_unavailable,suyeong,autumn,abnormal,deep_day_full_activation,0.30763333,normal,false,-0.03203333,false,0.66666667,none
V08-CON-SUY-AUT-26,as_observed,suyeong,autumn,abnormal,deep_day_full_activation,0.77033333,anomaly,false,0.00000000,false,1.00000000,none
V08-CON-SUY-AUT-26,load_unavailable,suyeong,autumn,abnormal,deep_day_full_activation,0.66256667,anomaly,false,-0.10776667,false,0.66666667,none
V08-CON-SUY-AUT-26,weather_unavailable,suyeong,autumn,abnormal,deep_day_full_activation,0.77033333,anomaly,false,0.00000000,false,0.66666667,none
V08-CON-SUY-AUT-26,phase_unavailable,suyeong,autumn,abnormal,deep_day_full_activation,0.69886667,anomaly,false,-0.07146667,false,0.66666667,none
V08-CON-SUY-AUT-27,as_observed,suyeong,autumn,abnormal,phase_selective_activation,1.00000000,anomaly,false,0.00000000,false,1.00000000,none
V08-CON-SUY-AUT-27,load_unavailable,suyeong,autumn,abnormal,phase_selective_activation,1.00000000,anomaly,false,0.00000000,false,0.66666667,none
V08-CON-SUY-AUT-27,weather_unavailable,suyeong,autumn,abnormal,phase_selective_activation,1.00000000,anomaly,false,0.00000000,false,0.66666667,none
V08-CON-SUY-AUT-27,phase_unavailable,suyeong,autumn,abnormal,phase_selective_activation,1.00000000,anomaly,false,0.00000000,false,0.66666667,none
V08-CON-SUY-AUT-28,as_observed,suyeong,autumn,abnormal,phase_selective_activation,0.52466667,normal,false,0.00000000,false,1.00000000,none
V08-CON-SUY-AUT-28,load_unavailable,suyeong,autumn,abnormal,phase_selective_activation,0.46933333,normal,false,-0.05533333,false,0.66666667,none
V08-CON-SUY-AUT-28,weather_unavailable,suyeong,autumn,abnormal,phase_selective_activation,0.52466667,normal,false,0.00000000,false,0.66666667,none
V08-CON-SUY-AUT-28,phase_unavailable,suyeong,autumn,abnormal,phase_selective_activation,0.51113333,abstain,true,-0.01353333,true,0.66666667,none
V08-CON-SUY-AUT-29,as_observed,suyeong,autumn,abnormal,weak_long_duration_activation,0.94966667,anomaly,false,0.00000000,false,1.00000000,none
V08-CON-SUY-AUT-29,load_unavailable,suyeong,autumn,abnormal,weak_long_duration_activation,0.85983333,anomaly,false,-0.08983333,false,0.66666667,none
V08-CON-SUY-AUT-29,weather_unavailable,suyeong,autumn,abnormal,weak_long_duration_activation,0.94966667,anomaly,false,0.00000000,false,0.66666667,none
V08-CON-SUY-AUT-29,phase_unavailable,suyeong,autumn,abnormal,weak_long_duration_activation,0.89613333,anomaly,false,-0.05353333,false,0.66666667,none
V08-CON-SUY-AUT-30,as_observed,suyeong,autumn,abnormal,weak_long_duration_activation,1.00000000,anomaly,false,0.00000000,false,0.66666667,none
V08-CON-SUY-AUT-30,load_unavailable,suyeong,autumn,abnormal,weak_long_duration_activation,1.00000000,anomaly,false,0.00000000,false,0.33333333,none
V08-CON-SUY-AUT-30,weather_unavailable,suyeong,autumn,abnormal,weak_long_duration_activation,1.00000000,anomaly,false,0.00000000,false,0.66666667,none
V08-CON-SUY-AUT-30,phase_unavailable,suyeong,autumn,abnormal,weak_long_duration_activation,1.00000000,anomaly,false,0.00000000,false,0.33333333,none
V08-CON-SUY-AUT-31,as_observed,suyeong,autumn,abnormal,moderate_load_mismatch,0.40133333,normal,false,0.00000000,false,0.66666667,none
V08-CON-SUY-AUT-31,load_unavailable,suyeong,autumn,abnormal,moderate_load_mismatch,0.33366667,normal,false,-0.06766667,false,0.33333333,none
V08-CON-SUY-AUT-31,weather_unavailable,suyeong,autumn,abnormal,moderate_load_mismatch,0.40133333,normal,false,0.00000000,false,0.66666667,none
V08-CON-SUY-AUT-31,phase_unavailable,suyeong,autumn,abnormal,moderate_load_mismatch,0.37546667,normal,false,-0.02586667,false,0.33333333,none
V08-CON-SUY-AUT-32,as_observed,suyeong,autumn,abnormal,moderate_load_mismatch,0.94966667,anomaly,false,0.00000000,false,0.66666667,none
V08-CON-SUY-AUT-32,load_unavailable,suyeong,autumn,abnormal,moderate_load_mismatch,0.85983333,anomaly,false,-0.08983333,false,0.33333333,none
V08-CON-SUY-AUT-32,weather_unavailable,suyeong,autumn,abnormal,moderate_load_mismatch,0.94966667,anomaly,false,0.00000000,false,0.66666667,none
V08-CON-SUY-AUT-32,phase_unavailable,suyeong,autumn,abnormal,moderate_load_mismatch,0.89613333,anomaly,false,-0.05353333,false,0.33333333,none
V08-CON-SUY-AUT-33,as_observed,suyeong,autumn,abnormal,partial_activation_long_persistence,1.00000000,anomaly,false,0.00000000,false,0.66666667,none
V08-CON-SUY-AUT-33,load_unavailable,suyeong,autumn,abnormal,partial_activation_long_persistence,1.00000000,anomaly,false,0.00000000,false,0.33333333,none
V08-CON-SUY-AUT-33,weather_unavailable,suyeong,autumn,abnormal,partial_activation_long_persistence,1.00000000,anomaly,false,0.00000000,false,0.66666667,none
V08-CON-SUY-AUT-33,phase_unavailable,suyeong,autumn,abnormal,partial_activation_long_persistence,1.00000000,anomaly,false,0.00000000,false,0.33333333,none
V08-CON-SUY-AUT-34,as_observed,suyeong,autumn,abnormal,partial_activation_long_persistence,0.64800000,anomaly,false,0.00000000,false,0.66666667,none
V08-CON-SUY-AUT-34,load_unavailable,suyeong,autumn,abnormal,partial_activation_long_persistence,0.60500000,anomaly,false,-0.04300000,false,0.33333333,none
V08-CON-SUY-AUT-34,weather_unavailable,suyeong,autumn,abnormal,partial_activation_long_persistence,0.64800000,anomaly,false,0.00000000,false,0.66666667,none
V08-CON-SUY-AUT-34,phase_unavailable,suyeong,autumn,abnormal,partial_activation_long_persistence,0.64680000,anomaly,false,-0.00120000,false,0.33333333,none
V08-CON-SUY-AUT-35,as_observed,suyeong,autumn,abnormal,phase_anomaly_moderate_activation,0.77033333,anomaly,false,0.00000000,false,0.66666667,none
V08-CON-SUY-AUT-35,load_unavailable,suyeong,autumn,abnormal,phase_anomaly_moderate_activation,0.66256667,anomaly,false,-0.10776667,false,0.33333333,none
V08-CON-SUY-AUT-35,weather_unavailable,suyeong,autumn,abnormal,phase_anomaly_moderate_activation,0.77033333,anomaly,false,0.00000000,false,0.66666667,none
V08-CON-SUY-AUT-35,phase_unavailable,suyeong,autumn,abnormal,phase_anomaly_moderate_activation,0.69886667,anomaly,false,-0.07146667,false,0.33333333,none
V08-CON-SUY-AUT-36,as_observed,suyeong,autumn,abnormal,phase_anomaly_moderate_activation,1.00000000,anomaly,false,0.00000000,false,0.66666667,none
V08-CON-SUY-AUT-36,load_unavailable,suyeong,autumn,abnormal,phase_anomaly_moderate_activation,1.00000000,anomaly,false,0.00000000,false,0.33333333,none
V08-CON-SUY-AUT-36,weather_unavailable,suyeong,autumn,abnormal,phase_anomaly_moderate_activation,1.00000000,anomaly,false,0.00000000,false,0.66666667,none
V08-CON-SUY-AUT-36,phase_unavailable,suyeong,autumn,abnormal,phase_anomaly_moderate_activation,1.00000000,anomaly,false,0.00000000,false,0.33333333,none
V08-CON-GAN-WIN-01,as_observed,gangneung,winter,normal,normal_full_operation,0.28526667,normal,false,0.00000000,false,0.66666667,none
V08-CON-GAN-WIN-01,load_unavailable,gangneung,winter,normal,normal_full_operation,0.28526667,normal,false,0.00000000,false,0.66666667,none
V08-CON-GAN-WIN-01,weather_unavailable,gangneung,winter,normal,normal_full_operation,0.28526667,normal,false,0.00000000,false,0.33333333,none
V08-CON-GAN-WIN-01,phase_unavailable,gangneung,winter,normal,normal_full_operation,0.31120000,normal,false,0.02593333,false,0.33333333,none
V08-CON-GAN-WIN-02,as_observed,gangneung,winter,normal,normal_full_operation,0.34723333,normal,false,0.00000000,false,0.66666667,none
V08-CON-GAN-WIN-02,load_unavailable,gangneung,winter,normal,normal_full_operation,0.34723333,normal,false,0.00000000,false,0.66666667,none
V08-CON-GAN-WIN-02,weather_unavailable,gangneung,winter,normal,normal_full_operation,0.34723333,normal,false,0.00000000,false,0.33333333,none
V08-CON-GAN-WIN-02,phase_unavailable,gangneung,winter,normal,normal_full_operation,0.36800000,normal,false,0.02076667,false,0.33333333,none
V08-CON-GAN-WIN-03,as_observed,gangneung,winter,normal,normal_full_operation,0.35400000,normal,false,0.00000000,false,1.00000000,none
V08-CON-GAN-WIN-03,load_unavailable,gangneung,winter,normal,normal_full_operation,0.37400000,normal,false,0.02000000,false,0.66666667,none
V08-CON-GAN-WIN-03,weather_unavailable,gangneung,winter,normal,normal_full_operation,0.35400000,normal,false,0.00000000,false,0.66666667,none
V08-CON-GAN-WIN-03,phase_unavailable,gangneung,winter,normal,normal_full_operation,0.36960000,normal,false,0.01560000,false,0.66666667,none
V08-CON-GAN-WIN-04,as_observed,gangneung,winter,normal,twilight_boundary_operation,0.05166667,normal,false,0.00000000,false,1.00000000,none
V08-CON-GAN-WIN-04,load_unavailable,gangneung,winter,normal,twilight_boundary_operation,0.06143333,normal,false,0.00976667,false,0.66666667,none
V08-CON-GAN-WIN-04,weather_unavailable,gangneung,winter,normal,twilight_boundary_operation,0.05166667,normal,false,0.00000000,false,0.66666667,none
V08-CON-GAN-WIN-04,phase_unavailable,gangneung,winter,normal,twilight_boundary_operation,0.07683333,normal,false,0.02516667,false,0.66666667,none
V08-CON-GAN-WIN-05,as_observed,gangneung,winter,normal,twilight_boundary_operation,0.18033333,normal,false,0.00000000,false,1.00000000,none
V08-CON-GAN-WIN-05,load_unavailable,gangneung,winter,normal,twilight_boundary_operation,0.21836667,normal,false,0.03803333,false,0.66666667,none
V08-CON-GAN-WIN-05,weather_unavailable,gangneung,winter,normal,twilight_boundary_operation,0.18033333,normal,false,0.00000000,false,0.66666667,none
V08-CON-GAN-WIN-05,phase_unavailable,gangneung,winter,normal,twilight_boundary_operation,0.20846667,normal,false,0.02813333,false,0.66666667,none
V08-CON-GAN-WIN-06,as_observed,gangneung,winter,normal,twilight_boundary_operation,0.43866667,normal,false,0.00000000,false,1.00000000,none
V08-CON-GAN-WIN-06,load_unavailable,gangneung,winter,normal,twilight_boundary_operation,0.48713333,normal,false,0.04846667,false,0.66666667,none
V08-CON-GAN-WIN-06,weather_unavailable,gangneung,winter,normal,twilight_boundary_operation,0.43866667,normal,false,0.00000000,false,0.66666667,none
V08-CON-GAN-WIN-06,phase_unavailable,gangneung,winter,normal,twilight_boundary_operation,0.48273333,normal,false,0.04406667,false,0.66666667,none
V08-CON-GAN-WIN-07,as_observed,gangneung,winter,normal,short_transient_spike,0.00966667,normal,false,0.00000000,false,1.00000000,none
V08-CON-GAN-WIN-07,load_unavailable,gangneung,winter,normal,short_transient_spike,0.01523333,normal,false,0.00556667,false,0.66666667,none
V08-CON-GAN-WIN-07,weather_unavailable,gangneung,winter,normal,short_transient_spike,0.00966667,normal,false,0.00000000,false,0.66666667,none
V08-CON-GAN-WIN-07,phase_unavailable,gangneung,winter,normal,short_transient_spike,0.03063333,normal,false,0.02096667,false,0.66666667,none
V08-CON-GAN-WIN-08,as_observed,gangneung,winter,normal,short_transient_spike,0.00000000,normal,false,0.00000000,false,1.00000000,none
V08-CON-GAN-WIN-08,load_unavailable,gangneung,winter,normal,short_transient_spike,0.00000000,normal,false,0.00000000,false,0.66666667,none
V08-CON-GAN-WIN-08,weather_unavailable,gangneung,winter,normal,short_transient_spike,0.00000000,normal,false,0.00000000,false,0.66666667,none
V08-CON-GAN-WIN-08,phase_unavailable,gangneung,winter,normal,short_transient_spike,0.00000000,normal,false,0.00000000,false,0.66666667,none
V08-CON-GAN-WIN-09,as_observed,gangneung,winter,normal,short_transient_spike,0.03480000,normal,false,0.00000000,false,0.33333333,none
V08-CON-GAN-WIN-09,load_unavailable,gangneung,winter,normal,short_transient_spike,0.03480000,normal,false,0.00000000,false,0.33333333,none
V08-CON-GAN-WIN-09,weather_unavailable,gangneung,winter,normal,short_transient_spike,0.03480000,normal,false,0.00000000,false,0.00000000,none
V08-CON-GAN-WIN-09,phase_unavailable,gangneung,winter,normal,short_transient_spike,0.03480000,normal,false,0.00000000,false,0.33333333,none
V08-CON-GAN-WIN-10,as_observed,gangneung,winter,normal,allowed_partial_operation,0.20066667,normal,false,0.00000000,false,1.00000000,none
V08-CON-GAN-WIN-10,load_unavailable,gangneung,winter,normal,allowed_partial_operation,0.22533333,normal,false,0.02466667,false,0.66666667,none
V08-CON-GAN-WIN-10,weather_unavailable,gangneung,winter,normal,allowed_partial_operation,0.20066667,normal,false,0.00000000,false,0.66666667,none
V08-CON-GAN-WIN-10,phase_unavailable,gangneung,winter,normal,allowed_partial_operation,0.24073333,normal,false,0.04006667,false,0.66666667,none
V08-CON-GAN-WIN-11,as_observed,gangneung,winter,normal,allowed_partial_operation,0.00433333,normal,false,0.00000000,false,1.00000000,none
V08-CON-GAN-WIN-11,load_unavailable,gangneung,winter,normal,allowed_partial_operation,0.02476667,normal,false,0.02043333,false,0.66666667,none
V08-CON-GAN-WIN-11,weather_unavailable,gangneung,winter,normal,allowed_partial_operation,0.00433333,normal,false,0.00000000,false,0.66666667,none
V08-CON-GAN-WIN-11,phase_unavailable,gangneung,winter,normal,allowed_partial_operation,0.01486667,normal,false,0.01053333,false,0.66666667,none
V08-CON-GAN-WIN-12,as_observed,gangneung,winter,normal,allowed_partial_operation,0.07333333,normal,false,0.00000000,false,1.00000000,none
V08-CON-GAN-WIN-12,load_unavailable,gangneung,winter,normal,allowed_partial_operation,0.08526667,normal,false,0.01193333,false,0.66666667,none
V08-CON-GAN-WIN-12,weather_unavailable,gangneung,winter,normal,allowed_partial_operation,0.07333333,normal,false,0.00000000,false,0.66666667,none
V08-CON-GAN-WIN-12,phase_unavailable,gangneung,winter,normal,allowed_partial_operation,0.10066667,normal,false,0.02733333,false,0.66666667,none
V08-CON-GAN-WIN-13,as_observed,gangneung,winter,normal,temporary_load_fluctuation,0.00966667,normal,false,0.00000000,false,1.00000000,none
V08-CON-GAN-WIN-13,load_unavailable,gangneung,winter,normal,temporary_load_fluctuation,0.01523333,normal,false,0.00556667,false,0.66666667,none
V08-CON-GAN-WIN-13,weather_unavailable,gangneung,winter,normal,temporary_load_fluctuation,0.00966667,normal,false,0.00000000,false,0.66666667,none
V08-CON-GAN-WIN-13,phase_unavailable,gangneung,winter,normal,temporary_load_fluctuation,0.03063333,normal,false,0.02096667,false,0.66666667,none
V08-CON-GAN-WIN-14,as_observed,gangneung,winter,normal,temporary_load_fluctuation,0.00433333,normal,false,0.00000000,false,0.66666667,none
V08-CON-GAN-WIN-14,load_unavailable,gangneung,winter,normal,temporary_load_fluctuation,0.02476667,normal,false,0.02043333,false,0.33333333,none
V08-CON-GAN-WIN-14,weather_unavailable,gangneung,winter,normal,temporary_load_fluctuation,0.00433333,normal,false,0.00000000,false,0.66666667,none
V08-CON-GAN-WIN-14,phase_unavailable,gangneung,winter,normal,temporary_load_fluctuation,0.01486667,normal,false,0.01053333,false,0.33333333,none
V08-CON-GAN-WIN-15,as_observed,gangneung,winter,normal,feature_missing_normal,0.15986667,normal,false,0.00000000,false,0.33333333,none
V08-CON-GAN-WIN-15,load_unavailable,gangneung,winter,normal,feature_missing_normal,0.15760000,normal,false,-0.00226667,false,0.00000000,none
V08-CON-GAN-WIN-15,weather_unavailable,gangneung,winter,normal,feature_missing_normal,0.15986667,normal,false,0.00000000,false,0.33333333,none
V08-CON-GAN-WIN-15,phase_unavailable,gangneung,winter,normal,feature_missing_normal,0.15986667,normal,false,0.00000000,false,0.33333333,none
V08-CON-GAN-WIN-16,as_observed,gangneung,winter,normal,feature_missing_normal,0.40066667,normal,false,0.00000000,false,0.66666667,none
V08-CON-GAN-WIN-16,load_unavailable,gangneung,winter,normal,feature_missing_normal,0.42533333,normal,false,0.02466667,false,0.33333333,none
V08-CON-GAN-WIN-16,weather_unavailable,gangneung,winter,normal,feature_missing_normal,0.40066667,normal,false,0.00000000,false,0.66666667,none
V08-CON-GAN-WIN-16,phase_unavailable,gangneung,winter,normal,feature_missing_normal,0.44073333,normal,false,0.04006667,false,0.33333333,none
V08-CON-GAN-WIN-17,as_observed,gangneung,winter,normal,high_cloud_or_rainfall_hard_negative,0.58033333,anomaly,false,0.00000000,false,0.66666667,none
V08-CON-GAN-WIN-17,load_unavailable,gangneung,winter,normal,high_cloud_or_rainfall_hard_negative,0.65836667,anomaly,false,0.07803333,false,0.33333333,none
V08-CON-GAN-WIN-17,weather_unavailable,gangneung,winter,normal,high_cloud_or_rainfall_hard_negative,0.58033333,anomaly,false,0.00000000,false,0.66666667,none
V08-CON-GAN-WIN-17,phase_unavailable,gangneung,winter,normal,high_cloud_or_rainfall_hard_negative,0.64846667,anomaly,false,0.06813333,false,0.33333333,none
V08-CON-GAN-WIN-18,as_observed,gangneung,winter,normal,high_cloud_or_rainfall_hard_negative,0.93866667,anomaly,false,0.00000000,false,0.66666667,none
V08-CON-GAN-WIN-18,load_unavailable,gangneung,winter,normal,high_cloud_or_rainfall_hard_negative,1.00000000,anomaly,false,0.06133333,false,0.33333333,none
V08-CON-GAN-WIN-18,weather_unavailable,gangneung,winter,normal,high_cloud_or_rainfall_hard_negative,0.93866667,anomaly,false,0.00000000,false,0.66666667,none
V08-CON-GAN-WIN-18,phase_unavailable,gangneung,winter,normal,high_cloud_or_rainfall_hard_negative,1.00000000,anomaly,false,0.06133333,false,0.33333333,none
V08-CON-GAN-WIN-19,as_observed,gangneung,winter,abnormal,post_sunrise_persistent_activation,0.52466667,normal,false,0.00000000,false,0.66666667,none
V08-CON-GAN-WIN-19,load_unavailable,gangneung,winter,abnormal,post_sunrise_persistent_activation,0.46933333,normal,false,-0.05533333,false,0.33333333,none
V08-CON-GAN-WIN-19,weather_unavailable,gangneung,winter,abnormal,post_sunrise_persistent_activation,0.52466667,normal,false,0.00000000,false,0.66666667,none
V08-CON-GAN-WIN-19,phase_unavailable,gangneung,winter,abnormal,post_sunrise_persistent_activation,0.51113333,abstain,true,-0.01353333,true,0.33333333,none
V08-CON-GAN-WIN-20,as_observed,gangneung,winter,abnormal,post_sunrise_persistent_activation,1.00000000,anomaly,false,0.00000000,false,0.66666667,none
V08-CON-GAN-WIN-20,load_unavailable,gangneung,winter,abnormal,post_sunrise_persistent_activation,1.00000000,anomaly,false,0.00000000,false,0.33333333,none
V08-CON-GAN-WIN-20,weather_unavailable,gangneung,winter,abnormal,post_sunrise_persistent_activation,1.00000000,anomaly,false,0.00000000,false,0.66666667,none
V08-CON-GAN-WIN-20,phase_unavailable,gangneung,winter,abnormal,post_sunrise_persistent_activation,1.00000000,anomaly,false,0.00000000,false,0.33333333,none
V08-CON-GAN-WIN-21,as_observed,gangneung,winter,abnormal,post_sunrise_persistent_activation,1.00000000,anomaly,false,0.00000000,false,0.66666667,none
V08-CON-GAN-WIN-21,load_unavailable,gangneung,winter,abnormal,post_sunrise_persistent_activation,1.00000000,anomaly,false,0.00000000,false,0.33333333,none
V08-CON-GAN-WIN-21,weather_unavailable,gangneung,winter,abnormal,post_sunrise_persistent_activation,1.00000000,anomaly,false,0.00000000,false,0.66666667,none
V08-CON-GAN-WIN-21,phase_unavailable,gangneung,winter,abnormal,post_sunrise_persistent_activation,1.00000000,anomaly,false,0.00000000,false,0.33333333,none
V08-CON-GAN-WIN-22,as_observed,gangneung,winter,abnormal,deep_day_partial_activation,0.52466667,normal,false,0.00000000,false,0.66666667,none
V08-CON-GAN-WIN-22,load_unavailable,gangneung,winter,abnormal,deep_day_partial_activation,0.46933333,normal,false,-0.05533333,false,0.33333333,none
V08-CON-GAN-WIN-22,weather_unavailable,gangneung,winter,abnormal,deep_day_partial_activation,0.52466667,normal,false,0.00000000,false,0.66666667,none
V08-CON-GAN-WIN-22,phase_unavailable,gangneung,winter,abnormal,deep_day_partial_activation,0.51113333,abstain,true,-0.01353333,true,0.33333333,none
V08-CON-GAN-WIN-23,as_observed,gangneung,winter,abnormal,deep_day_partial_activation,0.77033333,anomaly,false,0.00000000,false,0.66666667,none
V08-CON-GAN-WIN-23,load_unavailable,gangneung,winter,abnormal,deep_day_partial_activation,0.66256667,anomaly,false,-0.10776667,false,0.33333333,none
V08-CON-GAN-WIN-23,weather_unavailable,gangneung,winter,abnormal,deep_day_partial_activation,0.77033333,anomaly,false,0.00000000,false,0.66666667,none
V08-CON-GAN-WIN-23,phase_unavailable,gangneung,winter,abnormal,deep_day_partial_activation,0.69886667,anomaly,false,-0.07146667,false,0.33333333,none
V08-CON-GAN-WIN-24,as_observed,gangneung,winter,abnormal,deep_day_partial_activation,1.00000000,anomaly,false,0.00000000,false,0.66666667,none
V08-CON-GAN-WIN-24,load_unavailable,gangneung,winter,abnormal,deep_day_partial_activation,1.00000000,anomaly,false,0.00000000,false,0.33333333,none
V08-CON-GAN-WIN-24,weather_unavailable,gangneung,winter,abnormal,deep_day_partial_activation,1.00000000,anomaly,false,0.00000000,false,0.66666667,none
V08-CON-GAN-WIN-24,phase_unavailable,gangneung,winter,abnormal,deep_day_partial_activation,1.00000000,anomaly,false,0.00000000,false,0.33333333,none
V08-CON-GAN-WIN-25,as_observed,gangneung,winter,abnormal,deep_day_full_activation,0.30763333,normal,false,0.00000000,false,0.66666667,none
V08-CON-GAN-WIN-25,load_unavailable,gangneung,winter,abnormal,deep_day_full_activation,0.21800000,normal,false,-0.08963333,false,0.33333333,none
V08-CON-GAN-WIN-25,weather_unavailable,gangneung,winter,abnormal,deep_day_full_activation,0.30763333,normal,false,0.00000000,false,0.33333333,none
V08-CON-GAN-WIN-25,phase_unavailable,gangneung,winter,abnormal,deep_day_full_activation,0.30763333,normal,false,0.00000000,false,0.66666667,none
V08-CON-GAN-WIN-26,as_observed,gangneung,winter,abnormal,deep_day_full_activation,0.69886667,anomaly,false,0.00000000,false,0.66666667,none
V08-CON-GAN-WIN-26,load_unavailable,gangneung,winter,abnormal,deep_day_full_activation,0.56080000,abstain,true,-0.13806667,true,0.33333333,none
V08-CON-GAN-WIN-26,weather_unavailable,gangneung,winter,abnormal,deep_day_full_activation,0.69886667,anomaly,false,0.00000000,false,0.33333333,none
V08-CON-GAN-WIN-26,phase_unavailable,gangneung,winter,abnormal,deep_day_full_activation,0.69886667,anomaly,false,0.00000000,false,0.66666667,none
V08-CON-GAN-WIN-27,as_observed,gangneung,winter,abnormal,phase_selective_activation,1.00000000,anomaly,false,0.00000000,false,0.66666667,none
V08-CON-GAN-WIN-27,load_unavailable,gangneung,winter,abnormal,phase_selective_activation,0.86800000,anomaly,false,-0.13200000,false,0.33333333,none
V08-CON-GAN-WIN-27,weather_unavailable,gangneung,winter,abnormal,phase_selective_activation,1.00000000,anomaly,false,0.00000000,false,0.33333333,none
V08-CON-GAN-WIN-27,phase_unavailable,gangneung,winter,abnormal,phase_selective_activation,1.00000000,anomaly,false,0.00000000,false,0.66666667,none
V08-CON-GAN-WIN-28,as_observed,gangneung,winter,abnormal,phase_selective_activation,0.51113333,abstain,true,0.00000000,false,0.66666667,none
V08-CON-GAN-WIN-28,load_unavailable,gangneung,winter,abnormal,phase_selective_activation,0.44000000,normal,false,-0.07113333,true,0.33333333,none
V08-CON-GAN-WIN-28,weather_unavailable,gangneung,winter,abnormal,phase_selective_activation,0.51113333,abstain,true,0.00000000,false,0.33333333,none
V08-CON-GAN-WIN-28,phase_unavailable,gangneung,winter,abnormal,phase_selective_activation,0.51113333,abstain,true,0.00000000,false,0.66666667,none
V08-CON-GAN-WIN-29,as_observed,gangneung,winter,abnormal,weak_long_duration_activation,0.89613333,anomaly,false,0.00000000,false,0.66666667,none
V08-CON-GAN-WIN-29,load_unavailable,gangneung,winter,abnormal,weak_long_duration_activation,0.77600000,anomaly,false,-0.12013333,false,0.33333333,none
V08-CON-GAN-WIN-29,weather_unavailable,gangneung,winter,abnormal,weak_long_duration_activation,0.89613333,anomaly,false,0.00000000,false,0.33333333,none
V08-CON-GAN-WIN-29,phase_unavailable,gangneung,winter,abnormal,weak_long_duration_activation,0.89613333,anomaly,false,0.00000000,false,0.66666667,none
V08-CON-GAN-WIN-30,as_observed,gangneung,winter,abnormal,weak_long_duration_activation,1.00000000,anomaly,false,0.00000000,false,0.66666667,none
V08-CON-GAN-WIN-30,load_unavailable,gangneung,winter,abnormal,weak_long_duration_activation,1.00000000,anomaly,false,0.00000000,false,0.33333333,none
V08-CON-GAN-WIN-30,weather_unavailable,gangneung,winter,abnormal,weak_long_duration_activation,1.00000000,anomaly,false,0.00000000,false,0.33333333,none
V08-CON-GAN-WIN-30,phase_unavailable,gangneung,winter,abnormal,weak_long_duration_activation,1.00000000,anomaly,false,0.00000000,false,0.66666667,none
V08-CON-GAN-WIN-31,as_observed,gangneung,winter,abnormal,moderate_load_mismatch,0.37546667,normal,false,0.00000000,false,0.66666667,none
V08-CON-GAN-WIN-31,load_unavailable,gangneung,winter,abnormal,moderate_load_mismatch,0.29200000,normal,false,-0.08346667,false,0.33333333,none
V08-CON-GAN-WIN-31,weather_unavailable,gangneung,winter,abnormal,moderate_load_mismatch,0.37546667,normal,false,0.00000000,false,0.33333333,none
V08-CON-GAN-WIN-31,phase_unavailable,gangneung,winter,abnormal,moderate_load_mismatch,0.37546667,normal,false,0.00000000,false,0.66666667,none
V08-CON-GAN-WIN-32,as_observed,gangneung,winter,abnormal,moderate_load_mismatch,0.89613333,anomaly,false,0.00000000,false,0.66666667,none
V08-CON-GAN-WIN-32,load_unavailable,gangneung,winter,abnormal,moderate_load_mismatch,0.77600000,anomaly,false,-0.12013333,false,0.33333333,none
V08-CON-GAN-WIN-32,weather_unavailable,gangneung,winter,abnormal,moderate_load_mismatch,0.89613333,anomaly,false,0.00000000,false,0.33333333,none
V08-CON-GAN-WIN-32,phase_unavailable,gangneung,winter,abnormal,moderate_load_mismatch,0.89613333,anomaly,false,0.00000000,false,0.66666667,none
V08-CON-GAN-WIN-33,as_observed,gangneung,winter,abnormal,partial_activation_long_persistence,1.00000000,anomaly,false,0.00000000,false,0.66666667,none
V08-CON-GAN-WIN-33,load_unavailable,gangneung,winter,abnormal,partial_activation_long_persistence,1.00000000,anomaly,false,0.00000000,false,0.33333333,none
V08-CON-GAN-WIN-33,weather_unavailable,gangneung,winter,abnormal,partial_activation_long_persistence,1.00000000,anomaly,false,0.00000000,false,0.33333333,none
V08-CON-GAN-WIN-33,phase_unavailable,gangneung,winter,abnormal,partial_activation_long_persistence,1.00000000,anomaly,false,0.00000000,false,0.66666667,none
V08-CON-GAN-WIN-34,as_observed,gangneung,winter,abnormal,partial_activation_long_persistence,0.64680000,anomaly,false,0.00000000,false,0.66666667,none
V08-CON-GAN-WIN-34,load_unavailable,gangneung,winter,abnormal,partial_activation_long_persistence,0.58800000,abstain,true,-0.05880000,true,0.33333333,none
V08-CON-GAN-WIN-34,weather_unavailable,gangneung,winter,abnormal,partial_activation_long_persistence,0.64680000,anomaly,false,0.00000000,false,0.33333333,none
V08-CON-GAN-WIN-34,phase_unavailable,gangneung,winter,abnormal,partial_activation_long_persistence,0.64680000,anomaly,false,0.00000000,false,0.66666667,none
V08-CON-GAN-WIN-35,as_observed,gangneung,winter,abnormal,phase_anomaly_moderate_activation,0.69886667,anomaly,false,0.00000000,false,0.66666667,none
V08-CON-GAN-WIN-35,load_unavailable,gangneung,winter,abnormal,phase_anomaly_moderate_activation,0.56080000,abstain,true,-0.13806667,true,0.33333333,none
V08-CON-GAN-WIN-35,weather_unavailable,gangneung,winter,abnormal,phase_anomaly_moderate_activation,0.69886667,anomaly,false,0.00000000,false,0.33333333,none
V08-CON-GAN-WIN-35,phase_unavailable,gangneung,winter,abnormal,phase_anomaly_moderate_activation,0.69886667,anomaly,false,0.00000000,false,0.66666667,none
V08-CON-GAN-WIN-36,as_observed,gangneung,winter,abnormal,phase_anomaly_moderate_activation,1.00000000,anomaly,false,0.00000000,false,0.66666667,none
V08-CON-GAN-WIN-36,load_unavailable,gangneung,winter,abnormal,phase_anomaly_moderate_activation,1.00000000,anomaly,false,0.00000000,false,0.66666667,none
V08-CON-GAN-WIN-36,weather_unavailable,gangneung,winter,abnormal,phase_anomaly_moderate_activation,1.00000000,anomaly,false,0.00000000,false,0.33333333,none
V08-CON-GAN-WIN-36,phase_unavailable,gangneung,winter,abnormal,phase_anomaly_moderate_activation,1.00000000,anomaly,false,0.00000000,false,0.33333333,none
V08-CON-GAN-SPR-01,as_observed,gangneung,spring,normal,normal_full_operation,0.27333333,normal,false,0.00000000,false,0.66666667,none
V08-CON-GAN-SPR-01,load_unavailable,gangneung,spring,normal,normal_full_operation,0.28526667,normal,false,0.01193333,false,0.33333333,none
V08-CON-GAN-SPR-01,weather_unavailable,gangneung,spring,normal,normal_full_operation,0.27333333,normal,false,0.00000000,false,0.66666667,none
V08-CON-GAN-SPR-01,phase_unavailable,gangneung,spring,normal,normal_full_operation,0.30066667,normal,false,0.02733333,false,0.33333333,none
V08-CON-GAN-SPR-02,as_observed,gangneung,spring,normal,normal_full_operation,0.31566667,normal,false,0.00000000,false,0.66666667,none
V08-CON-GAN-SPR-02,load_unavailable,gangneung,spring,normal,normal_full_operation,0.34723333,normal,false,0.03156667,false,0.33333333,none
V08-CON-GAN-SPR-02,weather_unavailable,gangneung,spring,normal,normal_full_operation,0.31566667,normal,false,0.00000000,false,0.66666667,none
V08-CON-GAN-SPR-02,phase_unavailable,gangneung,spring,normal,normal_full_operation,0.33733333,normal,false,0.02166667,false,0.33333333,none
V08-CON-GAN-SPR-03,as_observed,gangneung,spring,normal,normal_full_operation,0.35400000,normal,false,0.00000000,false,0.66666667,none
V08-CON-GAN-SPR-03,load_unavailable,gangneung,spring,normal,normal_full_operation,0.37400000,normal,false,0.02000000,false,0.33333333,none
V08-CON-GAN-SPR-03,weather_unavailable,gangneung,spring,normal,normal_full_operation,0.35400000,normal,false,0.00000000,false,0.66666667,none
V08-CON-GAN-SPR-03,phase_unavailable,gangneung,spring,normal,normal_full_operation,0.36960000,normal,false,0.01560000,false,0.33333333,none
V08-CON-GAN-SPR-04,as_observed,gangneung,spring,normal,twilight_boundary_operation,0.05166667,normal,false,0.00000000,false,0.66666667,none
V08-CON-GAN-SPR-04,load_unavailable,gangneung,spring,normal,twilight_boundary_operation,0.06143333,normal,false,0.00976667,false,0.33333333,none
V08-CON-GAN-SPR-04,weather_unavailable,gangneung,spring,normal,twilight_boundary_operation,0.05166667,normal,false,0.00000000,false,0.66666667,none
V08-CON-GAN-SPR-04,phase_unavailable,gangneung,spring,normal,twilight_boundary_operation,0.07683333,normal,false,0.02516667,false,0.33333333,none
V08-CON-GAN-SPR-05,as_observed,gangneung,spring,normal,twilight_boundary_operation,0.18033333,normal,false,0.00000000,false,0.66666667,none
V08-CON-GAN-SPR-05,load_unavailable,gangneung,spring,normal,twilight_boundary_operation,0.21836667,normal,false,0.03803333,false,0.33333333,none
V08-CON-GAN-SPR-05,weather_unavailable,gangneung,spring,normal,twilight_boundary_operation,0.18033333,normal,false,0.00000000,false,0.66666667,none
V08-CON-GAN-SPR-05,phase_unavailable,gangneung,spring,normal,twilight_boundary_operation,0.20846667,normal,false,0.02813333,false,0.33333333,none
V08-CON-GAN-SPR-06,as_observed,gangneung,spring,normal,twilight_boundary_operation,0.43866667,normal,false,0.00000000,false,0.66666667,none
V08-CON-GAN-SPR-06,load_unavailable,gangneung,spring,normal,twilight_boundary_operation,0.48713333,normal,false,0.04846667,false,0.33333333,none
V08-CON-GAN-SPR-06,weather_unavailable,gangneung,spring,normal,twilight_boundary_operation,0.43866667,normal,false,0.00000000,false,0.66666667,none
V08-CON-GAN-SPR-06,phase_unavailable,gangneung,spring,normal,twilight_boundary_operation,0.48273333,normal,false,0.04406667,false,0.33333333,none
V08-CON-GAN-SPR-07,as_observed,gangneung,spring,normal,short_transient_spike,0.00966667,normal,false,0.00000000,false,0.66666667,none
V08-CON-GAN-SPR-07,load_unavailable,gangneung,spring,normal,short_transient_spike,0.01523333,normal,false,0.00556667,false,0.33333333,none
V08-CON-GAN-SPR-07,weather_unavailable,gangneung,spring,normal,short_transient_spike,0.00966667,normal,false,0.00000000,false,0.66666667,none
V08-CON-GAN-SPR-07,phase_unavailable,gangneung,spring,normal,short_transient_spike,0.03063333,normal,false,0.02096667,false,0.33333333,none
V08-CON-GAN-SPR-08,as_observed,gangneung,spring,normal,short_transient_spike,0.00000000,normal,false,0.00000000,false,0.66666667,none
V08-CON-GAN-SPR-08,load_unavailable,gangneung,spring,normal,short_transient_spike,0.00000000,normal,false,0.00000000,false,0.33333333,none
V08-CON-GAN-SPR-08,weather_unavailable,gangneung,spring,normal,short_transient_spike,0.00000000,normal,false,0.00000000,false,0.66666667,none
V08-CON-GAN-SPR-08,phase_unavailable,gangneung,spring,normal,short_transient_spike,0.00000000,normal,false,0.00000000,false,0.33333333,none
V08-CON-GAN-SPR-09,as_observed,gangneung,spring,normal,short_transient_spike,0.00000000,normal,false,0.00000000,false,0.66666667,none
V08-CON-GAN-SPR-09,load_unavailable,gangneung,spring,normal,short_transient_spike,0.00000000,normal,false,0.00000000,false,0.33333333,none
V08-CON-GAN-SPR-09,weather_unavailable,gangneung,spring,normal,short_transient_spike,0.00000000,normal,false,0.00000000,false,0.33333333,none
V08-CON-GAN-SPR-09,phase_unavailable,gangneung,spring,normal,short_transient_spike,0.00000000,normal,false,0.00000000,false,0.66666667,none
V08-CON-GAN-SPR-10,as_observed,gangneung,spring,normal,allowed_partial_operation,0.24073333,normal,false,0.00000000,false,0.66666667,none
V08-CON-GAN-SPR-10,load_unavailable,gangneung,spring,normal,allowed_partial_operation,0.26400000,normal,false,0.02326667,false,0.33333333,none
V08-CON-GAN-SPR-10,weather_unavailable,gangneung,spring,normal,allowed_partial_operation,0.24073333,normal,false,0.00000000,false,0.33333333,none
V08-CON-GAN-SPR-10,phase_unavailable,gangneung,spring,normal,allowed_partial_operation,0.24073333,normal,false,0.00000000,false,0.66666667,none
V08-CON-GAN-SPR-11,as_observed,gangneung,spring,normal,allowed_partial_operation,0.01486667,normal,false,0.00000000,false,0.66666667,none
V08-CON-GAN-SPR-11,load_unavailable,gangneung,spring,normal,allowed_partial_operation,0.03440000,normal,false,0.01953333,false,0.33333333,none
V08-CON-GAN-SPR-11,weather_unavailable,gangneung,spring,normal,allowed_partial_operation,0.01486667,normal,false,0.00000000,false,0.33333333,none
V08-CON-GAN-SPR-11,phase_unavailable,gangneung,spring,normal,allowed_partial_operation,0.01486667,normal,false,0.00000000,false,0.66666667,none
V08-CON-GAN-SPR-12,as_observed,gangneung,spring,normal,allowed_partial_operation,0.06473333,normal,false,0.00000000,false,0.66666667,none
V08-CON-GAN-SPR-12,load_unavailable,gangneung,spring,normal,allowed_partial_operation,0.07200000,normal,false,0.00726667,false,0.33333333,none
V08-CON-GAN-SPR-12,weather_unavailable,gangneung,spring,normal,allowed_partial_operation,0.06473333,normal,false,0.00000000,false,0.33333333,none
V08-CON-GAN-SPR-12,phase_unavailable,gangneung,spring,normal,allowed_partial_operation,0.06473333,normal,false,0.00000000,false,0.66666667,none
V08-CON-GAN-SPR-13,as_observed,gangneung,spring,normal,temporary_load_fluctuation,0.03063333,normal,false,0.00000000,false,0.66666667,none
V08-CON-GAN-SPR-13,load_unavailable,gangneung,spring,normal,temporary_load_fluctuation,0.03480000,normal,false,0.00416667,false,0.33333333,none
V08-CON-GAN-SPR-13,weather_unavailable,gangneung,spring,normal,temporary_load_fluctuation,0.03063333,normal,false,0.00000000,false,0.33333333,none
V08-CON-GAN-SPR-13,phase_unavailable,gangneung,spring,normal,temporary_load_fluctuation,0.03063333,normal,false,0.00000000,false,0.66666667,none
V08-CON-GAN-SPR-14,as_observed,gangneung,spring,normal,temporary_load_fluctuation,0.01486667,normal,false,0.00000000,false,0.66666667,none
V08-CON-GAN-SPR-14,load_unavailable,gangneung,spring,normal,temporary_load_fluctuation,0.03440000,normal,false,0.01953333,false,0.33333333,none
V08-CON-GAN-SPR-14,weather_unavailable,gangneung,spring,normal,temporary_load_fluctuation,0.01486667,normal,false,0.00000000,false,0.33333333,none
V08-CON-GAN-SPR-14,phase_unavailable,gangneung,spring,normal,temporary_load_fluctuation,0.01486667,normal,false,0.00000000,false,0.66666667,none
V08-CON-GAN-SPR-15,as_observed,gangneung,spring,normal,feature_missing_normal,0.15986667,normal,false,0.00000000,false,0.33333333,none
V08-CON-GAN-SPR-15,load_unavailable,gangneung,spring,normal,feature_missing_normal,0.15760000,normal,false,-0.00226667,false,0.00000000,none
V08-CON-GAN-SPR-15,weather_unavailable,gangneung,spring,normal,feature_missing_normal,0.15986667,normal,false,0.00000000,false,0.33333333,none
V08-CON-GAN-SPR-15,phase_unavailable,gangneung,spring,normal,feature_missing_normal,0.15986667,normal,false,0.00000000,false,0.33333333,none
V08-CON-GAN-SPR-16,as_observed,gangneung,spring,normal,feature_missing_normal,0.20433333,normal,false,0.00000000,false,0.66666667,none
V08-CON-GAN-SPR-16,load_unavailable,gangneung,spring,normal,feature_missing_normal,0.22476667,normal,false,0.02043333,false,0.33333333,none
V08-CON-GAN-SPR-16,weather_unavailable,gangneung,spring,normal,feature_missing_normal,0.20433333,normal,false,0.00000000,false,0.66666667,none
V08-CON-GAN-SPR-16,phase_unavailable,gangneung,spring,normal,feature_missing_normal,0.21486667,normal,false,0.01053333,false,0.33333333,none
V08-CON-GAN-SPR-17,as_observed,gangneung,spring,normal,high_cloud_or_rainfall_hard_negative,0.64846667,anomaly,false,0.00000000,false,0.66666667,none
V08-CON-GAN-SPR-17,load_unavailable,gangneung,spring,normal,high_cloud_or_rainfall_hard_negative,0.72560000,anomaly,false,0.07713333,false,0.33333333,none
V08-CON-GAN-SPR-17,weather_unavailable,gangneung,spring,normal,high_cloud_or_rainfall_hard_negative,0.64846667,anomaly,false,0.00000000,false,0.33333333,none
V08-CON-GAN-SPR-17,phase_unavailable,gangneung,spring,normal,high_cloud_or_rainfall_hard_negative,0.64846667,anomaly,false,0.00000000,false,0.66666667,none
V08-CON-GAN-SPR-18,as_observed,gangneung,spring,normal,high_cloud_or_rainfall_hard_negative,1.00000000,anomaly,false,0.00000000,false,0.66666667,none
V08-CON-GAN-SPR-18,load_unavailable,gangneung,spring,normal,high_cloud_or_rainfall_hard_negative,1.00000000,anomaly,false,0.00000000,false,0.33333333,none
V08-CON-GAN-SPR-18,weather_unavailable,gangneung,spring,normal,high_cloud_or_rainfall_hard_negative,1.00000000,anomaly,false,0.00000000,false,0.33333333,none
V08-CON-GAN-SPR-18,phase_unavailable,gangneung,spring,normal,high_cloud_or_rainfall_hard_negative,1.00000000,anomaly,false,0.00000000,false,0.66666667,none
V08-CON-GAN-SPR-19,as_observed,gangneung,spring,abnormal,post_sunrise_persistent_activation,0.51113333,abstain,true,0.00000000,false,0.66666667,none
V08-CON-GAN-SPR-19,load_unavailable,gangneung,spring,abnormal,post_sunrise_persistent_activation,0.44000000,normal,false,-0.07113333,true,0.33333333,none
V08-CON-GAN-SPR-19,weather_unavailable,gangneung,spring,abnormal,post_sunrise_persistent_activation,0.51113333,abstain,true,0.00000000,false,0.33333333,none
V08-CON-GAN-SPR-19,phase_unavailable,gangneung,spring,abnormal,post_sunrise_persistent_activation,0.51113333,abstain,true,0.00000000,false,0.66666667,none
V08-CON-GAN-SPR-20,as_observed,gangneung,spring,abnormal,post_sunrise_persistent_activation,1.00000000,anomaly,false,0.00000000,false,0.66666667,none
V08-CON-GAN-SPR-20,load_unavailable,gangneung,spring,abnormal,post_sunrise_persistent_activation,1.00000000,anomaly,false,0.00000000,false,0.66666667,none
V08-CON-GAN-SPR-20,weather_unavailable,gangneung,spring,abnormal,post_sunrise_persistent_activation,1.00000000,anomaly,false,0.00000000,false,0.33333333,none
V08-CON-GAN-SPR-20,phase_unavailable,gangneung,spring,abnormal,post_sunrise_persistent_activation,0.99120000,anomaly,false,-0.00880000,false,0.33333333,none
V08-CON-GAN-SPR-21,as_observed,gangneung,spring,abnormal,post_sunrise_persistent_activation,1.00000000,anomaly,false,0.00000000,false,0.66666667,none
V08-CON-GAN-SPR-21,load_unavailable,gangneung,spring,abnormal,post_sunrise_persistent_activation,1.00000000,anomaly,false,0.00000000,false,0.66666667,none
V08-CON-GAN-SPR-21,weather_unavailable,gangneung,spring,abnormal,post_sunrise_persistent_activation,1.00000000,anomaly,false,0.00000000,false,0.33333333,none
V08-CON-GAN-SPR-21,phase_unavailable,gangneung,spring,abnormal,post_sunrise_persistent_activation,1.00000000,anomaly,false,0.00000000,false,0.33333333,none
V08-CON-GAN-SPR-22,as_observed,gangneung,spring,abnormal,deep_day_partial_activation,0.46933333,normal,false,0.00000000,false,0.66666667,none
V08-CON-GAN-SPR-22,load_unavailable,gangneung,spring,abnormal,deep_day_partial_activation,0.46933333,normal,false,0.00000000,false,0.66666667,none
V08-CON-GAN-SPR-22,weather_unavailable,gangneung,spring,abnormal,deep_day_partial_activation,0.46933333,normal,false,0.00000000,false,0.33333333,none
V08-CON-GAN-SPR-22,phase_unavailable,gangneung,spring,abnormal,deep_day_partial_activation,0.44000000,normal,false,-0.02933333,false,0.33333333,none
V08-CON-GAN-SPR-23,as_observed,gangneung,spring,abnormal,deep_day_partial_activation,0.66256667,anomaly,false,0.00000000,false,0.66666667,none
V08-CON-GAN-SPR-23,load_unavailable,gangneung,spring,abnormal,deep_day_partial_activation,0.66256667,anomaly,false,0.00000000,false,0.66666667,none
V08-CON-GAN-SPR-23,weather_unavailable,gangneung,spring,abnormal,deep_day_partial_activation,0.66256667,anomaly,false,0.00000000,false,0.33333333,none
V08-CON-GAN-SPR-23,phase_unavailable,gangneung,spring,abnormal,deep_day_partial_activation,0.56080000,abstain,true,-0.10176667,true,0.33333333,none
V08-CON-GAN-SPR-24,as_observed,gangneung,spring,abnormal,deep_day_partial_activation,1.00000000,anomaly,false,0.00000000,false,0.66666667,none
V08-CON-GAN-SPR-24,load_unavailable,gangneung,spring,abnormal,deep_day_partial_activation,1.00000000,anomaly,false,0.00000000,false,0.66666667,none
V08-CON-GAN-SPR-24,weather_unavailable,gangneung,spring,abnormal,deep_day_partial_activation,1.00000000,anomaly,false,0.00000000,false,0.33333333,none
V08-CON-GAN-SPR-24,phase_unavailable,gangneung,spring,abnormal,deep_day_partial_activation,1.00000000,anomaly,false,0.00000000,false,0.33333333,none
V08-CON-GAN-SPR-25,as_observed,gangneung,spring,abnormal,deep_day_full_activation,0.26583333,normal,false,0.00000000,false,0.66666667,none
V08-CON-GAN-SPR-25,load_unavailable,gangneung,spring,abnormal,deep_day_full_activation,0.26583333,normal,false,0.00000000,false,0.66666667,none
V08-CON-GAN-SPR-25,weather_unavailable,gangneung,spring,abnormal,deep_day_full_activation,0.26583333,normal,false,0.00000000,false,0.33333333,none
V08-CON-GAN-SPR-25,phase_unavailable,gangneung,spring,abnormal,deep_day_full_activation,0.21800000,normal,false,-0.04783333,false,0.33333333,none
V08-CON-GAN-SPR-26,as_observed,gangneung,spring,abnormal,deep_day_full_activation,0.66256667,anomaly,false,0.00000000,false,0.66666667,none
V08-CON-GAN-SPR-26,load_unavailable,gangneung,spring,abnormal,deep_day_full_activation,0.66256667,anomaly,false,0.00000000,false,0.66666667,none
V08-CON-GAN-SPR-26,weather_unavailable,gangneung,spring,abnormal,deep_day_full_activation,0.66256667,anomaly,false,0.00000000,false,0.33333333,none
V08-CON-GAN-SPR-26,phase_unavailable,gangneung,spring,abnormal,deep_day_full_activation,0.56080000,abstain,true,-0.10176667,true,0.33333333,none
V08-CON-GAN-SPR-27,as_observed,gangneung,spring,abnormal,phase_selective_activation,1.00000000,anomaly,false,0.00000000,false,0.66666667,none
V08-CON-GAN-SPR-27,load_unavailable,gangneung,spring,abnormal,phase_selective_activation,1.00000000,anomaly,false,0.00000000,false,0.66666667,none
V08-CON-GAN-SPR-27,weather_unavailable,gangneung,spring,abnormal,phase_selective_activation,1.00000000,anomaly,false,0.00000000,false,0.33333333,none
V08-CON-GAN-SPR-27,phase_unavailable,gangneung,spring,abnormal,phase_selective_activation,0.86800000,anomaly,false,-0.13200000,false,0.33333333,none
V08-CON-GAN-SPR-28,as_observed,gangneung,spring,abnormal,phase_selective_activation,0.46933333,normal,false,0.00000000,false,0.66666667,none
V08-CON-GAN-SPR-28,load_unavailable,gangneung,spring,abnormal,phase_selective_activation,0.46933333,normal,false,0.00000000,false,0.66666667,none
V08-CON-GAN-SPR-28,weather_unavailable,gangneung,spring,abnormal,phase_selective_activation,0.46933333,normal,false,0.00000000,false,0.33333333,none
V08-CON-GAN-SPR-28,phase_unavailable,gangneung,spring,abnormal,phase_selective_activation,0.44000000,normal,false,-0.02933333,false,0.33333333,none
V08-CON-GAN-SPR-29,as_observed,gangneung,spring,abnormal,weak_long_duration_activation,0.85983333,anomaly,false,0.00000000,false,0.66666667,none
V08-CON-GAN-SPR-29,load_unavailable,gangneung,spring,abnormal,weak_long_duration_activation,0.85983333,anomaly,false,0.00000000,false,0.66666667,none
V08-CON-GAN-SPR-29,weather_unavailable,gangneung,spring,abnormal,weak_long_duration_activation,0.85983333,anomaly,false,0.00000000,false,0.33333333,none
V08-CON-GAN-SPR-29,phase_unavailable,gangneung,spring,abnormal,weak_long_duration_activation,0.77600000,anomaly,false,-0.08383333,false,0.33333333,none
V08-CON-GAN-SPR-30,as_observed,gangneung,spring,abnormal,weak_long_duration_activation,1.00000000,anomaly,false,0.00000000,false,0.66666667,none
V08-CON-GAN-SPR-30,load_unavailable,gangneung,spring,abnormal,weak_long_duration_activation,1.00000000,anomaly,false,0.00000000,false,0.66666667,none
V08-CON-GAN-SPR-30,weather_unavailable,gangneung,spring,abnormal,weak_long_duration_activation,1.00000000,anomaly,false,0.00000000,false,0.33333333,none
V08-CON-GAN-SPR-30,phase_unavailable,gangneung,spring,abnormal,weak_long_duration_activation,1.00000000,anomaly,false,0.00000000,false,0.33333333,none
V08-CON-GAN-SPR-31,as_observed,gangneung,spring,abnormal,moderate_load_mismatch,0.40133333,normal,false,0.00000000,false,1.00000000,none
V08-CON-GAN-SPR-31,load_unavailable,gangneung,spring,abnormal,moderate_load_mismatch,0.33366667,normal,false,-0.06766667,false,0.66666667,none
V08-CON-GAN-SPR-31,weather_unavailable,gangneung,spring,abnormal,moderate_load_mismatch,0.40133333,normal,false,0.00000000,false,0.66666667,none
V08-CON-GAN-SPR-31,phase_unavailable,gangneung,spring,abnormal,moderate_load_mismatch,0.37546667,normal,false,-0.02586667,false,0.66666667,none
V08-CON-GAN-SPR-32,as_observed,gangneung,spring,abnormal,moderate_load_mismatch,0.94966667,anomaly,false,0.00000000,false,1.00000000,none
V08-CON-GAN-SPR-32,load_unavailable,gangneung,spring,abnormal,moderate_load_mismatch,0.85983333,anomaly,false,-0.08983333,false,0.66666667,none
V08-CON-GAN-SPR-32,weather_unavailable,gangneung,spring,abnormal,moderate_load_mismatch,0.94966667,anomaly,false,0.00000000,false,0.66666667,none
V08-CON-GAN-SPR-32,phase_unavailable,gangneung,spring,abnormal,moderate_load_mismatch,0.89613333,anomaly,false,-0.05353333,false,0.66666667,none
V08-CON-GAN-SPR-33,as_observed,gangneung,spring,abnormal,partial_activation_long_persistence,1.00000000,anomaly,false,0.00000000,false,1.00000000,none
V08-CON-GAN-SPR-33,load_unavailable,gangneung,spring,abnormal,partial_activation_long_persistence,1.00000000,anomaly,false,0.00000000,false,0.66666667,none
V08-CON-GAN-SPR-33,weather_unavailable,gangneung,spring,abnormal,partial_activation_long_persistence,1.00000000,anomaly,false,0.00000000,false,0.66666667,none
V08-CON-GAN-SPR-33,phase_unavailable,gangneung,spring,abnormal,partial_activation_long_persistence,1.00000000,anomaly,false,0.00000000,false,0.66666667,none
V08-CON-GAN-SPR-34,as_observed,gangneung,spring,abnormal,partial_activation_long_persistence,0.64800000,anomaly,false,0.00000000,false,1.00000000,none
V08-CON-GAN-SPR-34,load_unavailable,gangneung,spring,abnormal,partial_activation_long_persistence,0.60500000,anomaly,false,-0.04300000,false,0.66666667,none
V08-CON-GAN-SPR-34,weather_unavailable,gangneung,spring,abnormal,partial_activation_long_persistence,0.64800000,anomaly,false,0.00000000,false,0.66666667,none
V08-CON-GAN-SPR-34,phase_unavailable,gangneung,spring,abnormal,partial_activation_long_persistence,0.64680000,anomaly,false,-0.00120000,false,0.66666667,none
V08-CON-GAN-SPR-35,as_observed,gangneung,spring,abnormal,phase_anomaly_moderate_activation,0.77033333,anomaly,false,0.00000000,false,1.00000000,none
V08-CON-GAN-SPR-35,load_unavailable,gangneung,spring,abnormal,phase_anomaly_moderate_activation,0.66256667,anomaly,false,-0.10776667,false,0.66666667,none
V08-CON-GAN-SPR-35,weather_unavailable,gangneung,spring,abnormal,phase_anomaly_moderate_activation,0.77033333,anomaly,false,0.00000000,false,0.66666667,none
V08-CON-GAN-SPR-35,phase_unavailable,gangneung,spring,abnormal,phase_anomaly_moderate_activation,0.69886667,anomaly,false,-0.07146667,false,0.66666667,none
V08-CON-GAN-SPR-36,as_observed,gangneung,spring,abnormal,phase_anomaly_moderate_activation,1.00000000,anomaly,false,0.00000000,false,1.00000000,none
V08-CON-GAN-SPR-36,load_unavailable,gangneung,spring,abnormal,phase_anomaly_moderate_activation,1.00000000,anomaly,false,0.00000000,false,0.66666667,none
V08-CON-GAN-SPR-36,weather_unavailable,gangneung,spring,abnormal,phase_anomaly_moderate_activation,1.00000000,anomaly,false,0.00000000,false,0.66666667,none
V08-CON-GAN-SPR-36,phase_unavailable,gangneung,spring,abnormal,phase_anomaly_moderate_activation,1.00000000,anomaly,false,0.00000000,false,0.66666667,none
V08-CON-GAN-SUM-01,as_observed,gangneung,summer,normal,normal_full_operation,0.30066667,normal,false,0.00000000,false,0.66666667,none
V08-CON-GAN-SUM-01,load_unavailable,gangneung,summer,normal,normal_full_operation,0.31120000,normal,false,0.01053333,false,0.33333333,none
V08-CON-GAN-SUM-01,weather_unavailable,gangneung,summer,normal,normal_full_operation,0.30066667,normal,false,0.00000000,false,0.33333333,none
V08-CON-GAN-SUM-01,phase_unavailable,gangneung,summer,normal,normal_full_operation,0.30066667,normal,false,0.00000000,false,0.66666667,none
V08-CON-GAN-SUM-02,as_observed,gangneung,summer,normal,normal_full_operation,0.33733333,normal,false,0.00000000,false,0.66666667,none
V08-CON-GAN-SUM-02,load_unavailable,gangneung,summer,normal,normal_full_operation,0.36800000,normal,false,0.03066667,false,0.33333333,none
V08-CON-GAN-SUM-02,weather_unavailable,gangneung,summer,normal,normal_full_operation,0.33733333,normal,false,0.00000000,false,0.33333333,none
V08-CON-GAN-SUM-02,phase_unavailable,gangneung,summer,normal,normal_full_operation,0.33733333,normal,false,0.00000000,false,0.66666667,none
V08-CON-GAN-SUM-03,as_observed,gangneung,summer,normal,normal_full_operation,0.36960000,normal,false,0.00000000,false,0.66666667,none
V08-CON-GAN-SUM-03,load_unavailable,gangneung,summer,normal,normal_full_operation,0.38640000,normal,false,0.01680000,false,0.33333333,none
V08-CON-GAN-SUM-03,weather_unavailable,gangneung,summer,normal,normal_full_operation,0.36960000,normal,false,0.00000000,false,0.33333333,none
V08-CON-GAN-SUM-03,phase_unavailable,gangneung,summer,normal,normal_full_operation,0.36960000,normal,false,0.00000000,false,0.66666667,none
V08-CON-GAN-SUM-04,as_observed,gangneung,summer,normal,twilight_boundary_operation,0.06143333,normal,false,0.00000000,false,0.66666667,none
V08-CON-GAN-SUM-04,load_unavailable,gangneung,summer,normal,twilight_boundary_operation,0.06143333,normal,false,0.00000000,false,0.66666667,none
V08-CON-GAN-SUM-04,weather_unavailable,gangneung,summer,normal,twilight_boundary_operation,0.06143333,normal,false,0.00000000,false,0.33333333,none
V08-CON-GAN-SUM-04,phase_unavailable,gangneung,summer,normal,twilight_boundary_operation,0.08520000,normal,false,0.02376667,false,0.33333333,none
V08-CON-GAN-SUM-05,as_observed,gangneung,summer,normal,twilight_boundary_operation,0.21836667,normal,false,0.00000000,false,0.66666667,none
V08-CON-GAN-SUM-05,load_unavailable,gangneung,summer,normal,twilight_boundary_operation,0.21836667,normal,false,0.00000000,false,0.66666667,none
V08-CON-GAN-SUM-05,weather_unavailable,gangneung,summer,normal,twilight_boundary_operation,0.21836667,normal,false,0.00000000,false,0.33333333,none
V08-CON-GAN-SUM-05,phase_unavailable,gangneung,summer,normal,twilight_boundary_operation,0.24560000,normal,false,0.02723333,false,0.33333333,none
V08-CON-GAN-SUM-06,as_observed,gangneung,summer,normal,twilight_boundary_operation,0.48713333,normal,false,0.00000000,false,0.66666667,none
V08-CON-GAN-SUM-06,load_unavailable,gangneung,summer,normal,twilight_boundary_operation,0.48713333,normal,false,0.00000000,false,0.66666667,none
V08-CON-GAN-SUM-06,weather_unavailable,gangneung,summer,normal,twilight_boundary_operation,0.48713333,normal,false,0.00000000,false,0.33333333,none
V08-CON-GAN-SUM-06,phase_unavailable,gangneung,summer,normal,twilight_boundary_operation,0.52800000,abstain,true,0.04086667,true,0.33333333,none
V08-CON-GAN-SUM-07,as_observed,gangneung,summer,normal,short_transient_spike,0.01523333,normal,false,0.00000000,false,0.66666667,none
V08-CON-GAN-SUM-07,load_unavailable,gangneung,summer,normal,short_transient_spike,0.01523333,normal,false,0.00000000,false,0.66666667,none
V08-CON-GAN-SUM-07,weather_unavailable,gangneung,summer,normal,short_transient_spike,0.01523333,normal,false,0.00000000,false,0.33333333,none
V08-CON-GAN-SUM-07,phase_unavailable,gangneung,summer,normal,short_transient_spike,0.03480000,normal,false,0.01956667,false,0.33333333,none
V08-CON-GAN-SUM-08,as_observed,gangneung,summer,normal,short_transient_spike,0.00000000,normal,false,0.00000000,false,0.66666667,none
V08-CON-GAN-SUM-08,load_unavailable,gangneung,summer,normal,short_transient_spike,0.00000000,normal,false,0.00000000,false,0.33333333,none
V08-CON-GAN-SUM-08,weather_unavailable,gangneung,summer,normal,short_transient_spike,0.00000000,normal,false,0.00000000,false,0.33333333,none
V08-CON-GAN-SUM-08,phase_unavailable,gangneung,summer,normal,short_transient_spike,0.00000000,normal,false,0.00000000,false,0.66666667,none
V08-CON-GAN-SUM-09,as_observed,gangneung,summer,normal,short_transient_spike,0.03063333,normal,false,0.00000000,false,0.66666667,none
V08-CON-GAN-SUM-09,load_unavailable,gangneung,summer,normal,short_transient_spike,0.03480000,normal,false,0.00416667,false,0.33333333,none
V08-CON-GAN-SUM-09,weather_unavailable,gangneung,summer,normal,short_transient_spike,0.03063333,normal,false,0.00000000,false,0.33333333,none
V08-CON-GAN-SUM-09,phase_unavailable,gangneung,summer,normal,short_transient_spike,0.03063333,normal,false,0.00000000,false,0.66666667,none
V08-CON-GAN-SUM-10,as_observed,gangneung,summer,normal,allowed_partial_operation,0.22533333,normal,false,0.00000000,false,0.66666667,none
V08-CON-GAN-SUM-10,load_unavailable,gangneung,summer,normal,allowed_partial_operation,0.22533333,normal,false,0.00000000,false,0.66666667,none
V08-CON-GAN-SUM-10,weather_unavailable,gangneung,summer,normal,allowed_partial_operation,0.22533333,normal,false,0.00000000,false,0.33333333,none
V08-CON-GAN-SUM-10,phase_unavailable,gangneung,summer,normal,allowed_partial_operation,0.26400000,normal,false,0.03866667,false,0.33333333,none
V08-CON-GAN-SUM-11,as_observed,gangneung,summer,normal,allowed_partial_operation,0.02476667,normal,false,0.00000000,false,0.66666667,none
V08-CON-GAN-SUM-11,load_unavailable,gangneung,summer,normal,allowed_partial_operation,0.02476667,normal,false,0.00000000,false,0.66666667,none
V08-CON-GAN-SUM-11,weather_unavailable,gangneung,summer,normal,allowed_partial_operation,0.02476667,normal,false,0.00000000,false,0.33333333,none
V08-CON-GAN-SUM-11,phase_unavailable,gangneung,summer,normal,allowed_partial_operation,0.03440000,normal,false,0.00963333,false,0.33333333,none
V08-CON-GAN-SUM-12,as_observed,gangneung,summer,normal,allowed_partial_operation,0.08526667,normal,false,0.00000000,false,0.66666667,none
V08-CON-GAN-SUM-12,load_unavailable,gangneung,summer,normal,allowed_partial_operation,0.08526667,normal,false,0.00000000,false,0.66666667,none
V08-CON-GAN-SUM-12,weather_unavailable,gangneung,summer,normal,allowed_partial_operation,0.08526667,normal,false,0.00000000,false,0.33333333,none
V08-CON-GAN-SUM-12,phase_unavailable,gangneung,summer,normal,allowed_partial_operation,0.11120000,normal,false,0.02593333,false,0.33333333,none
V08-CON-GAN-SUM-13,as_observed,gangneung,summer,normal,temporary_load_fluctuation,0.01523333,normal,false,0.00000000,false,0.66666667,none
V08-CON-GAN-SUM-13,load_unavailable,gangneung,summer,normal,temporary_load_fluctuation,0.01523333,normal,false,0.00000000,false,0.66666667,none
V08-CON-GAN-SUM-13,weather_unavailable,gangneung,summer,normal,temporary_load_fluctuation,0.01523333,normal,false,0.00000000,false,0.33333333,none
V08-CON-GAN-SUM-13,phase_unavailable,gangneung,summer,normal,temporary_load_fluctuation,0.03480000,normal,false,0.01956667,false,0.33333333,none
V08-CON-GAN-SUM-14,as_observed,gangneung,summer,normal,temporary_load_fluctuation,0.02476667,normal,false,0.00000000,false,0.66666667,none
V08-CON-GAN-SUM-14,load_unavailable,gangneung,summer,normal,temporary_load_fluctuation,0.02476667,normal,false,0.00000000,false,0.66666667,none
V08-CON-GAN-SUM-14,weather_unavailable,gangneung,summer,normal,temporary_load_fluctuation,0.02476667,normal,false,0.00000000,false,0.33333333,none
V08-CON-GAN-SUM-14,phase_unavailable,gangneung,summer,normal,temporary_load_fluctuation,0.03440000,normal,false,0.00963333,false,0.33333333,none
V08-CON-GAN-SUM-15,as_observed,gangneung,summer,normal,feature_missing_normal,0.15986667,normal,false,0.00000000,false,0.33333333,none
V08-CON-GAN-SUM-15,load_unavailable,gangneung,summer,normal,feature_missing_normal,0.15760000,normal,false,-0.00226667,false,0.00000000,none
V08-CON-GAN-SUM-15,weather_unavailable,gangneung,summer,normal,feature_missing_normal,0.15986667,normal,false,0.00000000,false,0.33333333,none
V08-CON-GAN-SUM-15,phase_unavailable,gangneung,summer,normal,feature_missing_normal,0.15986667,normal,false,0.00000000,false,0.33333333,none
V08-CON-GAN-SUM-16,as_observed,gangneung,summer,normal,feature_missing_normal,0.20433333,normal,false,0.00000000,false,0.66666667,none
V08-CON-GAN-SUM-16,load_unavailable,gangneung,summer,normal,feature_missing_normal,0.22476667,normal,false,0.02043333,false,0.33333333,none
V08-CON-GAN-SUM-16,weather_unavailable,gangneung,summer,normal,feature_missing_normal,0.20433333,normal,false,0.00000000,false,0.66666667,none
V08-CON-GAN-SUM-16,phase_unavailable,gangneung,summer,normal,feature_missing_normal,0.21486667,normal,false,0.01053333,false,0.33333333,none
V08-CON-GAN-SUM-17,as_observed,gangneung,summer,normal,high_cloud_or_rainfall_hard_negative,0.58033333,anomaly,false,0.00000000,false,1.00000000,none
V08-CON-GAN-SUM-17,load_unavailable,gangneung,summer,normal,high_cloud_or_rainfall_hard_negative,0.65836667,anomaly,false,0.07803333,false,0.66666667,none
V08-CON-GAN-SUM-17,weather_unavailable,gangneung,summer,normal,high_cloud_or_rainfall_hard_negative,0.58033333,anomaly,false,0.00000000,false,0.66666667,none
V08-CON-GAN-SUM-17,phase_unavailable,gangneung,summer,normal,high_cloud_or_rainfall_hard_negative,0.64846667,anomaly,false,0.06813333,false,0.66666667,none
V08-CON-GAN-SUM-18,as_observed,gangneung,summer,normal,high_cloud_or_rainfall_hard_negative,0.93866667,anomaly,false,0.00000000,false,1.00000000,none
V08-CON-GAN-SUM-18,load_unavailable,gangneung,summer,normal,high_cloud_or_rainfall_hard_negative,1.00000000,anomaly,false,0.06133333,false,0.66666667,none
V08-CON-GAN-SUM-18,weather_unavailable,gangneung,summer,normal,high_cloud_or_rainfall_hard_negative,0.93866667,anomaly,false,0.00000000,false,0.66666667,none
V08-CON-GAN-SUM-18,phase_unavailable,gangneung,summer,normal,high_cloud_or_rainfall_hard_negative,1.00000000,anomaly,false,0.06133333,false,0.66666667,none
V08-CON-GAN-SUM-19,as_observed,gangneung,summer,abnormal,post_sunrise_persistent_activation,0.52466667,normal,false,0.00000000,false,1.00000000,none
V08-CON-GAN-SUM-19,load_unavailable,gangneung,summer,abnormal,post_sunrise_persistent_activation,0.46933333,normal,false,-0.05533333,false,0.66666667,none
V08-CON-GAN-SUM-19,weather_unavailable,gangneung,summer,abnormal,post_sunrise_persistent_activation,0.52466667,normal,false,0.00000000,false,0.66666667,none
V08-CON-GAN-SUM-19,phase_unavailable,gangneung,summer,abnormal,post_sunrise_persistent_activation,0.51113333,abstain,true,-0.01353333,true,0.66666667,none
V08-CON-GAN-SUM-20,as_observed,gangneung,summer,abnormal,post_sunrise_persistent_activation,1.00000000,anomaly,false,0.00000000,false,1.00000000,none
V08-CON-GAN-SUM-20,load_unavailable,gangneung,summer,abnormal,post_sunrise_persistent_activation,1.00000000,anomaly,false,0.00000000,false,0.66666667,none
V08-CON-GAN-SUM-20,weather_unavailable,gangneung,summer,abnormal,post_sunrise_persistent_activation,1.00000000,anomaly,false,0.00000000,false,0.66666667,none
V08-CON-GAN-SUM-20,phase_unavailable,gangneung,summer,abnormal,post_sunrise_persistent_activation,1.00000000,anomaly,false,0.00000000,false,0.66666667,none
V08-CON-GAN-SUM-21,as_observed,gangneung,summer,abnormal,post_sunrise_persistent_activation,1.00000000,anomaly,false,0.00000000,false,1.00000000,none
V08-CON-GAN-SUM-21,load_unavailable,gangneung,summer,abnormal,post_sunrise_persistent_activation,1.00000000,anomaly,false,0.00000000,false,0.66666667,none
V08-CON-GAN-SUM-21,weather_unavailable,gangneung,summer,abnormal,post_sunrise_persistent_activation,1.00000000,anomaly,false,0.00000000,false,0.66666667,none
V08-CON-GAN-SUM-21,phase_unavailable,gangneung,summer,abnormal,post_sunrise_persistent_activation,1.00000000,anomaly,false,0.00000000,false,0.66666667,none
V08-CON-GAN-SUM-22,as_observed,gangneung,summer,abnormal,deep_day_partial_activation,0.52466667,normal,false,0.00000000,false,1.00000000,none
V08-CON-GAN-SUM-22,load_unavailable,gangneung,summer,abnormal,deep_day_partial_activation,0.46933333,normal,false,-0.05533333,false,0.66666667,none
V08-CON-GAN-SUM-22,weather_unavailable,gangneung,summer,abnormal,deep_day_partial_activation,0.52466667,normal,false,0.00000000,false,0.66666667,none
V08-CON-GAN-SUM-22,phase_unavailable,gangneung,summer,abnormal,deep_day_partial_activation,0.51113333,abstain,true,-0.01353333,true,0.66666667,none
V08-CON-GAN-SUM-23,as_observed,gangneung,summer,abnormal,deep_day_partial_activation,0.77033333,anomaly,false,0.00000000,false,1.00000000,none
V08-CON-GAN-SUM-23,load_unavailable,gangneung,summer,abnormal,deep_day_partial_activation,0.66256667,anomaly,false,-0.10776667,false,0.66666667,none
V08-CON-GAN-SUM-23,weather_unavailable,gangneung,summer,abnormal,deep_day_partial_activation,0.77033333,anomaly,false,0.00000000,false,0.66666667,none
V08-CON-GAN-SUM-23,phase_unavailable,gangneung,summer,abnormal,deep_day_partial_activation,0.69886667,anomaly,false,-0.07146667,false,0.66666667,none
V08-CON-GAN-SUM-24,as_observed,gangneung,summer,abnormal,deep_day_partial_activation,1.00000000,anomaly,false,0.00000000,false,1.00000000,none
V08-CON-GAN-SUM-24,load_unavailable,gangneung,summer,abnormal,deep_day_partial_activation,1.00000000,anomaly,false,0.00000000,false,0.66666667,none
V08-CON-GAN-SUM-24,weather_unavailable,gangneung,summer,abnormal,deep_day_partial_activation,1.00000000,anomaly,false,0.00000000,false,0.66666667,none
V08-CON-GAN-SUM-24,phase_unavailable,gangneung,summer,abnormal,deep_day_partial_activation,1.00000000,anomaly,false,0.00000000,false,0.66666667,none
V08-CON-GAN-SUM-25,as_observed,gangneung,summer,abnormal,deep_day_full_activation,0.33966667,normal,false,0.00000000,false,1.00000000,none
V08-CON-GAN-SUM-25,load_unavailable,gangneung,summer,abnormal,deep_day_full_activation,0.26583333,normal,false,-0.07383333,false,0.66666667,none
V08-CON-GAN-SUM-25,weather_unavailable,gangneung,summer,abnormal,deep_day_full_activation,0.33966667,normal,false,0.00000000,false,0.66666667,none
V08-CON-GAN-SUM-25,phase_unavailable,gangneung,summer,abnormal,deep_day_full_activation,0.30763333,normal,false,-0.03203333,false,0.66666667,none
V08-CON-GAN-SUM-26,as_observed,gangneung,summer,abnormal,deep_day_full_activation,0.77033333,anomaly,false,0.00000000,false,0.66666667,none
V08-CON-GAN-SUM-26,load_unavailable,gangneung,summer,abnormal,deep_day_full_activation,0.66256667,anomaly,false,-0.10776667,false,0.33333333,none
V08-CON-GAN-SUM-26,weather_unavailable,gangneung,summer,abnormal,deep_day_full_activation,0.77033333,anomaly,false,0.00000000,false,0.66666667,none
V08-CON-GAN-SUM-26,phase_unavailable,gangneung,summer,abnormal,deep_day_full_activation,0.69886667,anomaly,false,-0.07146667,false,0.33333333,none
V08-CON-GAN-SUM-27,as_observed,gangneung,summer,abnormal,phase_selective_activation,1.00000000,anomaly,false,0.00000000,false,0.66666667,none
V08-CON-GAN-SUM-27,load_unavailable,gangneung,summer,abnormal,phase_selective_activation,1.00000000,anomaly,false,0.00000000,false,0.33333333,none
V08-CON-GAN-SUM-27,weather_unavailable,gangneung,summer,abnormal,phase_selective_activation,1.00000000,anomaly,false,0.00000000,false,0.66666667,none
V08-CON-GAN-SUM-27,phase_unavailable,gangneung,summer,abnormal,phase_selective_activation,1.00000000,anomaly,false,0.00000000,false,0.33333333,none
V08-CON-GAN-SUM-28,as_observed,gangneung,summer,abnormal,phase_selective_activation,0.52466667,normal,false,0.00000000,false,0.66666667,none
V08-CON-GAN-SUM-28,load_unavailable,gangneung,summer,abnormal,phase_selective_activation,0.46933333,normal,false,-0.05533333,false,0.33333333,none
V08-CON-GAN-SUM-28,weather_unavailable,gangneung,summer,abnormal,phase_selective_activation,0.52466667,normal,false,0.00000000,false,0.66666667,none
V08-CON-GAN-SUM-28,phase_unavailable,gangneung,summer,abnormal,phase_selective_activation,0.51113333,abstain,true,-0.01353333,true,0.33333333,none
V08-CON-GAN-SUM-29,as_observed,gangneung,summer,abnormal,weak_long_duration_activation,0.94966667,anomaly,false,0.00000000,false,0.66666667,none
V08-CON-GAN-SUM-29,load_unavailable,gangneung,summer,abnormal,weak_long_duration_activation,0.85983333,anomaly,false,-0.08983333,false,0.33333333,none
V08-CON-GAN-SUM-29,weather_unavailable,gangneung,summer,abnormal,weak_long_duration_activation,0.94966667,anomaly,false,0.00000000,false,0.66666667,none
V08-CON-GAN-SUM-29,phase_unavailable,gangneung,summer,abnormal,weak_long_duration_activation,0.89613333,anomaly,false,-0.05353333,false,0.33333333,none
V08-CON-GAN-SUM-30,as_observed,gangneung,summer,abnormal,weak_long_duration_activation,1.00000000,anomaly,false,0.00000000,false,0.66666667,none
V08-CON-GAN-SUM-30,load_unavailable,gangneung,summer,abnormal,weak_long_duration_activation,1.00000000,anomaly,false,0.00000000,false,0.33333333,none
V08-CON-GAN-SUM-30,weather_unavailable,gangneung,summer,abnormal,weak_long_duration_activation,1.00000000,anomaly,false,0.00000000,false,0.66666667,none
V08-CON-GAN-SUM-30,phase_unavailable,gangneung,summer,abnormal,weak_long_duration_activation,1.00000000,anomaly,false,0.00000000,false,0.33333333,none
V08-CON-GAN-SUM-31,as_observed,gangneung,summer,abnormal,moderate_load_mismatch,0.40133333,normal,false,0.00000000,false,0.66666667,none
V08-CON-GAN-SUM-31,load_unavailable,gangneung,summer,abnormal,moderate_load_mismatch,0.33366667,normal,false,-0.06766667,false,0.33333333,none
V08-CON-GAN-SUM-31,weather_unavailable,gangneung,summer,abnormal,moderate_load_mismatch,0.40133333,normal,false,0.00000000,false,0.66666667,none
V08-CON-GAN-SUM-31,phase_unavailable,gangneung,summer,abnormal,moderate_load_mismatch,0.37546667,normal,false,-0.02586667,false,0.33333333,none
V08-CON-GAN-SUM-32,as_observed,gangneung,summer,abnormal,moderate_load_mismatch,0.94966667,anomaly,false,0.00000000,false,0.66666667,none
V08-CON-GAN-SUM-32,load_unavailable,gangneung,summer,abnormal,moderate_load_mismatch,0.85983333,anomaly,false,-0.08983333,false,0.33333333,none
V08-CON-GAN-SUM-32,weather_unavailable,gangneung,summer,abnormal,moderate_load_mismatch,0.94966667,anomaly,false,0.00000000,false,0.66666667,none
V08-CON-GAN-SUM-32,phase_unavailable,gangneung,summer,abnormal,moderate_load_mismatch,0.89613333,anomaly,false,-0.05353333,false,0.33333333,none
V08-CON-GAN-SUM-33,as_observed,gangneung,summer,abnormal,partial_activation_long_persistence,1.00000000,anomaly,false,0.00000000,false,0.66666667,none
V08-CON-GAN-SUM-33,load_unavailable,gangneung,summer,abnormal,partial_activation_long_persistence,1.00000000,anomaly,false,0.00000000,false,0.33333333,none
V08-CON-GAN-SUM-33,weather_unavailable,gangneung,summer,abnormal,partial_activation_long_persistence,1.00000000,anomaly,false,0.00000000,false,0.66666667,none
V08-CON-GAN-SUM-33,phase_unavailable,gangneung,summer,abnormal,partial_activation_long_persistence,1.00000000,anomaly,false,0.00000000,false,0.33333333,none
V08-CON-GAN-SUM-34,as_observed,gangneung,summer,abnormal,partial_activation_long_persistence,0.64800000,anomaly,false,0.00000000,false,0.66666667,none
V08-CON-GAN-SUM-34,load_unavailable,gangneung,summer,abnormal,partial_activation_long_persistence,0.60500000,anomaly,false,-0.04300000,false,0.33333333,none
V08-CON-GAN-SUM-34,weather_unavailable,gangneung,summer,abnormal,partial_activation_long_persistence,0.64800000,anomaly,false,0.00000000,false,0.66666667,none
V08-CON-GAN-SUM-34,phase_unavailable,gangneung,summer,abnormal,partial_activation_long_persistence,0.64680000,anomaly,false,-0.00120000,false,0.33333333,none
V08-CON-GAN-SUM-35,as_observed,gangneung,summer,abnormal,phase_anomaly_moderate_activation,0.77033333,anomaly,false,0.00000000,false,0.66666667,none
V08-CON-GAN-SUM-35,load_unavailable,gangneung,summer,abnormal,phase_anomaly_moderate_activation,0.66256667,anomaly,false,-0.10776667,false,0.33333333,none
V08-CON-GAN-SUM-35,weather_unavailable,gangneung,summer,abnormal,phase_anomaly_moderate_activation,0.77033333,anomaly,false,0.00000000,false,0.66666667,none
V08-CON-GAN-SUM-35,phase_unavailable,gangneung,summer,abnormal,phase_anomaly_moderate_activation,0.69886667,anomaly,false,-0.07146667,false,0.33333333,none
V08-CON-GAN-SUM-36,as_observed,gangneung,summer,abnormal,phase_anomaly_moderate_activation,1.00000000,anomaly,false,0.00000000,false,0.66666667,none
V08-CON-GAN-SUM-36,load_unavailable,gangneung,summer,abnormal,phase_anomaly_moderate_activation,1.00000000,anomaly,false,0.00000000,false,0.33333333,none
V08-CON-GAN-SUM-36,weather_unavailable,gangneung,summer,abnormal,phase_anomaly_moderate_activation,1.00000000,anomaly,false,0.00000000,false,0.66666667,none
V08-CON-GAN-SUM-36,phase_unavailable,gangneung,summer,abnormal,phase_anomaly_moderate_activation,1.00000000,anomaly,false,0.00000000,false,0.33333333,none
V08-CON-GAN-AUT-01,as_observed,gangneung,autumn,normal,normal_full_operation,0.27333333,normal,false,0.00000000,false,1.00000000,none
V08-CON-GAN-AUT-01,load_unavailable,gangneung,autumn,normal,normal_full_operation,0.28526667,normal,false,0.01193333,false,0.66666667,none
V08-CON-GAN-AUT-01,weather_unavailable,gangneung,autumn,normal,normal_full_operation,0.27333333,normal,false,0.00000000,false,0.66666667,none
V08-CON-GAN-AUT-01,phase_unavailable,gangneung,autumn,normal,normal_full_operation,0.30066667,normal,false,0.02733333,false,0.66666667,none
V08-CON-GAN-AUT-02,as_observed,gangneung,autumn,normal,normal_full_operation,0.31566667,normal,false,0.00000000,false,1.00000000,none
V08-CON-GAN-AUT-02,load_unavailable,gangneung,autumn,normal,normal_full_operation,0.34723333,normal,false,0.03156667,false,0.66666667,none
V08-CON-GAN-AUT-02,weather_unavailable,gangneung,autumn,normal,normal_full_operation,0.31566667,normal,false,0.00000000,false,0.66666667,none
V08-CON-GAN-AUT-02,phase_unavailable,gangneung,autumn,normal,normal_full_operation,0.33733333,normal,false,0.02166667,false,0.66666667,none
V08-CON-GAN-AUT-03,as_observed,gangneung,autumn,normal,normal_full_operation,0.35400000,normal,false,0.00000000,false,1.00000000,none
V08-CON-GAN-AUT-03,load_unavailable,gangneung,autumn,normal,normal_full_operation,0.37400000,normal,false,0.02000000,false,0.66666667,none
V08-CON-GAN-AUT-03,weather_unavailable,gangneung,autumn,normal,normal_full_operation,0.35400000,normal,false,0.00000000,false,0.66666667,none
V08-CON-GAN-AUT-03,phase_unavailable,gangneung,autumn,normal,normal_full_operation,0.36960000,normal,false,0.01560000,false,0.66666667,none
V08-CON-GAN-AUT-04,as_observed,gangneung,autumn,normal,twilight_boundary_operation,0.05166667,normal,false,0.00000000,false,1.00000000,none
V08-CON-GAN-AUT-04,load_unavailable,gangneung,autumn,normal,twilight_boundary_operation,0.06143333,normal,false,0.00976667,false,0.66666667,none
V08-CON-GAN-AUT-04,weather_unavailable,gangneung,autumn,normal,twilight_boundary_operation,0.05166667,normal,false,0.00000000,false,0.66666667,none
V08-CON-GAN-AUT-04,phase_unavailable,gangneung,autumn,normal,twilight_boundary_operation,0.07683333,normal,false,0.02516667,false,0.66666667,none
V08-CON-GAN-AUT-05,as_observed,gangneung,autumn,normal,twilight_boundary_operation,0.18033333,normal,false,0.00000000,false,1.00000000,none
V08-CON-GAN-AUT-05,load_unavailable,gangneung,autumn,normal,twilight_boundary_operation,0.21836667,normal,false,0.03803333,false,0.66666667,none
V08-CON-GAN-AUT-05,weather_unavailable,gangneung,autumn,normal,twilight_boundary_operation,0.18033333,normal,false,0.00000000,false,0.66666667,none
V08-CON-GAN-AUT-05,phase_unavailable,gangneung,autumn,normal,twilight_boundary_operation,0.20846667,normal,false,0.02813333,false,0.66666667,none
V08-CON-GAN-AUT-06,as_observed,gangneung,autumn,normal,twilight_boundary_operation,0.43866667,normal,false,0.00000000,false,1.00000000,none
V08-CON-GAN-AUT-06,load_unavailable,gangneung,autumn,normal,twilight_boundary_operation,0.48713333,normal,false,0.04846667,false,0.66666667,none
V08-CON-GAN-AUT-06,weather_unavailable,gangneung,autumn,normal,twilight_boundary_operation,0.43866667,normal,false,0.00000000,false,0.66666667,none
V08-CON-GAN-AUT-06,phase_unavailable,gangneung,autumn,normal,twilight_boundary_operation,0.48273333,normal,false,0.04406667,false,0.66666667,none
V08-CON-GAN-AUT-07,as_observed,gangneung,autumn,normal,short_transient_spike,0.00966667,normal,false,0.00000000,false,1.00000000,none
V08-CON-GAN-AUT-07,load_unavailable,gangneung,autumn,normal,short_transient_spike,0.01523333,normal,false,0.00556667,false,0.66666667,none
V08-CON-GAN-AUT-07,weather_unavailable,gangneung,autumn,normal,short_transient_spike,0.00966667,normal,false,0.00000000,false,0.66666667,none
V08-CON-GAN-AUT-07,phase_unavailable,gangneung,autumn,normal,short_transient_spike,0.03063333,normal,false,0.02096667,false,0.66666667,none
V08-CON-GAN-AUT-08,as_observed,gangneung,autumn,normal,short_transient_spike,0.00000000,normal,false,0.00000000,false,1.00000000,none
V08-CON-GAN-AUT-08,load_unavailable,gangneung,autumn,normal,short_transient_spike,0.00000000,normal,false,0.00000000,false,0.66666667,none
V08-CON-GAN-AUT-08,weather_unavailable,gangneung,autumn,normal,short_transient_spike,0.00000000,normal,false,0.00000000,false,0.66666667,none
V08-CON-GAN-AUT-08,phase_unavailable,gangneung,autumn,normal,short_transient_spike,0.00000000,normal,false,0.00000000,false,0.66666667,none
V08-CON-GAN-AUT-09,as_observed,gangneung,autumn,normal,short_transient_spike,0.03063333,normal,false,0.00000000,false,0.66666667,none
V08-CON-GAN-AUT-09,load_unavailable,gangneung,autumn,normal,short_transient_spike,0.03480000,normal,false,0.00416667,false,0.33333333,none
V08-CON-GAN-AUT-09,weather_unavailable,gangneung,autumn,normal,short_transient_spike,0.03063333,normal,false,0.00000000,false,0.33333333,none
V08-CON-GAN-AUT-09,phase_unavailable,gangneung,autumn,normal,short_transient_spike,0.03063333,normal,false,0.00000000,false,0.66666667,none
V08-CON-GAN-AUT-10,as_observed,gangneung,autumn,normal,allowed_partial_operation,0.20066667,normal,false,0.00000000,false,0.66666667,none
V08-CON-GAN-AUT-10,load_unavailable,gangneung,autumn,normal,allowed_partial_operation,0.22533333,normal,false,0.02466667,false,0.33333333,none
V08-CON-GAN-AUT-10,weather_unavailable,gangneung,autumn,normal,allowed_partial_operation,0.20066667,normal,false,0.00000000,false,0.66666667,none
V08-CON-GAN-AUT-10,phase_unavailable,gangneung,autumn,normal,allowed_partial_operation,0.24073333,normal,false,0.04006667,false,0.33333333,none
V08-CON-GAN-AUT-11,as_observed,gangneung,autumn,normal,allowed_partial_operation,0.00433333,normal,false,0.00000000,false,0.66666667,none
V08-CON-GAN-AUT-11,load_unavailable,gangneung,autumn,normal,allowed_partial_operation,0.02476667,normal,false,0.02043333,false,0.33333333,none
V08-CON-GAN-AUT-11,weather_unavailable,gangneung,autumn,normal,allowed_partial_operation,0.00433333,normal,false,0.00000000,false,0.66666667,none
V08-CON-GAN-AUT-11,phase_unavailable,gangneung,autumn,normal,allowed_partial_operation,0.01486667,normal,false,0.01053333,false,0.33333333,none
V08-CON-GAN-AUT-12,as_observed,gangneung,autumn,normal,allowed_partial_operation,0.07333333,normal,false,0.00000000,false,1.00000000,none
V08-CON-GAN-AUT-12,load_unavailable,gangneung,autumn,normal,allowed_partial_operation,0.08526667,normal,false,0.01193333,false,0.66666667,none
V08-CON-GAN-AUT-12,weather_unavailable,gangneung,autumn,normal,allowed_partial_operation,0.07333333,normal,false,0.00000000,false,0.66666667,none
V08-CON-GAN-AUT-12,phase_unavailable,gangneung,autumn,normal,allowed_partial_operation,0.10066667,normal,false,0.02733333,false,0.66666667,none
V08-CON-GAN-AUT-13,as_observed,gangneung,autumn,normal,temporary_load_fluctuation,0.00966667,normal,false,0.00000000,false,0.66666667,none
V08-CON-GAN-AUT-13,load_unavailable,gangneung,autumn,normal,temporary_load_fluctuation,0.01523333,normal,false,0.00556667,false,0.33333333,none
V08-CON-GAN-AUT-13,weather_unavailable,gangneung,autumn,normal,temporary_load_fluctuation,0.00966667,normal,false,0.00000000,false,0.66666667,none
V08-CON-GAN-AUT-13,phase_unavailable,gangneung,autumn,normal,temporary_load_fluctuation,0.03063333,normal,false,0.02096667,false,0.33333333,none
V08-CON-GAN-AUT-14,as_observed,gangneung,autumn,normal,temporary_load_fluctuation,0.00433333,normal,false,0.00000000,false,0.66666667,none
V08-CON-GAN-AUT-14,load_unavailable,gangneung,autumn,normal,temporary_load_fluctuation,0.02476667,normal,false,0.02043333,false,0.33333333,none
V08-CON-GAN-AUT-14,weather_unavailable,gangneung,autumn,normal,temporary_load_fluctuation,0.00433333,normal,false,0.00000000,false,0.66666667,none
V08-CON-GAN-AUT-14,phase_unavailable,gangneung,autumn,normal,temporary_load_fluctuation,0.01486667,normal,false,0.01053333,false,0.33333333,none
V08-CON-GAN-AUT-15,as_observed,gangneung,autumn,normal,feature_missing_normal,0.15986667,normal,false,0.00000000,false,0.33333333,none
V08-CON-GAN-AUT-15,load_unavailable,gangneung,autumn,normal,feature_missing_normal,0.15760000,normal,false,-0.00226667,false,0.00000000,none
V08-CON-GAN-AUT-15,weather_unavailable,gangneung,autumn,normal,feature_missing_normal,0.15986667,normal,false,0.00000000,false,0.33333333,none
V08-CON-GAN-AUT-15,phase_unavailable,gangneung,autumn,normal,feature_missing_normal,0.15986667,normal,false,0.00000000,false,0.33333333,none
V08-CON-GAN-AUT-16,as_observed,gangneung,autumn,normal,feature_missing_normal,0.20433333,normal,false,0.00000000,false,0.66666667,none
V08-CON-GAN-AUT-16,load_unavailable,gangneung,autumn,normal,feature_missing_normal,0.22476667,normal,false,0.02043333,false,0.33333333,none
V08-CON-GAN-AUT-16,weather_unavailable,gangneung,autumn,normal,feature_missing_normal,0.20433333,normal,false,0.00000000,false,0.66666667,none
V08-CON-GAN-AUT-16,phase_unavailable,gangneung,autumn,normal,feature_missing_normal,0.21486667,normal,false,0.01053333,false,0.33333333,none
V08-CON-GAN-AUT-17,as_observed,gangneung,autumn,normal,high_cloud_or_rainfall_hard_negative,0.58033333,anomaly,false,0.00000000,false,0.66666667,none
V08-CON-GAN-AUT-17,load_unavailable,gangneung,autumn,normal,high_cloud_or_rainfall_hard_negative,0.65836667,anomaly,false,0.07803333,false,0.33333333,none
V08-CON-GAN-AUT-17,weather_unavailable,gangneung,autumn,normal,high_cloud_or_rainfall_hard_negative,0.58033333,anomaly,false,0.00000000,false,0.66666667,none
V08-CON-GAN-AUT-17,phase_unavailable,gangneung,autumn,normal,high_cloud_or_rainfall_hard_negative,0.64846667,anomaly,false,0.06813333,false,0.33333333,none
V08-CON-GAN-AUT-18,as_observed,gangneung,autumn,normal,high_cloud_or_rainfall_hard_negative,0.93866667,anomaly,false,0.00000000,false,0.66666667,none
V08-CON-GAN-AUT-18,load_unavailable,gangneung,autumn,normal,high_cloud_or_rainfall_hard_negative,1.00000000,anomaly,false,0.06133333,false,0.33333333,none
V08-CON-GAN-AUT-18,weather_unavailable,gangneung,autumn,normal,high_cloud_or_rainfall_hard_negative,0.93866667,anomaly,false,0.00000000,false,0.66666667,none
V08-CON-GAN-AUT-18,phase_unavailable,gangneung,autumn,normal,high_cloud_or_rainfall_hard_negative,1.00000000,anomaly,false,0.06133333,false,0.33333333,none
V08-CON-GAN-AUT-19,as_observed,gangneung,autumn,abnormal,post_sunrise_persistent_activation,0.52466667,normal,false,0.00000000,false,0.66666667,none
V08-CON-GAN-AUT-19,load_unavailable,gangneung,autumn,abnormal,post_sunrise_persistent_activation,0.46933333,normal,false,-0.05533333,false,0.33333333,none
V08-CON-GAN-AUT-19,weather_unavailable,gangneung,autumn,abnormal,post_sunrise_persistent_activation,0.52466667,normal,false,0.00000000,false,0.66666667,none
V08-CON-GAN-AUT-19,phase_unavailable,gangneung,autumn,abnormal,post_sunrise_persistent_activation,0.51113333,abstain,true,-0.01353333,true,0.33333333,none
V08-CON-GAN-AUT-20,as_observed,gangneung,autumn,abnormal,post_sunrise_persistent_activation,1.00000000,anomaly,false,0.00000000,false,0.66666667,none
V08-CON-GAN-AUT-20,load_unavailable,gangneung,autumn,abnormal,post_sunrise_persistent_activation,1.00000000,anomaly,false,0.00000000,false,0.33333333,none
V08-CON-GAN-AUT-20,weather_unavailable,gangneung,autumn,abnormal,post_sunrise_persistent_activation,1.00000000,anomaly,false,0.00000000,false,0.66666667,none
V08-CON-GAN-AUT-20,phase_unavailable,gangneung,autumn,abnormal,post_sunrise_persistent_activation,1.00000000,anomaly,false,0.00000000,false,0.33333333,none
V08-CON-GAN-AUT-21,as_observed,gangneung,autumn,abnormal,post_sunrise_persistent_activation,1.00000000,anomaly,false,0.00000000,false,0.66666667,none
V08-CON-GAN-AUT-21,load_unavailable,gangneung,autumn,abnormal,post_sunrise_persistent_activation,1.00000000,anomaly,false,0.00000000,false,0.33333333,none
V08-CON-GAN-AUT-21,weather_unavailable,gangneung,autumn,abnormal,post_sunrise_persistent_activation,1.00000000,anomaly,false,0.00000000,false,0.33333333,none
V08-CON-GAN-AUT-21,phase_unavailable,gangneung,autumn,abnormal,post_sunrise_persistent_activation,1.00000000,anomaly,false,0.00000000,false,0.66666667,none
V08-CON-GAN-AUT-22,as_observed,gangneung,autumn,abnormal,deep_day_partial_activation,0.51113333,abstain,true,0.00000000,false,0.66666667,none
V08-CON-GAN-AUT-22,load_unavailable,gangneung,autumn,abnormal,deep_day_partial_activation,0.44000000,normal,false,-0.07113333,true,0.33333333,none
V08-CON-GAN-AUT-22,weather_unavailable,gangneung,autumn,abnormal,deep_day_partial_activation,0.51113333,abstain,true,0.00000000,false,0.33333333,none
V08-CON-GAN-AUT-22,phase_unavailable,gangneung,autumn,abnormal,deep_day_partial_activation,0.51113333,abstain,true,0.00000000,false,0.66666667,none
V08-CON-GAN-AUT-23,as_observed,gangneung,autumn,abnormal,deep_day_partial_activation,0.69886667,anomaly,false,0.00000000,false,0.66666667,none
V08-CON-GAN-AUT-23,load_unavailable,gangneung,autumn,abnormal,deep_day_partial_activation,0.56080000,abstain,true,-0.13806667,true,0.33333333,none
V08-CON-GAN-AUT-23,weather_unavailable,gangneung,autumn,abnormal,deep_day_partial_activation,0.69886667,anomaly,false,0.00000000,false,0.33333333,none
V08-CON-GAN-AUT-23,phase_unavailable,gangneung,autumn,abnormal,deep_day_partial_activation,0.69886667,anomaly,false,0.00000000,false,0.66666667,none
V08-CON-GAN-AUT-24,as_observed,gangneung,autumn,abnormal,deep_day_partial_activation,1.00000000,anomaly,false,0.00000000,false,0.66666667,none
V08-CON-GAN-AUT-24,load_unavailable,gangneung,autumn,abnormal,deep_day_partial_activation,1.00000000,anomaly,false,0.00000000,false,0.33333333,none
V08-CON-GAN-AUT-24,weather_unavailable,gangneung,autumn,abnormal,deep_day_partial_activation,1.00000000,anomaly,false,0.00000000,false,0.33333333,none
V08-CON-GAN-AUT-24,phase_unavailable,gangneung,autumn,abnormal,deep_day_partial_activation,1.00000000,anomaly,false,0.00000000,false,0.66666667,none
V08-CON-GAN-AUT-25,as_observed,gangneung,autumn,abnormal,deep_day_full_activation,0.30763333,normal,false,0.00000000,false,0.66666667,none
V08-CON-GAN-AUT-25,load_unavailable,gangneung,autumn,abnormal,deep_day_full_activation,0.21800000,normal,false,-0.08963333,false,0.33333333,none
V08-CON-GAN-AUT-25,weather_unavailable,gangneung,autumn,abnormal,deep_day_full_activation,0.30763333,normal,false,0.00000000,false,0.33333333,none
V08-CON-GAN-AUT-25,phase_unavailable,gangneung,autumn,abnormal,deep_day_full_activation,0.30763333,normal,false,0.00000000,false,0.66666667,none
V08-CON-GAN-AUT-26,as_observed,gangneung,autumn,abnormal,deep_day_full_activation,0.69886667,anomaly,false,0.00000000,false,0.66666667,none
V08-CON-GAN-AUT-26,load_unavailable,gangneung,autumn,abnormal,deep_day_full_activation,0.56080000,abstain,true,-0.13806667,true,0.33333333,none
V08-CON-GAN-AUT-26,weather_unavailable,gangneung,autumn,abnormal,deep_day_full_activation,0.69886667,anomaly,false,0.00000000,false,0.33333333,none
V08-CON-GAN-AUT-26,phase_unavailable,gangneung,autumn,abnormal,deep_day_full_activation,0.69886667,anomaly,false,0.00000000,false,0.66666667,none
V08-CON-GAN-AUT-27,as_observed,gangneung,autumn,abnormal,phase_selective_activation,1.00000000,anomaly,false,0.00000000,false,0.66666667,none
V08-CON-GAN-AUT-27,load_unavailable,gangneung,autumn,abnormal,phase_selective_activation,0.86800000,anomaly,false,-0.13200000,false,0.33333333,none
V08-CON-GAN-AUT-27,weather_unavailable,gangneung,autumn,abnormal,phase_selective_activation,1.00000000,anomaly,false,0.00000000,false,0.33333333,none
V08-CON-GAN-AUT-27,phase_unavailable,gangneung,autumn,abnormal,phase_selective_activation,1.00000000,anomaly,false,0.00000000,false,0.66666667,none
V08-CON-GAN-AUT-28,as_observed,gangneung,autumn,abnormal,phase_selective_activation,0.51113333,abstain,true,0.00000000,false,0.66666667,none
V08-CON-GAN-AUT-28,load_unavailable,gangneung,autumn,abnormal,phase_selective_activation,0.44000000,normal,false,-0.07113333,true,0.33333333,none
V08-CON-GAN-AUT-28,weather_unavailable,gangneung,autumn,abnormal,phase_selective_activation,0.51113333,abstain,true,0.00000000,false,0.33333333,none
V08-CON-GAN-AUT-28,phase_unavailable,gangneung,autumn,abnormal,phase_selective_activation,0.51113333,abstain,true,0.00000000,false,0.66666667,none
V08-CON-GAN-AUT-29,as_observed,gangneung,autumn,abnormal,weak_long_duration_activation,0.89613333,anomaly,false,0.00000000,false,0.66666667,none
V08-CON-GAN-AUT-29,load_unavailable,gangneung,autumn,abnormal,weak_long_duration_activation,0.77600000,anomaly,false,-0.12013333,false,0.33333333,none
V08-CON-GAN-AUT-29,weather_unavailable,gangneung,autumn,abnormal,weak_long_duration_activation,0.89613333,anomaly,false,0.00000000,false,0.33333333,none
V08-CON-GAN-AUT-29,phase_unavailable,gangneung,autumn,abnormal,weak_long_duration_activation,0.89613333,anomaly,false,0.00000000,false,0.66666667,none
V08-CON-GAN-AUT-30,as_observed,gangneung,autumn,abnormal,weak_long_duration_activation,1.00000000,anomaly,false,0.00000000,false,0.66666667,none
V08-CON-GAN-AUT-30,load_unavailable,gangneung,autumn,abnormal,weak_long_duration_activation,1.00000000,anomaly,false,0.00000000,false,0.33333333,none
V08-CON-GAN-AUT-30,weather_unavailable,gangneung,autumn,abnormal,weak_long_duration_activation,1.00000000,anomaly,false,0.00000000,false,0.33333333,none
V08-CON-GAN-AUT-30,phase_unavailable,gangneung,autumn,abnormal,weak_long_duration_activation,1.00000000,anomaly,false,0.00000000,false,0.66666667,none
V08-CON-GAN-AUT-31,as_observed,gangneung,autumn,abnormal,moderate_load_mismatch,0.37546667,normal,false,0.00000000,false,0.66666667,none
V08-CON-GAN-AUT-31,load_unavailable,gangneung,autumn,abnormal,moderate_load_mismatch,0.29200000,normal,false,-0.08346667,false,0.33333333,none
V08-CON-GAN-AUT-31,weather_unavailable,gangneung,autumn,abnormal,moderate_load_mismatch,0.37546667,normal,false,0.00000000,false,0.33333333,none
V08-CON-GAN-AUT-31,phase_unavailable,gangneung,autumn,abnormal,moderate_load_mismatch,0.37546667,normal,false,0.00000000,false,0.66666667,none
V08-CON-GAN-AUT-32,as_observed,gangneung,autumn,abnormal,moderate_load_mismatch,0.85983333,anomaly,false,0.00000000,false,0.66666667,none
V08-CON-GAN-AUT-32,load_unavailable,gangneung,autumn,abnormal,moderate_load_mismatch,0.85983333,anomaly,false,0.00000000,false,0.66666667,none
V08-CON-GAN-AUT-32,weather_unavailable,gangneung,autumn,abnormal,moderate_load_mismatch,0.85983333,anomaly,false,0.00000000,false,0.33333333,none
V08-CON-GAN-AUT-32,phase_unavailable,gangneung,autumn,abnormal,moderate_load_mismatch,0.77600000,anomaly,false,-0.08383333,false,0.33333333,none
V08-CON-GAN-AUT-33,as_observed,gangneung,autumn,abnormal,partial_activation_long_persistence,1.00000000,anomaly,false,0.00000000,false,0.66666667,none
V08-CON-GAN-AUT-33,load_unavailable,gangneung,autumn,abnormal,partial_activation_long_persistence,1.00000000,anomaly,false,0.00000000,false,0.66666667,none
V08-CON-GAN-AUT-33,weather_unavailable,gangneung,autumn,abnormal,partial_activation_long_persistence,1.00000000,anomaly,false,0.00000000,false,0.33333333,none
V08-CON-GAN-AUT-33,phase_unavailable,gangneung,autumn,abnormal,partial_activation_long_persistence,1.00000000,anomaly,false,0.00000000,false,0.33333333,none
V08-CON-GAN-AUT-34,as_observed,gangneung,autumn,abnormal,partial_activation_long_persistence,0.60500000,anomaly,false,0.00000000,false,0.66666667,none
V08-CON-GAN-AUT-34,load_unavailable,gangneung,autumn,abnormal,partial_activation_long_persistence,0.60500000,anomaly,false,0.00000000,false,0.66666667,none
V08-CON-GAN-AUT-34,weather_unavailable,gangneung,autumn,abnormal,partial_activation_long_persistence,0.60500000,anomaly,false,0.00000000,false,0.33333333,none
V08-CON-GAN-AUT-34,phase_unavailable,gangneung,autumn,abnormal,partial_activation_long_persistence,0.58800000,abstain,true,-0.01700000,true,0.33333333,none
V08-CON-GAN-AUT-35,as_observed,gangneung,autumn,abnormal,phase_anomaly_moderate_activation,0.66256667,anomaly,false,0.00000000,false,0.66666667,none
V08-CON-GAN-AUT-35,load_unavailable,gangneung,autumn,abnormal,phase_anomaly_moderate_activation,0.66256667,anomaly,false,0.00000000,false,0.66666667,none
V08-CON-GAN-AUT-35,weather_unavailable,gangneung,autumn,abnormal,phase_anomaly_moderate_activation,0.66256667,anomaly,false,0.00000000,false,0.33333333,none
V08-CON-GAN-AUT-35,phase_unavailable,gangneung,autumn,abnormal,phase_anomaly_moderate_activation,0.56080000,abstain,true,-0.10176667,true,0.33333333,none
V08-CON-GAN-AUT-36,as_observed,gangneung,autumn,abnormal,phase_anomaly_moderate_activation,1.00000000,anomaly,false,0.00000000,false,0.66666667,none
V08-CON-GAN-AUT-36,load_unavailable,gangneung,autumn,abnormal,phase_anomaly_moderate_activation,1.00000000,anomaly,false,0.00000000,false,0.66666667,none
V08-CON-GAN-AUT-36,weather_unavailable,gangneung,autumn,abnormal,phase_anomaly_moderate_activation,1.00000000,anomaly,false,0.00000000,false,0.33333333,none
V08-CON-GAN-AUT-36,phase_unavailable,gangneung,autumn,abnormal,phase_anomaly_moderate_activation,1.00000000,anomaly,false,0.00000000,false,0.33333333,none
V08-CON-CHU-WIN-01,as_observed,chungju,winter,normal,normal_full_operation,0.28526667,normal,false,0.00000000,false,0.66666667,none
V08-CON-CHU-WIN-01,load_unavailable,chungju,winter,normal,normal_full_operation,0.28526667,normal,false,0.00000000,false,0.66666667,none
V08-CON-CHU-WIN-01,weather_unavailable,chungju,winter,normal,normal_full_operation,0.28526667,normal,false,0.00000000,false,0.33333333,none
V08-CON-CHU-WIN-01,phase_unavailable,chungju,winter,normal,normal_full_operation,0.31120000,normal,false,0.02593333,false,0.33333333,none
V08-CON-CHU-WIN-02,as_observed,chungju,winter,normal,normal_full_operation,0.37400000,normal,false,0.00000000,false,0.66666667,none
V08-CON-CHU-WIN-02,load_unavailable,chungju,winter,normal,normal_full_operation,0.37400000,normal,false,0.00000000,false,0.66666667,none
V08-CON-CHU-WIN-02,weather_unavailable,chungju,winter,normal,normal_full_operation,0.37400000,normal,false,0.00000000,false,0.33333333,none
V08-CON-CHU-WIN-02,phase_unavailable,chungju,winter,normal,normal_full_operation,0.38640000,normal,false,0.01240000,false,0.33333333,none
V08-CON-CHU-WIN-03,as_observed,chungju,winter,normal,normal_full_operation,0.28526667,normal,false,0.00000000,false,0.66666667,none
V08-CON-CHU-WIN-03,load_unavailable,chungju,winter,normal,normal_full_operation,0.28526667,normal,false,0.00000000,false,0.66666667,none
V08-CON-CHU-WIN-03,weather_unavailable,chungju,winter,normal,normal_full_operation,0.28526667,normal,false,0.00000000,false,0.33333333,none
V08-CON-CHU-WIN-03,phase_unavailable,chungju,winter,normal,normal_full_operation,0.31120000,normal,false,0.02593333,false,0.33333333,none
V08-CON-CHU-WIN-04,as_observed,chungju,winter,normal,twilight_boundary_operation,0.06143333,normal,false,0.00000000,false,0.66666667,none
V08-CON-CHU-WIN-04,load_unavailable,chungju,winter,normal,twilight_boundary_operation,0.06143333,normal,false,0.00000000,false,0.66666667,none
V08-CON-CHU-WIN-04,weather_unavailable,chungju,winter,normal,twilight_boundary_operation,0.06143333,normal,false,0.00000000,false,0.33333333,none
V08-CON-CHU-WIN-04,phase_unavailable,chungju,winter,normal,twilight_boundary_operation,0.08520000,normal,false,0.02376667,false,0.33333333,none
V08-CON-CHU-WIN-05,as_observed,chungju,winter,normal,twilight_boundary_operation,0.21836667,normal,false,0.00000000,false,0.66666667,none
V08-CON-CHU-WIN-05,load_unavailable,chungju,winter,normal,twilight_boundary_operation,0.21836667,normal,false,0.00000000,false,0.66666667,none
V08-CON-CHU-WIN-05,weather_unavailable,chungju,winter,normal,twilight_boundary_operation,0.21836667,normal,false,0.00000000,false,0.33333333,none
V08-CON-CHU-WIN-05,phase_unavailable,chungju,winter,normal,twilight_boundary_operation,0.24560000,normal,false,0.02723333,false,0.33333333,none
V08-CON-CHU-WIN-06,as_observed,chungju,winter,normal,twilight_boundary_operation,0.48713333,normal,false,0.00000000,false,0.66666667,none
V08-CON-CHU-WIN-06,load_unavailable,chungju,winter,normal,twilight_boundary_operation,0.48713333,normal,false,0.00000000,false,0.66666667,none
V08-CON-CHU-WIN-06,weather_unavailable,chungju,winter,normal,twilight_boundary_operation,0.48713333,normal,false,0.00000000,false,0.33333333,none
V08-CON-CHU-WIN-06,phase_unavailable,chungju,winter,normal,twilight_boundary_operation,0.52800000,abstain,true,0.04086667,true,0.33333333,none
V08-CON-CHU-WIN-07,as_observed,chungju,winter,normal,short_transient_spike,0.00000000,normal,false,0.00000000,false,0.66666667,none
V08-CON-CHU-WIN-07,load_unavailable,chungju,winter,normal,short_transient_spike,0.00000000,normal,false,0.00000000,false,0.66666667,none
V08-CON-CHU-WIN-07,weather_unavailable,chungju,winter,normal,short_transient_spike,0.00000000,normal,false,0.00000000,false,0.33333333,none
V08-CON-CHU-WIN-07,phase_unavailable,chungju,winter,normal,short_transient_spike,0.00000000,normal,false,0.00000000,false,0.33333333,none
V08-CON-CHU-WIN-08,as_observed,chungju,winter,normal,short_transient_spike,0.03480000,normal,false,0.00000000,false,0.33333333,none
V08-CON-CHU-WIN-08,load_unavailable,chungju,winter,normal,short_transient_spike,0.03480000,normal,false,0.00000000,false,0.33333333,none
V08-CON-CHU-WIN-08,weather_unavailable,chungju,winter,normal,short_transient_spike,0.03480000,normal,false,0.00000000,false,0.00000000,none
V08-CON-CHU-WIN-08,phase_unavailable,chungju,winter,normal,short_transient_spike,0.03480000,normal,false,0.00000000,false,0.33333333,none
V08-CON-CHU-WIN-09,as_observed,chungju,winter,normal,short_transient_spike,0.03480000,normal,false,0.00000000,false,0.33333333,none
V08-CON-CHU-WIN-09,load_unavailable,chungju,winter,normal,short_transient_spike,0.03480000,normal,false,0.00000000,false,0.33333333,none
V08-CON-CHU-WIN-09,weather_unavailable,chungju,winter,normal,short_transient_spike,0.03480000,normal,false,0.00000000,false,0.00000000,none
V08-CON-CHU-WIN-09,phase_unavailable,chungju,winter,normal,short_transient_spike,0.03480000,normal,false,0.00000000,false,0.33333333,none
V08-CON-CHU-WIN-10,as_observed,chungju,winter,normal,allowed_partial_operation,0.22533333,normal,false,0.00000000,false,0.66666667,none
V08-CON-CHU-WIN-10,load_unavailable,chungju,winter,normal,allowed_partial_operation,0.22533333,normal,false,0.00000000,false,0.66666667,none
V08-CON-CHU-WIN-10,weather_unavailable,chungju,winter,normal,allowed_partial_operation,0.22533333,normal,false,0.00000000,false,0.33333333,none
V08-CON-CHU-WIN-10,phase_unavailable,chungju,winter,normal,allowed_partial_operation,0.26400000,normal,false,0.03866667,false,0.33333333,none
V08-CON-CHU-WIN-11,as_observed,chungju,winter,normal,allowed_partial_operation,0.02476667,normal,false,0.00000000,false,0.66666667,none
V08-CON-CHU-WIN-11,load_unavailable,chungju,winter,normal,allowed_partial_operation,0.02476667,normal,false,0.00000000,false,0.66666667,none
V08-CON-CHU-WIN-11,weather_unavailable,chungju,winter,normal,allowed_partial_operation,0.02476667,normal,false,0.00000000,false,0.33333333,none
V08-CON-CHU-WIN-11,phase_unavailable,chungju,winter,normal,allowed_partial_operation,0.03440000,normal,false,0.00963333,false,0.33333333,none
V08-CON-CHU-WIN-12,as_observed,chungju,winter,normal,allowed_partial_operation,0.08526667,normal,false,0.00000000,false,0.66666667,none
V08-CON-CHU-WIN-12,load_unavailable,chungju,winter,normal,allowed_partial_operation,0.08526667,normal,false,0.00000000,false,0.66666667,none
V08-CON-CHU-WIN-12,weather_unavailable,chungju,winter,normal,allowed_partial_operation,0.08526667,normal,false,0.00000000,false,0.33333333,none
V08-CON-CHU-WIN-12,phase_unavailable,chungju,winter,normal,allowed_partial_operation,0.11120000,normal,false,0.02593333,false,0.33333333,none
V08-CON-CHU-WIN-13,as_observed,chungju,winter,normal,temporary_load_fluctuation,0.02476667,normal,false,0.00000000,false,0.66666667,none
V08-CON-CHU-WIN-13,load_unavailable,chungju,winter,normal,temporary_load_fluctuation,0.02476667,normal,false,0.00000000,false,0.66666667,none
V08-CON-CHU-WIN-13,weather_unavailable,chungju,winter,normal,temporary_load_fluctuation,0.02476667,normal,false,0.00000000,false,0.33333333,none
V08-CON-CHU-WIN-13,phase_unavailable,chungju,winter,normal,temporary_load_fluctuation,0.03440000,normal,false,0.00963333,false,0.33333333,none
V08-CON-CHU-WIN-14,as_observed,chungju,winter,normal,temporary_load_fluctuation,0.02476667,normal,false,0.00000000,false,0.66666667,none
V08-CON-CHU-WIN-14,load_unavailable,chungju,winter,normal,temporary_load_fluctuation,0.02476667,normal,false,0.00000000,false,0.66666667,none
V08-CON-CHU-WIN-14,weather_unavailable,chungju,winter,normal,temporary_load_fluctuation,0.02476667,normal,false,0.00000000,false,0.33333333,none
V08-CON-CHU-WIN-14,phase_unavailable,chungju,winter,normal,temporary_load_fluctuation,0.03440000,normal,false,0.00963333,false,0.33333333,none
V08-CON-CHU-WIN-15,as_observed,chungju,winter,normal,feature_missing_normal,0.15760000,normal,false,0.00000000,false,0.33333333,none
V08-CON-CHU-WIN-15,load_unavailable,chungju,winter,normal,feature_missing_normal,0.15760000,normal,false,0.00000000,false,0.33333333,none
V08-CON-CHU-WIN-15,weather_unavailable,chungju,winter,normal,feature_missing_normal,0.15760000,normal,false,0.00000000,false,0.00000000,none
V08-CON-CHU-WIN-15,phase_unavailable,chungju,winter,normal,feature_missing_normal,0.15760000,normal,false,0.00000000,false,0.33333333,none
V08-CON-CHU-WIN-16,as_observed,chungju,winter,normal,feature_missing_normal,0.42533333,normal,false,0.00000000,false,0.66666667,none
V08-CON-CHU-WIN-16,load_unavailable,chungju,winter,normal,feature_missing_normal,0.42533333,normal,false,0.00000000,false,0.66666667,none
V08-CON-CHU-WIN-16,weather_unavailable,chungju,winter,normal,feature_missing_normal,0.42533333,normal,false,0.00000000,false,0.33333333,none
V08-CON-CHU-WIN-16,phase_unavailable,chungju,winter,normal,feature_missing_normal,0.46400000,normal,false,0.03866667,false,0.33333333,none
V08-CON-CHU-WIN-17,as_observed,chungju,winter,normal,high_cloud_or_rainfall_hard_negative,0.65836667,anomaly,false,0.00000000,false,0.66666667,none
V08-CON-CHU-WIN-17,load_unavailable,chungju,winter,normal,high_cloud_or_rainfall_hard_negative,0.65836667,anomaly,false,0.00000000,false,0.66666667,none
V08-CON-CHU-WIN-17,weather_unavailable,chungju,winter,normal,high_cloud_or_rainfall_hard_negative,0.65836667,anomaly,false,0.00000000,false,0.33333333,none
V08-CON-CHU-WIN-17,phase_unavailable,chungju,winter,normal,high_cloud_or_rainfall_hard_negative,0.72560000,anomaly,false,0.06723333,false,0.33333333,none
V08-CON-CHU-WIN-18,as_observed,chungju,winter,normal,high_cloud_or_rainfall_hard_negative,1.00000000,anomaly,false,0.00000000,false,0.66666667,none
V08-CON-CHU-WIN-18,load_unavailable,chungju,winter,normal,high_cloud_or_rainfall_hard_negative,1.00000000,anomaly,false,0.00000000,false,0.66666667,none
V08-CON-CHU-WIN-18,weather_unavailable,chungju,winter,normal,high_cloud_or_rainfall_hard_negative,1.00000000,anomaly,false,0.00000000,false,0.33333333,none
V08-CON-CHU-WIN-18,phase_unavailable,chungju,winter,normal,high_cloud_or_rainfall_hard_negative,1.00000000,anomaly,false,0.00000000,false,0.33333333,none
V08-CON-CHU-WIN-19,as_observed,chungju,winter,abnormal,post_sunrise_persistent_activation,0.46933333,normal,false,0.00000000,false,0.66666667,none
V08-CON-CHU-WIN-19,load_unavailable,chungju,winter,abnormal,post_sunrise_persistent_activation,0.46933333,normal,false,0.00000000,false,0.66666667,none
V08-CON-CHU-WIN-19,weather_unavailable,chungju,winter,abnormal,post_sunrise_persistent_activation,0.46933333,normal,false,0.00000000,false,0.33333333,none
V08-CON-CHU-WIN-19,phase_unavailable,chungju,winter,abnormal,post_sunrise_persistent_activation,0.44000000,normal,false,-0.02933333,false,0.33333333,none
V08-CON-CHU-WIN-20,as_observed,chungju,winter,abnormal,post_sunrise_persistent_activation,1.00000000,anomaly,false,0.00000000,false,0.66666667,none
V08-CON-CHU-WIN-20,load_unavailable,chungju,winter,abnormal,post_sunrise_persistent_activation,1.00000000,anomaly,false,0.00000000,false,0.66666667,none
V08-CON-CHU-WIN-20,weather_unavailable,chungju,winter,abnormal,post_sunrise_persistent_activation,1.00000000,anomaly,false,0.00000000,false,0.33333333,none
V08-CON-CHU-WIN-20,phase_unavailable,chungju,winter,abnormal,post_sunrise_persistent_activation,0.99120000,anomaly,false,-0.00880000,false,0.33333333,none
V08-CON-CHU-WIN-21,as_observed,chungju,winter,abnormal,post_sunrise_persistent_activation,1.00000000,anomaly,false,0.00000000,false,0.66666667,none
V08-CON-CHU-WIN-21,load_unavailable,chungju,winter,abnormal,post_sunrise_persistent_activation,1.00000000,anomaly,false,0.00000000,false,0.66666667,none
V08-CON-CHU-WIN-21,weather_unavailable,chungju,winter,abnormal,post_sunrise_persistent_activation,1.00000000,anomaly,false,0.00000000,false,0.33333333,none
V08-CON-CHU-WIN-21,phase_unavailable,chungju,winter,abnormal,post_sunrise_persistent_activation,1.00000000,anomaly,false,0.00000000,false,0.33333333,none
V08-CON-CHU-WIN-22,as_observed,chungju,winter,abnormal,deep_day_partial_activation,0.46933333,normal,false,0.00000000,false,0.66666667,none
V08-CON-CHU-WIN-22,load_unavailable,chungju,winter,abnormal,deep_day_partial_activation,0.46933333,normal,false,0.00000000,false,0.66666667,none
V08-CON-CHU-WIN-22,weather_unavailable,chungju,winter,abnormal,deep_day_partial_activation,0.46933333,normal,false,0.00000000,false,0.33333333,none
V08-CON-CHU-WIN-22,phase_unavailable,chungju,winter,abnormal,deep_day_partial_activation,0.44000000,normal,false,-0.02933333,false,0.33333333,none
V08-CON-CHU-WIN-23,as_observed,chungju,winter,abnormal,deep_day_partial_activation,0.66256667,anomaly,false,0.00000000,false,0.66666667,none
V08-CON-CHU-WIN-23,load_unavailable,chungju,winter,abnormal,deep_day_partial_activation,0.66256667,anomaly,false,0.00000000,false,0.66666667,none
V08-CON-CHU-WIN-23,weather_unavailable,chungju,winter,abnormal,deep_day_partial_activation,0.66256667,anomaly,false,0.00000000,false,0.33333333,none
V08-CON-CHU-WIN-23,phase_unavailable,chungju,winter,abnormal,deep_day_partial_activation,0.56080000,abstain,true,-0.10176667,true,0.33333333,none
V08-CON-CHU-WIN-24,as_observed,chungju,winter,abnormal,deep_day_partial_activation,1.00000000,anomaly,false,0.00000000,false,0.66666667,none
V08-CON-CHU-WIN-24,load_unavailable,chungju,winter,abnormal,deep_day_partial_activation,1.00000000,anomaly,false,0.00000000,false,0.66666667,none
V08-CON-CHU-WIN-24,weather_unavailable,chungju,winter,abnormal,deep_day_partial_activation,1.00000000,anomaly,false,0.00000000,false,0.33333333,none
V08-CON-CHU-WIN-24,phase_unavailable,chungju,winter,abnormal,deep_day_partial_activation,1.00000000,anomaly,false,0.00000000,false,0.33333333,none
V08-CON-CHU-WIN-25,as_observed,chungju,winter,abnormal,deep_day_full_activation,0.66256667,anomaly,false,0.00000000,false,0.66666667,none
V08-CON-CHU-WIN-25,load_unavailable,chungju,winter,abnormal,deep_day_full_activation,0.66256667,anomaly,false,0.00000000,false,0.66666667,none
V08-CON-CHU-WIN-25,weather_unavailable,chungju,winter,abnormal,deep_day_full_activation,0.66256667,anomaly,false,0.00000000,false,0.33333333,none
V08-CON-CHU-WIN-25,phase_unavailable,chungju,winter,abnormal,deep_day_full_activation,0.56080000,abstain,true,-0.10176667,true,0.33333333,none
V08-CON-CHU-WIN-26,as_observed,chungju,winter,abnormal,deep_day_full_activation,0.66256667,anomaly,false,0.00000000,false,0.66666667,none
V08-CON-CHU-WIN-26,load_unavailable,chungju,winter,abnormal,deep_day_full_activation,0.66256667,anomaly,false,0.00000000,false,0.66666667,none
V08-CON-CHU-WIN-26,weather_unavailable,chungju,winter,abnormal,deep_day_full_activation,0.66256667,anomaly,false,0.00000000,false,0.33333333,none
V08-CON-CHU-WIN-26,phase_unavailable,chungju,winter,abnormal,deep_day_full_activation,0.56080000,abstain,true,-0.10176667,true,0.33333333,none
V08-CON-CHU-WIN-27,as_observed,chungju,winter,abnormal,phase_selective_activation,1.00000000,anomaly,false,0.00000000,false,0.66666667,none
V08-CON-CHU-WIN-27,load_unavailable,chungju,winter,abnormal,phase_selective_activation,1.00000000,anomaly,false,0.00000000,false,0.66666667,none
V08-CON-CHU-WIN-27,weather_unavailable,chungju,winter,abnormal,phase_selective_activation,1.00000000,anomaly,false,0.00000000,false,0.33333333,none
V08-CON-CHU-WIN-27,phase_unavailable,chungju,winter,abnormal,phase_selective_activation,0.86800000,anomaly,false,-0.13200000,false,0.33333333,none
V08-CON-CHU-WIN-28,as_observed,chungju,winter,abnormal,phase_selective_activation,0.46933333,normal,false,0.00000000,false,0.66666667,none
V08-CON-CHU-WIN-28,load_unavailable,chungju,winter,abnormal,phase_selective_activation,0.46933333,normal,false,0.00000000,false,0.66666667,none
V08-CON-CHU-WIN-28,weather_unavailable,chungju,winter,abnormal,phase_selective_activation,0.46933333,normal,false,0.00000000,false,0.33333333,none
V08-CON-CHU-WIN-28,phase_unavailable,chungju,winter,abnormal,phase_selective_activation,0.44000000,normal,false,-0.02933333,false,0.33333333,none
V08-CON-CHU-WIN-29,as_observed,chungju,winter,abnormal,weak_long_duration_activation,0.85983333,anomaly,false,0.00000000,false,0.66666667,none
V08-CON-CHU-WIN-29,load_unavailable,chungju,winter,abnormal,weak_long_duration_activation,0.85983333,anomaly,false,0.00000000,false,0.66666667,none
V08-CON-CHU-WIN-29,weather_unavailable,chungju,winter,abnormal,weak_long_duration_activation,0.85983333,anomaly,false,0.00000000,false,0.33333333,none
V08-CON-CHU-WIN-29,phase_unavailable,chungju,winter,abnormal,weak_long_duration_activation,0.77600000,anomaly,false,-0.08383333,false,0.33333333,none
V08-CON-CHU-WIN-30,as_observed,chungju,winter,abnormal,weak_long_duration_activation,1.00000000,anomaly,false,0.00000000,false,0.66666667,none
V08-CON-CHU-WIN-30,load_unavailable,chungju,winter,abnormal,weak_long_duration_activation,1.00000000,anomaly,false,0.00000000,false,0.66666667,none
V08-CON-CHU-WIN-30,weather_unavailable,chungju,winter,abnormal,weak_long_duration_activation,1.00000000,anomaly,false,0.00000000,false,0.33333333,none
V08-CON-CHU-WIN-30,phase_unavailable,chungju,winter,abnormal,weak_long_duration_activation,1.00000000,anomaly,false,0.00000000,false,0.33333333,none
V08-CON-CHU-WIN-31,as_observed,chungju,winter,abnormal,moderate_load_mismatch,0.33366667,normal,false,0.00000000,false,0.66666667,none
V08-CON-CHU-WIN-31,load_unavailable,chungju,winter,abnormal,moderate_load_mismatch,0.33366667,normal,false,0.00000000,false,0.66666667,none
V08-CON-CHU-WIN-31,weather_unavailable,chungju,winter,abnormal,moderate_load_mismatch,0.33366667,normal,false,0.00000000,false,0.33333333,none
V08-CON-CHU-WIN-31,phase_unavailable,chungju,winter,abnormal,moderate_load_mismatch,0.29200000,normal,false,-0.04166667,false,0.33333333,none
V08-CON-CHU-WIN-32,as_observed,chungju,winter,abnormal,moderate_load_mismatch,0.85983333,anomaly,false,0.00000000,false,0.66666667,none
V08-CON-CHU-WIN-32,load_unavailable,chungju,winter,abnormal,moderate_load_mismatch,0.85983333,anomaly,false,0.00000000,false,0.66666667,none
V08-CON-CHU-WIN-32,weather_unavailable,chungju,winter,abnormal,moderate_load_mismatch,0.85983333,anomaly,false,0.00000000,false,0.33333333,none
V08-CON-CHU-WIN-32,phase_unavailable,chungju,winter,abnormal,moderate_load_mismatch,0.77600000,anomaly,false,-0.08383333,false,0.33333333,none
V08-CON-CHU-WIN-33,as_observed,chungju,winter,abnormal,partial_activation_long_persistence,1.00000000,anomaly,false,0.00000000,false,0.66666667,none
V08-CON-CHU-WIN-33,load_unavailable,chungju,winter,abnormal,partial_activation_long_persistence,1.00000000,anomaly,false,0.00000000,false,0.66666667,none
V08-CON-CHU-WIN-33,weather_unavailable,chungju,winter,abnormal,partial_activation_long_persistence,1.00000000,anomaly,false,0.00000000,false,0.33333333,none
V08-CON-CHU-WIN-33,phase_unavailable,chungju,winter,abnormal,partial_activation_long_persistence,1.00000000,anomaly,false,0.00000000,false,0.33333333,none
V08-CON-CHU-WIN-34,as_observed,chungju,winter,abnormal,partial_activation_long_persistence,0.60500000,anomaly,false,0.00000000,false,0.66666667,none
V08-CON-CHU-WIN-34,load_unavailable,chungju,winter,abnormal,partial_activation_long_persistence,0.60500000,anomaly,false,0.00000000,false,0.66666667,none
V08-CON-CHU-WIN-34,weather_unavailable,chungju,winter,abnormal,partial_activation_long_persistence,0.60500000,anomaly,false,0.00000000,false,0.33333333,none
V08-CON-CHU-WIN-34,phase_unavailable,chungju,winter,abnormal,partial_activation_long_persistence,0.58800000,abstain,true,-0.01700000,true,0.33333333,none
V08-CON-CHU-WIN-35,as_observed,chungju,winter,abnormal,phase_anomaly_moderate_activation,0.66256667,anomaly,false,0.00000000,false,0.66666667,none
V08-CON-CHU-WIN-35,load_unavailable,chungju,winter,abnormal,phase_anomaly_moderate_activation,0.66256667,anomaly,false,0.00000000,false,0.66666667,none
V08-CON-CHU-WIN-35,weather_unavailable,chungju,winter,abnormal,phase_anomaly_moderate_activation,0.66256667,anomaly,false,0.00000000,false,0.33333333,none
V08-CON-CHU-WIN-35,phase_unavailable,chungju,winter,abnormal,phase_anomaly_moderate_activation,0.56080000,abstain,true,-0.10176667,true,0.33333333,none
V08-CON-CHU-WIN-36,as_observed,chungju,winter,abnormal,phase_anomaly_moderate_activation,1.00000000,anomaly,false,0.00000000,false,0.66666667,none
V08-CON-CHU-WIN-36,load_unavailable,chungju,winter,abnormal,phase_anomaly_moderate_activation,1.00000000,anomaly,false,0.00000000,false,0.66666667,none
V08-CON-CHU-WIN-36,weather_unavailable,chungju,winter,abnormal,phase_anomaly_moderate_activation,1.00000000,anomaly,false,0.00000000,false,0.33333333,none
V08-CON-CHU-WIN-36,phase_unavailable,chungju,winter,abnormal,phase_anomaly_moderate_activation,1.00000000,anomaly,false,0.00000000,false,0.33333333,none
V08-CON-CHU-SPR-01,as_observed,chungju,spring,normal,normal_full_operation,0.28526667,normal,false,0.00000000,false,0.66666667,none
V08-CON-CHU-SPR-01,load_unavailable,chungju,spring,normal,normal_full_operation,0.28526667,normal,false,0.00000000,false,0.66666667,none
V08-CON-CHU-SPR-01,weather_unavailable,chungju,spring,normal,normal_full_operation,0.28526667,normal,false,0.00000000,false,0.33333333,none
V08-CON-CHU-SPR-01,phase_unavailable,chungju,spring,normal,normal_full_operation,0.31120000,normal,false,0.02593333,false,0.33333333,none
V08-CON-CHU-SPR-02,as_observed,chungju,spring,normal,normal_full_operation,0.37400000,normal,false,0.00000000,false,0.66666667,none
V08-CON-CHU-SPR-02,load_unavailable,chungju,spring,normal,normal_full_operation,0.37400000,normal,false,0.00000000,false,0.66666667,none
V08-CON-CHU-SPR-02,weather_unavailable,chungju,spring,normal,normal_full_operation,0.37400000,normal,false,0.00000000,false,0.33333333,none
V08-CON-CHU-SPR-02,phase_unavailable,chungju,spring,normal,normal_full_operation,0.38640000,normal,false,0.01240000,false,0.33333333,none
V08-CON-CHU-SPR-03,as_observed,chungju,spring,normal,normal_full_operation,0.28526667,normal,false,0.00000000,false,0.66666667,none
V08-CON-CHU-SPR-03,load_unavailable,chungju,spring,normal,normal_full_operation,0.28526667,normal,false,0.00000000,false,0.66666667,none
V08-CON-CHU-SPR-03,weather_unavailable,chungju,spring,normal,normal_full_operation,0.28526667,normal,false,0.00000000,false,0.33333333,none
V08-CON-CHU-SPR-03,phase_unavailable,chungju,spring,normal,normal_full_operation,0.31120000,normal,false,0.02593333,false,0.33333333,none
V08-CON-CHU-SPR-04,as_observed,chungju,spring,normal,twilight_boundary_operation,0.21836667,normal,false,0.00000000,false,0.66666667,none
V08-CON-CHU-SPR-04,load_unavailable,chungju,spring,normal,twilight_boundary_operation,0.21836667,normal,false,0.00000000,false,0.66666667,none
V08-CON-CHU-SPR-04,weather_unavailable,chungju,spring,normal,twilight_boundary_operation,0.21836667,normal,false,0.00000000,false,0.33333333,none
V08-CON-CHU-SPR-04,phase_unavailable,chungju,spring,normal,twilight_boundary_operation,0.24560000,normal,false,0.02723333,false,0.33333333,none
V08-CON-CHU-SPR-05,as_observed,chungju,spring,normal,twilight_boundary_operation,0.48713333,normal,false,0.00000000,false,0.66666667,none
V08-CON-CHU-SPR-05,load_unavailable,chungju,spring,normal,twilight_boundary_operation,0.48713333,normal,false,0.00000000,false,0.66666667,none
V08-CON-CHU-SPR-05,weather_unavailable,chungju,spring,normal,twilight_boundary_operation,0.48713333,normal,false,0.00000000,false,0.33333333,none
V08-CON-CHU-SPR-05,phase_unavailable,chungju,spring,normal,twilight_boundary_operation,0.52800000,abstain,true,0.04086667,true,0.33333333,none
V08-CON-CHU-SPR-06,as_observed,chungju,spring,normal,twilight_boundary_operation,0.48713333,normal,false,0.00000000,false,0.66666667,none
V08-CON-CHU-SPR-06,load_unavailable,chungju,spring,normal,twilight_boundary_operation,0.48713333,normal,false,0.00000000,false,0.66666667,none
V08-CON-CHU-SPR-06,weather_unavailable,chungju,spring,normal,twilight_boundary_operation,0.48713333,normal,false,0.00000000,false,0.33333333,none
V08-CON-CHU-SPR-06,phase_unavailable,chungju,spring,normal,twilight_boundary_operation,0.52800000,abstain,true,0.04086667,true,0.33333333,none
V08-CON-CHU-SPR-07,as_observed,chungju,spring,normal,short_transient_spike,0.01523333,normal,false,0.00000000,false,0.66666667,none
V08-CON-CHU-SPR-07,load_unavailable,chungju,spring,normal,short_transient_spike,0.01523333,normal,false,0.00000000,false,0.66666667,none
V08-CON-CHU-SPR-07,weather_unavailable,chungju,spring,normal,short_transient_spike,0.01523333,normal,false,0.00000000,false,0.33333333,none
V08-CON-CHU-SPR-07,phase_unavailable,chungju,spring,normal,short_transient_spike,0.03480000,normal,false,0.01956667,false,0.33333333,none
V08-CON-CHU-SPR-08,as_observed,chungju,spring,normal,short_transient_spike,0.00000000,normal,false,0.00000000,false,0.66666667,none
V08-CON-CHU-SPR-08,load_unavailable,chungju,spring,normal,short_transient_spike,0.00000000,normal,false,0.00000000,false,0.66666667,none
V08-CON-CHU-SPR-08,weather_unavailable,chungju,spring,normal,short_transient_spike,0.00000000,normal,false,0.00000000,false,0.33333333,none
V08-CON-CHU-SPR-08,phase_unavailable,chungju,spring,normal,short_transient_spike,0.00000000,normal,false,0.00000000,false,0.33333333,none
V08-CON-CHU-SPR-09,as_observed,chungju,spring,normal,short_transient_spike,0.03480000,normal,false,0.00000000,false,0.33333333,none
V08-CON-CHU-SPR-09,load_unavailable,chungju,spring,normal,short_transient_spike,0.03480000,normal,false,0.00000000,false,0.33333333,none
V08-CON-CHU-SPR-09,weather_unavailable,chungju,spring,normal,short_transient_spike,0.03480000,normal,false,0.00000000,false,0.00000000,none
V08-CON-CHU-SPR-09,phase_unavailable,chungju,spring,normal,short_transient_spike,0.03480000,normal,false,0.00000000,false,0.33333333,none
V08-CON-CHU-SPR-10,as_observed,chungju,spring,normal,allowed_partial_operation,0.22533333,normal,false,0.00000000,false,0.66666667,none
V08-CON-CHU-SPR-10,load_unavailable,chungju,spring,normal,allowed_partial_operation,0.22533333,normal,false,0.00000000,false,0.66666667,none
V08-CON-CHU-SPR-10,weather_unavailable,chungju,spring,normal,allowed_partial_operation,0.22533333,normal,false,0.00000000,false,0.33333333,none
V08-CON-CHU-SPR-10,phase_unavailable,chungju,spring,normal,allowed_partial_operation,0.26400000,normal,false,0.03866667,false,0.33333333,none
V08-CON-CHU-SPR-11,as_observed,chungju,spring,normal,allowed_partial_operation,0.02476667,normal,false,0.00000000,false,0.66666667,none
V08-CON-CHU-SPR-11,load_unavailable,chungju,spring,normal,allowed_partial_operation,0.02476667,normal,false,0.00000000,false,0.66666667,none
V08-CON-CHU-SPR-11,weather_unavailable,chungju,spring,normal,allowed_partial_operation,0.02476667,normal,false,0.00000000,false,0.33333333,none
V08-CON-CHU-SPR-11,phase_unavailable,chungju,spring,normal,allowed_partial_operation,0.03440000,normal,false,0.00963333,false,0.33333333,none
V08-CON-CHU-SPR-12,as_observed,chungju,spring,normal,allowed_partial_operation,0.06913333,normal,false,0.00000000,false,0.66666667,none
V08-CON-CHU-SPR-12,load_unavailable,chungju,spring,normal,allowed_partial_operation,0.06913333,normal,false,0.00000000,false,0.66666667,none
V08-CON-CHU-SPR-12,weather_unavailable,chungju,spring,normal,allowed_partial_operation,0.06913333,normal,false,0.00000000,false,0.33333333,none
V08-CON-CHU-SPR-12,phase_unavailable,chungju,spring,normal,allowed_partial_operation,0.07200000,normal,false,0.00286667,false,0.33333333,none
V08-CON-CHU-SPR-13,as_observed,chungju,spring,normal,temporary_load_fluctuation,0.02476667,normal,false,0.00000000,false,0.66666667,none
V08-CON-CHU-SPR-13,load_unavailable,chungju,spring,normal,temporary_load_fluctuation,0.02476667,normal,false,0.00000000,false,0.66666667,none
V08-CON-CHU-SPR-13,weather_unavailable,chungju,spring,normal,temporary_load_fluctuation,0.02476667,normal,false,0.00000000,false,0.33333333,none
V08-CON-CHU-SPR-13,phase_unavailable,chungju,spring,normal,temporary_load_fluctuation,0.03440000,normal,false,0.00963333,false,0.33333333,none
V08-CON-CHU-SPR-14,as_observed,chungju,spring,normal,temporary_load_fluctuation,0.02476667,normal,false,0.00000000,false,0.66666667,none
V08-CON-CHU-SPR-14,load_unavailable,chungju,spring,normal,temporary_load_fluctuation,0.02476667,normal,false,0.00000000,false,0.66666667,none
V08-CON-CHU-SPR-14,weather_unavailable,chungju,spring,normal,temporary_load_fluctuation,0.02476667,normal,false,0.00000000,false,0.33333333,none
V08-CON-CHU-SPR-14,phase_unavailable,chungju,spring,normal,temporary_load_fluctuation,0.03440000,normal,false,0.00963333,false,0.33333333,none
V08-CON-CHU-SPR-15,as_observed,chungju,spring,normal,feature_missing_normal,0.15760000,normal,false,0.00000000,false,0.33333333,none
V08-CON-CHU-SPR-15,load_unavailable,chungju,spring,normal,feature_missing_normal,0.15760000,normal,false,0.00000000,false,0.33333333,none
V08-CON-CHU-SPR-15,weather_unavailable,chungju,spring,normal,feature_missing_normal,0.15760000,normal,false,0.00000000,false,0.00000000,none
V08-CON-CHU-SPR-15,phase_unavailable,chungju,spring,normal,feature_missing_normal,0.15760000,normal,false,0.00000000,false,0.33333333,none
V08-CON-CHU-SPR-16,as_observed,chungju,spring,normal,feature_missing_normal,0.42533333,normal,false,0.00000000,false,0.66666667,none
V08-CON-CHU-SPR-16,load_unavailable,chungju,spring,normal,feature_missing_normal,0.42533333,normal,false,0.00000000,false,0.66666667,none
V08-CON-CHU-SPR-16,weather_unavailable,chungju,spring,normal,feature_missing_normal,0.42533333,normal,false,0.00000000,false,0.33333333,none
V08-CON-CHU-SPR-16,phase_unavailable,chungju,spring,normal,feature_missing_normal,0.46400000,normal,false,0.03866667,false,0.33333333,none
V08-CON-CHU-SPR-17,as_observed,chungju,spring,normal,high_cloud_or_rainfall_hard_negative,0.65836667,anomaly,false,0.00000000,false,0.66666667,none
V08-CON-CHU-SPR-17,load_unavailable,chungju,spring,normal,high_cloud_or_rainfall_hard_negative,0.65836667,anomaly,false,0.00000000,false,0.66666667,none
V08-CON-CHU-SPR-17,weather_unavailable,chungju,spring,normal,high_cloud_or_rainfall_hard_negative,0.65836667,anomaly,false,0.00000000,false,0.33333333,none
V08-CON-CHU-SPR-17,phase_unavailable,chungju,spring,normal,high_cloud_or_rainfall_hard_negative,0.72560000,anomaly,false,0.06723333,false,0.33333333,none
V08-CON-CHU-SPR-18,as_observed,chungju,spring,normal,high_cloud_or_rainfall_hard_negative,1.00000000,anomaly,false,0.00000000,false,0.66666667,none
V08-CON-CHU-SPR-18,load_unavailable,chungju,spring,normal,high_cloud_or_rainfall_hard_negative,1.00000000,anomaly,false,0.00000000,false,0.66666667,none
V08-CON-CHU-SPR-18,weather_unavailable,chungju,spring,normal,high_cloud_or_rainfall_hard_negative,1.00000000,anomaly,false,0.00000000,false,0.33333333,none
V08-CON-CHU-SPR-18,phase_unavailable,chungju,spring,normal,high_cloud_or_rainfall_hard_negative,1.00000000,anomaly,false,0.00000000,false,0.33333333,none
V08-CON-CHU-SPR-19,as_observed,chungju,spring,abnormal,post_sunrise_persistent_activation,0.46933333,normal,false,0.00000000,false,0.66666667,none
V08-CON-CHU-SPR-19,load_unavailable,chungju,spring,abnormal,post_sunrise_persistent_activation,0.46933333,normal,false,0.00000000,false,0.66666667,none
V08-CON-CHU-SPR-19,weather_unavailable,chungju,spring,abnormal,post_sunrise_persistent_activation,0.46933333,normal,false,0.00000000,false,0.33333333,none
V08-CON-CHU-SPR-19,phase_unavailable,chungju,spring,abnormal,post_sunrise_persistent_activation,0.44000000,normal,false,-0.02933333,false,0.33333333,none
V08-CON-CHU-SPR-20,as_observed,chungju,spring,abnormal,post_sunrise_persistent_activation,1.00000000,anomaly,false,0.00000000,false,0.66666667,none
V08-CON-CHU-SPR-20,load_unavailable,chungju,spring,abnormal,post_sunrise_persistent_activation,1.00000000,anomaly,false,0.00000000,false,0.66666667,none
V08-CON-CHU-SPR-20,weather_unavailable,chungju,spring,abnormal,post_sunrise_persistent_activation,1.00000000,anomaly,false,0.00000000,false,0.33333333,none
V08-CON-CHU-SPR-20,phase_unavailable,chungju,spring,abnormal,post_sunrise_persistent_activation,1.00000000,anomaly,false,0.00000000,false,0.33333333,none
V08-CON-CHU-SPR-21,as_observed,chungju,spring,abnormal,post_sunrise_persistent_activation,0.60500000,anomaly,false,0.00000000,false,0.66666667,none
V08-CON-CHU-SPR-21,load_unavailable,chungju,spring,abnormal,post_sunrise_persistent_activation,0.60500000,anomaly,false,0.00000000,false,0.66666667,none
V08-CON-CHU-SPR-21,weather_unavailable,chungju,spring,abnormal,post_sunrise_persistent_activation,0.60500000,anomaly,false,0.00000000,false,0.33333333,none
V08-CON-CHU-SPR-21,phase_unavailable,chungju,spring,abnormal,post_sunrise_persistent_activation,0.58800000,abstain,true,-0.01700000,true,0.33333333,none
V08-CON-CHU-SPR-22,as_observed,chungju,spring,abnormal,deep_day_partial_activation,0.46933333,normal,false,0.00000000,false,0.66666667,none
V08-CON-CHU-SPR-22,load_unavailable,chungju,spring,abnormal,deep_day_partial_activation,0.46933333,normal,false,0.00000000,false,0.66666667,none
V08-CON-CHU-SPR-22,weather_unavailable,chungju,spring,abnormal,deep_day_partial_activation,0.46933333,normal,false,0.00000000,false,0.33333333,none
V08-CON-CHU-SPR-22,phase_unavailable,chungju,spring,abnormal,deep_day_partial_activation,0.44000000,normal,false,-0.02933333,false,0.33333333,none
V08-CON-CHU-SPR-23,as_observed,chungju,spring,abnormal,deep_day_partial_activation,0.66256667,anomaly,false,0.00000000,false,0.66666667,none
V08-CON-CHU-SPR-23,load_unavailable,chungju,spring,abnormal,deep_day_partial_activation,0.66256667,anomaly,false,0.00000000,false,0.66666667,none
V08-CON-CHU-SPR-23,weather_unavailable,chungju,spring,abnormal,deep_day_partial_activation,0.66256667,anomaly,false,0.00000000,false,0.33333333,none
V08-CON-CHU-SPR-23,phase_unavailable,chungju,spring,abnormal,deep_day_partial_activation,0.56080000,abstain,true,-0.10176667,true,0.33333333,none
V08-CON-CHU-SPR-24,as_observed,chungju,spring,abnormal,deep_day_partial_activation,1.00000000,anomaly,false,0.00000000,false,0.66666667,none
V08-CON-CHU-SPR-24,load_unavailable,chungju,spring,abnormal,deep_day_partial_activation,1.00000000,anomaly,false,0.00000000,false,0.66666667,none
V08-CON-CHU-SPR-24,weather_unavailable,chungju,spring,abnormal,deep_day_partial_activation,1.00000000,anomaly,false,0.00000000,false,0.33333333,none
V08-CON-CHU-SPR-24,phase_unavailable,chungju,spring,abnormal,deep_day_partial_activation,1.00000000,anomaly,false,0.00000000,false,0.33333333,none
V08-CON-CHU-SPR-25,as_observed,chungju,spring,abnormal,deep_day_full_activation,0.26583333,normal,false,0.00000000,false,0.66666667,none
V08-CON-CHU-SPR-25,load_unavailable,chungju,spring,abnormal,deep_day_full_activation,0.26583333,normal,false,0.00000000,false,0.66666667,none
V08-CON-CHU-SPR-25,weather_unavailable,chungju,spring,abnormal,deep_day_full_activation,0.26583333,normal,false,0.00000000,false,0.33333333,none
V08-CON-CHU-SPR-25,phase_unavailable,chungju,spring,abnormal,deep_day_full_activation,0.21800000,normal,false,-0.04783333,false,0.33333333,none
V08-CON-CHU-SPR-26,as_observed,chungju,spring,abnormal,deep_day_full_activation,0.66256667,anomaly,false,0.00000000,false,0.66666667,none
V08-CON-CHU-SPR-26,load_unavailable,chungju,spring,abnormal,deep_day_full_activation,0.66256667,anomaly,false,0.00000000,false,0.66666667,none
V08-CON-CHU-SPR-26,weather_unavailable,chungju,spring,abnormal,deep_day_full_activation,0.66256667,anomaly,false,0.00000000,false,0.33333333,none
V08-CON-CHU-SPR-26,phase_unavailable,chungju,spring,abnormal,deep_day_full_activation,0.56080000,abstain,true,-0.10176667,true,0.33333333,none
V08-CON-CHU-SPR-27,as_observed,chungju,spring,abnormal,phase_selective_activation,1.00000000,anomaly,false,0.00000000,false,0.66666667,none
V08-CON-CHU-SPR-27,load_unavailable,chungju,spring,abnormal,phase_selective_activation,1.00000000,anomaly,false,0.00000000,false,0.66666667,none
V08-CON-CHU-SPR-27,weather_unavailable,chungju,spring,abnormal,phase_selective_activation,1.00000000,anomaly,false,0.00000000,false,0.33333333,none
V08-CON-CHU-SPR-27,phase_unavailable,chungju,spring,abnormal,phase_selective_activation,0.86800000,anomaly,false,-0.13200000,false,0.33333333,none
V08-CON-CHU-SPR-28,as_observed,chungju,spring,abnormal,phase_selective_activation,0.46933333,normal,false,0.00000000,false,0.66666667,none
V08-CON-CHU-SPR-28,load_unavailable,chungju,spring,abnormal,phase_selective_activation,0.46933333,normal,false,0.00000000,false,0.66666667,none
V08-CON-CHU-SPR-28,weather_unavailable,chungju,spring,abnormal,phase_selective_activation,0.46933333,normal,false,0.00000000,false,0.33333333,none
V08-CON-CHU-SPR-28,phase_unavailable,chungju,spring,abnormal,phase_selective_activation,0.44000000,normal,false,-0.02933333,false,0.33333333,none
V08-CON-CHU-SPR-29,as_observed,chungju,spring,abnormal,weak_long_duration_activation,0.85983333,anomaly,false,0.00000000,false,0.66666667,none
V08-CON-CHU-SPR-29,load_unavailable,chungju,spring,abnormal,weak_long_duration_activation,0.85983333,anomaly,false,0.00000000,false,0.66666667,none
V08-CON-CHU-SPR-29,weather_unavailable,chungju,spring,abnormal,weak_long_duration_activation,0.85983333,anomaly,false,0.00000000,false,0.33333333,none
V08-CON-CHU-SPR-29,phase_unavailable,chungju,spring,abnormal,weak_long_duration_activation,0.77600000,anomaly,false,-0.08383333,false,0.33333333,none
V08-CON-CHU-SPR-30,as_observed,chungju,spring,abnormal,weak_long_duration_activation,1.00000000,anomaly,false,0.00000000,false,0.66666667,none
V08-CON-CHU-SPR-30,load_unavailable,chungju,spring,abnormal,weak_long_duration_activation,1.00000000,anomaly,false,0.00000000,false,0.66666667,none
V08-CON-CHU-SPR-30,weather_unavailable,chungju,spring,abnormal,weak_long_duration_activation,1.00000000,anomaly,false,0.00000000,false,0.33333333,none
V08-CON-CHU-SPR-30,phase_unavailable,chungju,spring,abnormal,weak_long_duration_activation,1.00000000,anomaly,false,0.00000000,false,0.33333333,none
V08-CON-CHU-SPR-31,as_observed,chungju,spring,abnormal,moderate_load_mismatch,0.33366667,normal,false,0.00000000,false,0.66666667,none
V08-CON-CHU-SPR-31,load_unavailable,chungju,spring,abnormal,moderate_load_mismatch,0.33366667,normal,false,0.00000000,false,0.66666667,none
V08-CON-CHU-SPR-31,weather_unavailable,chungju,spring,abnormal,moderate_load_mismatch,0.33366667,normal,false,0.00000000,false,0.33333333,none
V08-CON-CHU-SPR-31,phase_unavailable,chungju,spring,abnormal,moderate_load_mismatch,0.29200000,normal,false,-0.04166667,false,0.33333333,none
V08-CON-CHU-SPR-32,as_observed,chungju,spring,abnormal,moderate_load_mismatch,0.85983333,anomaly,false,0.00000000,false,0.66666667,none
V08-CON-CHU-SPR-32,load_unavailable,chungju,spring,abnormal,moderate_load_mismatch,0.85983333,anomaly,false,0.00000000,false,0.66666667,none
V08-CON-CHU-SPR-32,weather_unavailable,chungju,spring,abnormal,moderate_load_mismatch,0.85983333,anomaly,false,0.00000000,false,0.33333333,none
V08-CON-CHU-SPR-32,phase_unavailable,chungju,spring,abnormal,moderate_load_mismatch,0.77600000,anomaly,false,-0.08383333,false,0.33333333,none
V08-CON-CHU-SPR-33,as_observed,chungju,spring,abnormal,partial_activation_long_persistence,1.00000000,anomaly,false,0.00000000,false,0.66666667,none
V08-CON-CHU-SPR-33,load_unavailable,chungju,spring,abnormal,partial_activation_long_persistence,1.00000000,anomaly,false,0.00000000,false,0.66666667,none
V08-CON-CHU-SPR-33,weather_unavailable,chungju,spring,abnormal,partial_activation_long_persistence,1.00000000,anomaly,false,0.00000000,false,0.33333333,none
V08-CON-CHU-SPR-33,phase_unavailable,chungju,spring,abnormal,partial_activation_long_persistence,1.00000000,anomaly,false,0.00000000,false,0.33333333,none
V08-CON-CHU-SPR-34,as_observed,chungju,spring,abnormal,partial_activation_long_persistence,0.60500000,anomaly,false,0.00000000,false,0.66666667,none
V08-CON-CHU-SPR-34,load_unavailable,chungju,spring,abnormal,partial_activation_long_persistence,0.60500000,anomaly,false,0.00000000,false,0.66666667,none
V08-CON-CHU-SPR-34,weather_unavailable,chungju,spring,abnormal,partial_activation_long_persistence,0.60500000,anomaly,false,0.00000000,false,0.33333333,none
V08-CON-CHU-SPR-34,phase_unavailable,chungju,spring,abnormal,partial_activation_long_persistence,0.58800000,abstain,true,-0.01700000,true,0.33333333,none
V08-CON-CHU-SPR-35,as_observed,chungju,spring,abnormal,phase_anomaly_moderate_activation,0.66256667,anomaly,false,0.00000000,false,0.66666667,none
V08-CON-CHU-SPR-35,load_unavailable,chungju,spring,abnormal,phase_anomaly_moderate_activation,0.66256667,anomaly,false,0.00000000,false,0.66666667,none
V08-CON-CHU-SPR-35,weather_unavailable,chungju,spring,abnormal,phase_anomaly_moderate_activation,0.66256667,anomaly,false,0.00000000,false,0.33333333,none
V08-CON-CHU-SPR-35,phase_unavailable,chungju,spring,abnormal,phase_anomaly_moderate_activation,0.56080000,abstain,true,-0.10176667,true,0.33333333,none
V08-CON-CHU-SPR-36,as_observed,chungju,spring,abnormal,phase_anomaly_moderate_activation,1.00000000,anomaly,false,0.00000000,false,0.66666667,none
V08-CON-CHU-SPR-36,load_unavailable,chungju,spring,abnormal,phase_anomaly_moderate_activation,1.00000000,anomaly,false,0.00000000,false,0.66666667,none
V08-CON-CHU-SPR-36,weather_unavailable,chungju,spring,abnormal,phase_anomaly_moderate_activation,1.00000000,anomaly,false,0.00000000,false,0.33333333,none
V08-CON-CHU-SPR-36,phase_unavailable,chungju,spring,abnormal,phase_anomaly_moderate_activation,1.00000000,anomaly,false,0.00000000,false,0.33333333,none
V08-CON-CHU-SUM-01,as_observed,chungju,summer,normal,normal_full_operation,0.28526667,normal,false,0.00000000,false,0.66666667,none
V08-CON-CHU-SUM-01,load_unavailable,chungju,summer,normal,normal_full_operation,0.28526667,normal,false,0.00000000,false,0.66666667,none
V08-CON-CHU-SUM-01,weather_unavailable,chungju,summer,normal,normal_full_operation,0.28526667,normal,false,0.00000000,false,0.33333333,none
V08-CON-CHU-SUM-01,phase_unavailable,chungju,summer,normal,normal_full_operation,0.31120000,normal,false,0.02593333,false,0.33333333,none
V08-CON-CHU-SUM-02,as_observed,chungju,summer,normal,normal_full_operation,0.37400000,normal,false,0.00000000,false,0.66666667,none
V08-CON-CHU-SUM-02,load_unavailable,chungju,summer,normal,normal_full_operation,0.37400000,normal,false,0.00000000,false,0.66666667,none
V08-CON-CHU-SUM-02,weather_unavailable,chungju,summer,normal,normal_full_operation,0.37400000,normal,false,0.00000000,false,0.33333333,none
V08-CON-CHU-SUM-02,phase_unavailable,chungju,summer,normal,normal_full_operation,0.38640000,normal,false,0.01240000,false,0.33333333,none
V08-CON-CHU-SUM-03,as_observed,chungju,summer,normal,normal_full_operation,0.37400000,normal,false,0.00000000,false,0.66666667,none
V08-CON-CHU-SUM-03,load_unavailable,chungju,summer,normal,normal_full_operation,0.37400000,normal,false,0.00000000,false,0.66666667,none
V08-CON-CHU-SUM-03,weather_unavailable,chungju,summer,normal,normal_full_operation,0.37400000,normal,false,0.00000000,false,0.33333333,none
V08-CON-CHU-SUM-03,phase_unavailable,chungju,summer,normal,normal_full_operation,0.38640000,normal,false,0.01240000,false,0.33333333,none
V08-CON-CHU-SUM-04,as_observed,chungju,summer,normal,twilight_boundary_operation,0.06143333,normal,false,0.00000000,false,0.66666667,none
V08-CON-CHU-SUM-04,load_unavailable,chungju,summer,normal,twilight_boundary_operation,0.06143333,normal,false,0.00000000,false,0.66666667,none
V08-CON-CHU-SUM-04,weather_unavailable,chungju,summer,normal,twilight_boundary_operation,0.06143333,normal,false,0.00000000,false,0.33333333,none
V08-CON-CHU-SUM-04,phase_unavailable,chungju,summer,normal,twilight_boundary_operation,0.08520000,normal,false,0.02376667,false,0.33333333,none
V08-CON-CHU-SUM-05,as_observed,chungju,summer,normal,twilight_boundary_operation,0.48713333,normal,false,0.00000000,false,0.66666667,none
V08-CON-CHU-SUM-05,load_unavailable,chungju,summer,normal,twilight_boundary_operation,0.48713333,normal,false,0.00000000,false,0.66666667,none
V08-CON-CHU-SUM-05,weather_unavailable,chungju,summer,normal,twilight_boundary_operation,0.48713333,normal,false,0.00000000,false,0.33333333,none
V08-CON-CHU-SUM-05,phase_unavailable,chungju,summer,normal,twilight_boundary_operation,0.52800000,abstain,true,0.04086667,true,0.33333333,none
V08-CON-CHU-SUM-06,as_observed,chungju,summer,normal,twilight_boundary_operation,0.48713333,normal,false,0.00000000,false,0.66666667,none
V08-CON-CHU-SUM-06,load_unavailable,chungju,summer,normal,twilight_boundary_operation,0.48713333,normal,false,0.00000000,false,0.66666667,none
V08-CON-CHU-SUM-06,weather_unavailable,chungju,summer,normal,twilight_boundary_operation,0.48713333,normal,false,0.00000000,false,0.33333333,none
V08-CON-CHU-SUM-06,phase_unavailable,chungju,summer,normal,twilight_boundary_operation,0.52800000,abstain,true,0.04086667,true,0.33333333,none
V08-CON-CHU-SUM-07,as_observed,chungju,summer,normal,short_transient_spike,0.00000000,normal,false,0.00000000,false,0.66666667,none
V08-CON-CHU-SUM-07,load_unavailable,chungju,summer,normal,short_transient_spike,0.00000000,normal,false,0.00000000,false,0.66666667,none
V08-CON-CHU-SUM-07,weather_unavailable,chungju,summer,normal,short_transient_spike,0.00000000,normal,false,0.00000000,false,0.33333333,none
V08-CON-CHU-SUM-07,phase_unavailable,chungju,summer,normal,short_transient_spike,0.00000000,normal,false,0.00000000,false,0.33333333,none
V08-CON-CHU-SUM-08,as_observed,chungju,summer,normal,short_transient_spike,0.03480000,normal,false,0.00000000,false,0.33333333,none
V08-CON-CHU-SUM-08,load_unavailable,chungju,summer,normal,short_transient_spike,0.03480000,normal,false,0.00000000,false,0.33333333,none
V08-CON-CHU-SUM-08,weather_unavailable,chungju,summer,normal,short_transient_spike,0.03480000,normal,false,0.00000000,false,0.00000000,none
V08-CON-CHU-SUM-08,phase_unavailable,chungju,summer,normal,short_transient_spike,0.03480000,normal,false,0.00000000,false,0.33333333,none
V08-CON-CHU-SUM-09,as_observed,chungju,summer,normal,short_transient_spike,0.03480000,normal,false,0.00000000,false,0.33333333,none
V08-CON-CHU-SUM-09,load_unavailable,chungju,summer,normal,short_transient_spike,0.03480000,normal,false,0.00000000,false,0.33333333,none
V08-CON-CHU-SUM-09,weather_unavailable,chungju,summer,normal,short_transient_spike,0.03480000,normal,false,0.00000000,false,0.00000000,none
V08-CON-CHU-SUM-09,phase_unavailable,chungju,summer,normal,short_transient_spike,0.03480000,normal,false,0.00000000,false,0.33333333,none
V08-CON-CHU-SUM-10,as_observed,chungju,summer,normal,allowed_partial_operation,0.22533333,normal,false,0.00000000,false,0.66666667,none
V08-CON-CHU-SUM-10,load_unavailable,chungju,summer,normal,allowed_partial_operation,0.22533333,normal,false,0.00000000,false,0.66666667,none
V08-CON-CHU-SUM-10,weather_unavailable,chungju,summer,normal,allowed_partial_operation,0.22533333,normal,false,0.00000000,false,0.33333333,none
V08-CON-CHU-SUM-10,phase_unavailable,chungju,summer,normal,allowed_partial_operation,0.26400000,normal,false,0.03866667,false,0.33333333,none
V08-CON-CHU-SUM-11,as_observed,chungju,summer,normal,allowed_partial_operation,0.02476667,normal,false,0.00000000,false,0.66666667,none
V08-CON-CHU-SUM-11,load_unavailable,chungju,summer,normal,allowed_partial_operation,0.02476667,normal,false,0.00000000,false,0.66666667,none
V08-CON-CHU-SUM-11,weather_unavailable,chungju,summer,normal,allowed_partial_operation,0.02476667,normal,false,0.00000000,false,0.33333333,none
V08-CON-CHU-SUM-11,phase_unavailable,chungju,summer,normal,allowed_partial_operation,0.03440000,normal,false,0.00963333,false,0.33333333,none
V08-CON-CHU-SUM-12,as_observed,chungju,summer,normal,allowed_partial_operation,0.06913333,normal,false,0.00000000,false,0.66666667,none
V08-CON-CHU-SUM-12,load_unavailable,chungju,summer,normal,allowed_partial_operation,0.06913333,normal,false,0.00000000,false,0.66666667,none
V08-CON-CHU-SUM-12,weather_unavailable,chungju,summer,normal,allowed_partial_operation,0.06913333,normal,false,0.00000000,false,0.33333333,none
V08-CON-CHU-SUM-12,phase_unavailable,chungju,summer,normal,allowed_partial_operation,0.07200000,normal,false,0.00286667,false,0.33333333,none
V08-CON-CHU-SUM-13,as_observed,chungju,summer,normal,temporary_load_fluctuation,0.02476667,normal,false,0.00000000,false,0.66666667,none
V08-CON-CHU-SUM-13,load_unavailable,chungju,summer,normal,temporary_load_fluctuation,0.02476667,normal,false,0.00000000,false,0.66666667,none
V08-CON-CHU-SUM-13,weather_unavailable,chungju,summer,normal,temporary_load_fluctuation,0.02476667,normal,false,0.00000000,false,0.33333333,none
V08-CON-CHU-SUM-13,phase_unavailable,chungju,summer,normal,temporary_load_fluctuation,0.03440000,normal,false,0.00963333,false,0.33333333,none
V08-CON-CHU-SUM-14,as_observed,chungju,summer,normal,temporary_load_fluctuation,0.00000000,normal,false,0.00000000,false,0.66666667,none
V08-CON-CHU-SUM-14,load_unavailable,chungju,summer,normal,temporary_load_fluctuation,0.00000000,normal,false,0.00000000,false,0.66666667,none
V08-CON-CHU-SUM-14,weather_unavailable,chungju,summer,normal,temporary_load_fluctuation,0.00000000,normal,false,0.00000000,false,0.33333333,none
V08-CON-CHU-SUM-14,phase_unavailable,chungju,summer,normal,temporary_load_fluctuation,0.00000000,normal,false,0.00000000,false,0.33333333,none
V08-CON-CHU-SUM-15,as_observed,chungju,summer,normal,feature_missing_normal,0.15760000,normal,false,0.00000000,false,0.33333333,none
V08-CON-CHU-SUM-15,load_unavailable,chungju,summer,normal,feature_missing_normal,0.15760000,normal,false,0.00000000,false,0.33333333,none
V08-CON-CHU-SUM-15,weather_unavailable,chungju,summer,normal,feature_missing_normal,0.15760000,normal,false,0.00000000,false,0.00000000,none
V08-CON-CHU-SUM-15,phase_unavailable,chungju,summer,normal,feature_missing_normal,0.15760000,normal,false,0.00000000,false,0.33333333,none
V08-CON-CHU-SUM-16,as_observed,chungju,summer,normal,feature_missing_normal,0.22476667,normal,false,0.00000000,false,0.66666667,none
V08-CON-CHU-SUM-16,load_unavailable,chungju,summer,normal,feature_missing_normal,0.22476667,normal,false,0.00000000,false,0.66666667,none
V08-CON-CHU-SUM-16,weather_unavailable,chungju,summer,normal,feature_missing_normal,0.22476667,normal,false,0.00000000,false,0.33333333,none
V08-CON-CHU-SUM-16,phase_unavailable,chungju,summer,normal,feature_missing_normal,0.23440000,normal,false,0.00963333,false,0.33333333,none
V08-CON-CHU-SUM-17,as_observed,chungju,summer,normal,high_cloud_or_rainfall_hard_negative,0.65836667,anomaly,false,0.00000000,false,0.66666667,none
V08-CON-CHU-SUM-17,load_unavailable,chungju,summer,normal,high_cloud_or_rainfall_hard_negative,0.65836667,anomaly,false,0.00000000,false,0.66666667,none
V08-CON-CHU-SUM-17,weather_unavailable,chungju,summer,normal,high_cloud_or_rainfall_hard_negative,0.65836667,anomaly,false,0.00000000,false,0.33333333,none
V08-CON-CHU-SUM-17,phase_unavailable,chungju,summer,normal,high_cloud_or_rainfall_hard_negative,0.72560000,anomaly,false,0.06723333,false,0.33333333,none
V08-CON-CHU-SUM-18,as_observed,chungju,summer,normal,high_cloud_or_rainfall_hard_negative,1.00000000,anomaly,false,0.00000000,false,0.66666667,none
V08-CON-CHU-SUM-18,load_unavailable,chungju,summer,normal,high_cloud_or_rainfall_hard_negative,1.00000000,anomaly,false,0.00000000,false,0.66666667,none
V08-CON-CHU-SUM-18,weather_unavailable,chungju,summer,normal,high_cloud_or_rainfall_hard_negative,1.00000000,anomaly,false,0.00000000,false,0.33333333,none
V08-CON-CHU-SUM-18,phase_unavailable,chungju,summer,normal,high_cloud_or_rainfall_hard_negative,1.00000000,anomaly,false,0.00000000,false,0.33333333,none
V08-CON-CHU-SUM-19,as_observed,chungju,summer,abnormal,post_sunrise_persistent_activation,0.46933333,normal,false,0.00000000,false,0.66666667,none
V08-CON-CHU-SUM-19,load_unavailable,chungju,summer,abnormal,post_sunrise_persistent_activation,0.46933333,normal,false,0.00000000,false,0.66666667,none
V08-CON-CHU-SUM-19,weather_unavailable,chungju,summer,abnormal,post_sunrise_persistent_activation,0.46933333,normal,false,0.00000000,false,0.33333333,none
V08-CON-CHU-SUM-19,phase_unavailable,chungju,summer,abnormal,post_sunrise_persistent_activation,0.44000000,normal,false,-0.02933333,false,0.33333333,none
V08-CON-CHU-SUM-20,as_observed,chungju,summer,abnormal,post_sunrise_persistent_activation,1.00000000,anomaly,false,0.00000000,false,0.66666667,none
V08-CON-CHU-SUM-20,load_unavailable,chungju,summer,abnormal,post_sunrise_persistent_activation,1.00000000,anomaly,false,0.00000000,false,0.66666667,none
V08-CON-CHU-SUM-20,weather_unavailable,chungju,summer,abnormal,post_sunrise_persistent_activation,1.00000000,anomaly,false,0.00000000,false,0.33333333,none
V08-CON-CHU-SUM-20,phase_unavailable,chungju,summer,abnormal,post_sunrise_persistent_activation,0.99120000,anomaly,false,-0.00880000,false,0.33333333,none
V08-CON-CHU-SUM-21,as_observed,chungju,summer,abnormal,post_sunrise_persistent_activation,1.00000000,anomaly,false,0.00000000,false,0.66666667,none
V08-CON-CHU-SUM-21,load_unavailable,chungju,summer,abnormal,post_sunrise_persistent_activation,1.00000000,anomaly,false,0.00000000,false,0.66666667,none
V08-CON-CHU-SUM-21,weather_unavailable,chungju,summer,abnormal,post_sunrise_persistent_activation,1.00000000,anomaly,false,0.00000000,false,0.33333333,none
V08-CON-CHU-SUM-21,phase_unavailable,chungju,summer,abnormal,post_sunrise_persistent_activation,1.00000000,anomaly,false,0.00000000,false,0.33333333,none
V08-CON-CHU-SUM-22,as_observed,chungju,summer,abnormal,deep_day_partial_activation,0.46933333,normal,false,0.00000000,false,0.66666667,none
V08-CON-CHU-SUM-22,load_unavailable,chungju,summer,abnormal,deep_day_partial_activation,0.46933333,normal,false,0.00000000,false,0.66666667,none
V08-CON-CHU-SUM-22,weather_unavailable,chungju,summer,abnormal,deep_day_partial_activation,0.46933333,normal,false,0.00000000,false,0.33333333,none
V08-CON-CHU-SUM-22,phase_unavailable,chungju,summer,abnormal,deep_day_partial_activation,0.44000000,normal,false,-0.02933333,false,0.33333333,none
V08-CON-CHU-SUM-23,as_observed,chungju,summer,abnormal,deep_day_partial_activation,1.00000000,anomaly,false,0.00000000,false,0.66666667,none
V08-CON-CHU-SUM-23,load_unavailable,chungju,summer,abnormal,deep_day_partial_activation,1.00000000,anomaly,false,0.00000000,false,0.66666667,none
V08-CON-CHU-SUM-23,weather_unavailable,chungju,summer,abnormal,deep_day_partial_activation,1.00000000,anomaly,false,0.00000000,false,0.33333333,none
V08-CON-CHU-SUM-23,phase_unavailable,chungju,summer,abnormal,deep_day_partial_activation,1.00000000,anomaly,false,0.00000000,false,0.33333333,none
V08-CON-CHU-SUM-24,as_observed,chungju,summer,abnormal,deep_day_partial_activation,1.00000000,anomaly,false,0.00000000,false,0.66666667,none
V08-CON-CHU-SUM-24,load_unavailable,chungju,summer,abnormal,deep_day_partial_activation,1.00000000,anomaly,false,0.00000000,false,0.66666667,none
V08-CON-CHU-SUM-24,weather_unavailable,chungju,summer,abnormal,deep_day_partial_activation,1.00000000,anomaly,false,0.00000000,false,0.33333333,none
V08-CON-CHU-SUM-24,phase_unavailable,chungju,summer,abnormal,deep_day_partial_activation,1.00000000,anomaly,false,0.00000000,false,0.33333333,none
V08-CON-CHU-SUM-25,as_observed,chungju,summer,abnormal,deep_day_full_activation,0.66256667,anomaly,false,0.00000000,false,0.66666667,none
V08-CON-CHU-SUM-25,load_unavailable,chungju,summer,abnormal,deep_day_full_activation,0.66256667,anomaly,false,0.00000000,false,0.66666667,none
V08-CON-CHU-SUM-25,weather_unavailable,chungju,summer,abnormal,deep_day_full_activation,0.66256667,anomaly,false,0.00000000,false,0.33333333,none
V08-CON-CHU-SUM-25,phase_unavailable,chungju,summer,abnormal,deep_day_full_activation,0.56080000,abstain,true,-0.10176667,true,0.33333333,none
V08-CON-CHU-SUM-26,as_observed,chungju,summer,abnormal,deep_day_full_activation,0.66256667,anomaly,false,0.00000000,false,0.66666667,none
V08-CON-CHU-SUM-26,load_unavailable,chungju,summer,abnormal,deep_day_full_activation,0.66256667,anomaly,false,0.00000000,false,0.66666667,none
V08-CON-CHU-SUM-26,weather_unavailable,chungju,summer,abnormal,deep_day_full_activation,0.66256667,anomaly,false,0.00000000,false,0.33333333,none
V08-CON-CHU-SUM-26,phase_unavailable,chungju,summer,abnormal,deep_day_full_activation,0.56080000,abstain,true,-0.10176667,true,0.33333333,none
V08-CON-CHU-SUM-27,as_observed,chungju,summer,abnormal,phase_selective_activation,1.00000000,anomaly,false,0.00000000,false,0.66666667,none
V08-CON-CHU-SUM-27,load_unavailable,chungju,summer,abnormal,phase_selective_activation,1.00000000,anomaly,false,0.00000000,false,0.66666667,none
V08-CON-CHU-SUM-27,weather_unavailable,chungju,summer,abnormal,phase_selective_activation,1.00000000,anomaly,false,0.00000000,false,0.33333333,none
V08-CON-CHU-SUM-27,phase_unavailable,chungju,summer,abnormal,phase_selective_activation,0.86800000,anomaly,false,-0.13200000,false,0.33333333,none
V08-CON-CHU-SUM-28,as_observed,chungju,summer,abnormal,phase_selective_activation,0.46933333,normal,false,0.00000000,false,0.66666667,none
V08-CON-CHU-SUM-28,load_unavailable,chungju,summer,abnormal,phase_selective_activation,0.46933333,normal,false,0.00000000,false,0.66666667,none
V08-CON-CHU-SUM-28,weather_unavailable,chungju,summer,abnormal,phase_selective_activation,0.46933333,normal,false,0.00000000,false,0.33333333,none
V08-CON-CHU-SUM-28,phase_unavailable,chungju,summer,abnormal,phase_selective_activation,0.44000000,normal,false,-0.02933333,false,0.33333333,none
V08-CON-CHU-SUM-29,as_observed,chungju,summer,abnormal,weak_long_duration_activation,0.85983333,anomaly,false,0.00000000,false,0.66666667,none
V08-CON-CHU-SUM-29,load_unavailable,chungju,summer,abnormal,weak_long_duration_activation,0.85983333,anomaly,false,0.00000000,false,0.66666667,none
V08-CON-CHU-SUM-29,weather_unavailable,chungju,summer,abnormal,weak_long_duration_activation,0.85983333,anomaly,false,0.00000000,false,0.33333333,none
V08-CON-CHU-SUM-29,phase_unavailable,chungju,summer,abnormal,weak_long_duration_activation,0.77600000,anomaly,false,-0.08383333,false,0.33333333,none
V08-CON-CHU-SUM-30,as_observed,chungju,summer,abnormal,weak_long_duration_activation,1.00000000,anomaly,false,0.00000000,false,0.66666667,none
V08-CON-CHU-SUM-30,load_unavailable,chungju,summer,abnormal,weak_long_duration_activation,1.00000000,anomaly,false,0.00000000,false,0.66666667,none
V08-CON-CHU-SUM-30,weather_unavailable,chungju,summer,abnormal,weak_long_duration_activation,1.00000000,anomaly,false,0.00000000,false,0.33333333,none
V08-CON-CHU-SUM-30,phase_unavailable,chungju,summer,abnormal,weak_long_duration_activation,1.00000000,anomaly,false,0.00000000,false,0.33333333,none
V08-CON-CHU-SUM-31,as_observed,chungju,summer,abnormal,moderate_load_mismatch,0.33366667,normal,false,0.00000000,false,0.66666667,none
V08-CON-CHU-SUM-31,load_unavailable,chungju,summer,abnormal,moderate_load_mismatch,0.33366667,normal,false,0.00000000,false,0.66666667,none
V08-CON-CHU-SUM-31,weather_unavailable,chungju,summer,abnormal,moderate_load_mismatch,0.33366667,normal,false,0.00000000,false,0.33333333,none
V08-CON-CHU-SUM-31,phase_unavailable,chungju,summer,abnormal,moderate_load_mismatch,0.29200000,normal,false,-0.04166667,false,0.33333333,none
V08-CON-CHU-SUM-32,as_observed,chungju,summer,abnormal,moderate_load_mismatch,0.85983333,anomaly,false,0.00000000,false,0.66666667,none
V08-CON-CHU-SUM-32,load_unavailable,chungju,summer,abnormal,moderate_load_mismatch,0.85983333,anomaly,false,0.00000000,false,0.66666667,none
V08-CON-CHU-SUM-32,weather_unavailable,chungju,summer,abnormal,moderate_load_mismatch,0.85983333,anomaly,false,0.00000000,false,0.33333333,none
V08-CON-CHU-SUM-32,phase_unavailable,chungju,summer,abnormal,moderate_load_mismatch,0.77600000,anomaly,false,-0.08383333,false,0.33333333,none
V08-CON-CHU-SUM-33,as_observed,chungju,summer,abnormal,partial_activation_long_persistence,1.00000000,anomaly,false,0.00000000,false,0.66666667,none
V08-CON-CHU-SUM-33,load_unavailable,chungju,summer,abnormal,partial_activation_long_persistence,1.00000000,anomaly,false,0.00000000,false,0.66666667,none
V08-CON-CHU-SUM-33,weather_unavailable,chungju,summer,abnormal,partial_activation_long_persistence,1.00000000,anomaly,false,0.00000000,false,0.33333333,none
V08-CON-CHU-SUM-33,phase_unavailable,chungju,summer,abnormal,partial_activation_long_persistence,1.00000000,anomaly,false,0.00000000,false,0.33333333,none
V08-CON-CHU-SUM-34,as_observed,chungju,summer,abnormal,partial_activation_long_persistence,0.60500000,anomaly,false,0.00000000,false,0.66666667,none
V08-CON-CHU-SUM-34,load_unavailable,chungju,summer,abnormal,partial_activation_long_persistence,0.60500000,anomaly,false,0.00000000,false,0.66666667,none
V08-CON-CHU-SUM-34,weather_unavailable,chungju,summer,abnormal,partial_activation_long_persistence,0.60500000,anomaly,false,0.00000000,false,0.33333333,none
V08-CON-CHU-SUM-34,phase_unavailable,chungju,summer,abnormal,partial_activation_long_persistence,0.58800000,abstain,true,-0.01700000,true,0.33333333,none
V08-CON-CHU-SUM-35,as_observed,chungju,summer,abnormal,phase_anomaly_moderate_activation,0.66256667,anomaly,false,0.00000000,false,0.66666667,none
V08-CON-CHU-SUM-35,load_unavailable,chungju,summer,abnormal,phase_anomaly_moderate_activation,0.66256667,anomaly,false,0.00000000,false,0.66666667,none
V08-CON-CHU-SUM-35,weather_unavailable,chungju,summer,abnormal,phase_anomaly_moderate_activation,0.66256667,anomaly,false,0.00000000,false,0.33333333,none
V08-CON-CHU-SUM-35,phase_unavailable,chungju,summer,abnormal,phase_anomaly_moderate_activation,0.56080000,abstain,true,-0.10176667,true,0.33333333,none
V08-CON-CHU-SUM-36,as_observed,chungju,summer,abnormal,phase_anomaly_moderate_activation,1.00000000,anomaly,false,0.00000000,false,0.66666667,none
V08-CON-CHU-SUM-36,load_unavailable,chungju,summer,abnormal,phase_anomaly_moderate_activation,1.00000000,anomaly,false,0.00000000,false,0.66666667,none
V08-CON-CHU-SUM-36,weather_unavailable,chungju,summer,abnormal,phase_anomaly_moderate_activation,1.00000000,anomaly,false,0.00000000,false,0.33333333,none
V08-CON-CHU-SUM-36,phase_unavailable,chungju,summer,abnormal,phase_anomaly_moderate_activation,1.00000000,anomaly,false,0.00000000,false,0.33333333,none
V08-CON-CHU-AUT-01,as_observed,chungju,autumn,normal,normal_full_operation,0.28526667,normal,false,0.00000000,false,0.66666667,none
V08-CON-CHU-AUT-01,load_unavailable,chungju,autumn,normal,normal_full_operation,0.28526667,normal,false,0.00000000,false,0.66666667,none
V08-CON-CHU-AUT-01,weather_unavailable,chungju,autumn,normal,normal_full_operation,0.28526667,normal,false,0.00000000,false,0.33333333,none
V08-CON-CHU-AUT-01,phase_unavailable,chungju,autumn,normal,normal_full_operation,0.31120000,normal,false,0.02593333,false,0.33333333,none
V08-CON-CHU-AUT-02,as_observed,chungju,autumn,normal,normal_full_operation,0.37400000,normal,false,0.00000000,false,0.66666667,none
V08-CON-CHU-AUT-02,load_unavailable,chungju,autumn,normal,normal_full_operation,0.37400000,normal,false,0.00000000,false,0.66666667,none
V08-CON-CHU-AUT-02,weather_unavailable,chungju,autumn,normal,normal_full_operation,0.37400000,normal,false,0.00000000,false,0.33333333,none
V08-CON-CHU-AUT-02,phase_unavailable,chungju,autumn,normal,normal_full_operation,0.38640000,normal,false,0.01240000,false,0.33333333,none
V08-CON-CHU-AUT-03,as_observed,chungju,autumn,normal,normal_full_operation,0.28526667,normal,false,0.00000000,false,0.66666667,none
V08-CON-CHU-AUT-03,load_unavailable,chungju,autumn,normal,normal_full_operation,0.28526667,normal,false,0.00000000,false,0.66666667,none
V08-CON-CHU-AUT-03,weather_unavailable,chungju,autumn,normal,normal_full_operation,0.28526667,normal,false,0.00000000,false,0.33333333,none
V08-CON-CHU-AUT-03,phase_unavailable,chungju,autumn,normal,normal_full_operation,0.31120000,normal,false,0.02593333,false,0.33333333,none
V08-CON-CHU-AUT-04,as_observed,chungju,autumn,normal,twilight_boundary_operation,0.21836667,normal,false,0.00000000,false,0.66666667,none
V08-CON-CHU-AUT-04,load_unavailable,chungju,autumn,normal,twilight_boundary_operation,0.21836667,normal,false,0.00000000,false,0.66666667,none
V08-CON-CHU-AUT-04,weather_unavailable,chungju,autumn,normal,twilight_boundary_operation,0.21836667,normal,false,0.00000000,false,0.33333333,none
V08-CON-CHU-AUT-04,phase_unavailable,chungju,autumn,normal,twilight_boundary_operation,0.24560000,normal,false,0.02723333,false,0.33333333,none
V08-CON-CHU-AUT-05,as_observed,chungju,autumn,normal,twilight_boundary_operation,0.48713333,normal,false,0.00000000,false,0.66666667,none
V08-CON-CHU-AUT-05,load_unavailable,chungju,autumn,normal,twilight_boundary_operation,0.48713333,normal,false,0.00000000,false,0.66666667,none
V08-CON-CHU-AUT-05,weather_unavailable,chungju,autumn,normal,twilight_boundary_operation,0.48713333,normal,false,0.00000000,false,0.33333333,none
V08-CON-CHU-AUT-05,phase_unavailable,chungju,autumn,normal,twilight_boundary_operation,0.52800000,abstain,true,0.04086667,true,0.33333333,none
V08-CON-CHU-AUT-06,as_observed,chungju,autumn,normal,twilight_boundary_operation,0.48713333,normal,false,0.00000000,false,0.66666667,none
V08-CON-CHU-AUT-06,load_unavailable,chungju,autumn,normal,twilight_boundary_operation,0.48713333,normal,false,0.00000000,false,0.66666667,none
V08-CON-CHU-AUT-06,weather_unavailable,chungju,autumn,normal,twilight_boundary_operation,0.48713333,normal,false,0.00000000,false,0.33333333,none
V08-CON-CHU-AUT-06,phase_unavailable,chungju,autumn,normal,twilight_boundary_operation,0.52800000,abstain,true,0.04086667,true,0.33333333,none
V08-CON-CHU-AUT-07,as_observed,chungju,autumn,normal,short_transient_spike,0.01523333,normal,false,0.00000000,false,0.66666667,none
V08-CON-CHU-AUT-07,load_unavailable,chungju,autumn,normal,short_transient_spike,0.01523333,normal,false,0.00000000,false,0.66666667,none
V08-CON-CHU-AUT-07,weather_unavailable,chungju,autumn,normal,short_transient_spike,0.01523333,normal,false,0.00000000,false,0.33333333,none
V08-CON-CHU-AUT-07,phase_unavailable,chungju,autumn,normal,short_transient_spike,0.03480000,normal,false,0.01956667,false,0.33333333,none
V08-CON-CHU-AUT-08,as_observed,chungju,autumn,normal,short_transient_spike,0.00000000,normal,false,0.00000000,false,0.66666667,none
V08-CON-CHU-AUT-08,load_unavailable,chungju,autumn,normal,short_transient_spike,0.00000000,normal,false,0.00000000,false,0.66666667,none
V08-CON-CHU-AUT-08,weather_unavailable,chungju,autumn,normal,short_transient_spike,0.00000000,normal,false,0.00000000,false,0.33333333,none
V08-CON-CHU-AUT-08,phase_unavailable,chungju,autumn,normal,short_transient_spike,0.00000000,normal,false,0.00000000,false,0.33333333,none
V08-CON-CHU-AUT-09,as_observed,chungju,autumn,normal,short_transient_spike,0.03480000,normal,false,0.00000000,false,0.33333333,none
V08-CON-CHU-AUT-09,load_unavailable,chungju,autumn,normal,short_transient_spike,0.03480000,normal,false,0.00000000,false,0.33333333,none
V08-CON-CHU-AUT-09,weather_unavailable,chungju,autumn,normal,short_transient_spike,0.03480000,normal,false,0.00000000,false,0.00000000,none
V08-CON-CHU-AUT-09,phase_unavailable,chungju,autumn,normal,short_transient_spike,0.03480000,normal,false,0.00000000,false,0.33333333,none
V08-CON-CHU-AUT-10,as_observed,chungju,autumn,normal,allowed_partial_operation,0.22533333,normal,false,0.00000000,false,0.66666667,none
V08-CON-CHU-AUT-10,load_unavailable,chungju,autumn,normal,allowed_partial_operation,0.22533333,normal,false,0.00000000,false,0.66666667,none
V08-CON-CHU-AUT-10,weather_unavailable,chungju,autumn,normal,allowed_partial_operation,0.22533333,normal,false,0.00000000,false,0.33333333,none
V08-CON-CHU-AUT-10,phase_unavailable,chungju,autumn,normal,allowed_partial_operation,0.26400000,normal,false,0.03866667,false,0.33333333,none
V08-CON-CHU-AUT-11,as_observed,chungju,autumn,normal,allowed_partial_operation,0.02476667,normal,false,0.00000000,false,0.66666667,none
V08-CON-CHU-AUT-11,load_unavailable,chungju,autumn,normal,allowed_partial_operation,0.02476667,normal,false,0.00000000,false,0.66666667,none
V08-CON-CHU-AUT-11,weather_unavailable,chungju,autumn,normal,allowed_partial_operation,0.02476667,normal,false,0.00000000,false,0.33333333,none
V08-CON-CHU-AUT-11,phase_unavailable,chungju,autumn,normal,allowed_partial_operation,0.03440000,normal,false,0.00963333,false,0.33333333,none
V08-CON-CHU-AUT-12,as_observed,chungju,autumn,normal,allowed_partial_operation,0.06913333,normal,false,0.00000000,false,0.66666667,none
V08-CON-CHU-AUT-12,load_unavailable,chungju,autumn,normal,allowed_partial_operation,0.06913333,normal,false,0.00000000,false,0.66666667,none
V08-CON-CHU-AUT-12,weather_unavailable,chungju,autumn,normal,allowed_partial_operation,0.06913333,normal,false,0.00000000,false,0.33333333,none
V08-CON-CHU-AUT-12,phase_unavailable,chungju,autumn,normal,allowed_partial_operation,0.07200000,normal,false,0.00286667,false,0.33333333,none
V08-CON-CHU-AUT-13,as_observed,chungju,autumn,normal,temporary_load_fluctuation,0.01523333,normal,false,0.00000000,false,0.66666667,none
V08-CON-CHU-AUT-13,load_unavailable,chungju,autumn,normal,temporary_load_fluctuation,0.01523333,normal,false,0.00000000,false,0.66666667,none
V08-CON-CHU-AUT-13,weather_unavailable,chungju,autumn,normal,temporary_load_fluctuation,0.01523333,normal,false,0.00000000,false,0.33333333,none
V08-CON-CHU-AUT-13,phase_unavailable,chungju,autumn,normal,temporary_load_fluctuation,0.03480000,normal,false,0.01956667,false,0.33333333,none
V08-CON-CHU-AUT-14,as_observed,chungju,autumn,normal,temporary_load_fluctuation,0.02476667,normal,false,0.00000000,false,0.66666667,none
V08-CON-CHU-AUT-14,load_unavailable,chungju,autumn,normal,temporary_load_fluctuation,0.02476667,normal,false,0.00000000,false,0.66666667,none
V08-CON-CHU-AUT-14,weather_unavailable,chungju,autumn,normal,temporary_load_fluctuation,0.02476667,normal,false,0.00000000,false,0.33333333,none
V08-CON-CHU-AUT-14,phase_unavailable,chungju,autumn,normal,temporary_load_fluctuation,0.03440000,normal,false,0.00963333,false,0.33333333,none
V08-CON-CHU-AUT-15,as_observed,chungju,autumn,normal,feature_missing_normal,0.15760000,normal,false,0.00000000,false,0.33333333,none
V08-CON-CHU-AUT-15,load_unavailable,chungju,autumn,normal,feature_missing_normal,0.15760000,normal,false,0.00000000,false,0.33333333,none
V08-CON-CHU-AUT-15,weather_unavailable,chungju,autumn,normal,feature_missing_normal,0.15760000,normal,false,0.00000000,false,0.00000000,none
V08-CON-CHU-AUT-15,phase_unavailable,chungju,autumn,normal,feature_missing_normal,0.15760000,normal,false,0.00000000,false,0.33333333,none
V08-CON-CHU-AUT-16,as_observed,chungju,autumn,normal,feature_missing_normal,0.42533333,normal,false,0.00000000,false,0.66666667,none
V08-CON-CHU-AUT-16,load_unavailable,chungju,autumn,normal,feature_missing_normal,0.42533333,normal,false,0.00000000,false,0.66666667,none
V08-CON-CHU-AUT-16,weather_unavailable,chungju,autumn,normal,feature_missing_normal,0.42533333,normal,false,0.00000000,false,0.33333333,none
V08-CON-CHU-AUT-16,phase_unavailable,chungju,autumn,normal,feature_missing_normal,0.46400000,normal,false,0.03866667,false,0.33333333,none
V08-CON-CHU-AUT-17,as_observed,chungju,autumn,normal,high_cloud_or_rainfall_hard_negative,1.00000000,anomaly,false,0.00000000,false,0.66666667,none
V08-CON-CHU-AUT-17,load_unavailable,chungju,autumn,normal,high_cloud_or_rainfall_hard_negative,1.00000000,anomaly,false,0.00000000,false,0.66666667,none
V08-CON-CHU-AUT-17,weather_unavailable,chungju,autumn,normal,high_cloud_or_rainfall_hard_negative,1.00000000,anomaly,false,0.00000000,false,0.33333333,none
V08-CON-CHU-AUT-17,phase_unavailable,chungju,autumn,normal,high_cloud_or_rainfall_hard_negative,1.00000000,anomaly,false,0.00000000,false,0.33333333,none
V08-CON-CHU-AUT-18,as_observed,chungju,autumn,normal,high_cloud_or_rainfall_hard_negative,1.00000000,anomaly,false,0.00000000,false,0.66666667,none
V08-CON-CHU-AUT-18,load_unavailable,chungju,autumn,normal,high_cloud_or_rainfall_hard_negative,1.00000000,anomaly,false,0.00000000,false,0.66666667,none
V08-CON-CHU-AUT-18,weather_unavailable,chungju,autumn,normal,high_cloud_or_rainfall_hard_negative,1.00000000,anomaly,false,0.00000000,false,0.33333333,none
V08-CON-CHU-AUT-18,phase_unavailable,chungju,autumn,normal,high_cloud_or_rainfall_hard_negative,1.00000000,anomaly,false,0.00000000,false,0.33333333,none
V08-CON-CHU-AUT-19,as_observed,chungju,autumn,abnormal,post_sunrise_persistent_activation,0.46933333,normal,false,0.00000000,false,0.66666667,none
V08-CON-CHU-AUT-19,load_unavailable,chungju,autumn,abnormal,post_sunrise_persistent_activation,0.46933333,normal,false,0.00000000,false,0.66666667,none
V08-CON-CHU-AUT-19,weather_unavailable,chungju,autumn,abnormal,post_sunrise_persistent_activation,0.46933333,normal,false,0.00000000,false,0.33333333,none
V08-CON-CHU-AUT-19,phase_unavailable,chungju,autumn,abnormal,post_sunrise_persistent_activation,0.44000000,normal,false,-0.02933333,false,0.33333333,none
V08-CON-CHU-AUT-20,as_observed,chungju,autumn,abnormal,post_sunrise_persistent_activation,1.00000000,anomaly,false,0.00000000,false,0.66666667,none
V08-CON-CHU-AUT-20,load_unavailable,chungju,autumn,abnormal,post_sunrise_persistent_activation,1.00000000,anomaly,false,0.00000000,false,0.66666667,none
V08-CON-CHU-AUT-20,weather_unavailable,chungju,autumn,abnormal,post_sunrise_persistent_activation,1.00000000,anomaly,false,0.00000000,false,0.33333333,none
V08-CON-CHU-AUT-20,phase_unavailable,chungju,autumn,abnormal,post_sunrise_persistent_activation,1.00000000,anomaly,false,0.00000000,false,0.33333333,none
V08-CON-CHU-AUT-21,as_observed,chungju,autumn,abnormal,post_sunrise_persistent_activation,0.60500000,anomaly,false,0.00000000,false,0.66666667,none
V08-CON-CHU-AUT-21,load_unavailable,chungju,autumn,abnormal,post_sunrise_persistent_activation,0.60500000,anomaly,false,0.00000000,false,0.66666667,none
V08-CON-CHU-AUT-21,weather_unavailable,chungju,autumn,abnormal,post_sunrise_persistent_activation,0.60500000,anomaly,false,0.00000000,false,0.33333333,none
V08-CON-CHU-AUT-21,phase_unavailable,chungju,autumn,abnormal,post_sunrise_persistent_activation,0.58800000,abstain,true,-0.01700000,true,0.33333333,none
V08-CON-CHU-AUT-22,as_observed,chungju,autumn,abnormal,deep_day_partial_activation,0.46933333,normal,false,0.00000000,false,0.66666667,none
V08-CON-CHU-AUT-22,load_unavailable,chungju,autumn,abnormal,deep_day_partial_activation,0.46933333,normal,false,0.00000000,false,0.66666667,none
V08-CON-CHU-AUT-22,weather_unavailable,chungju,autumn,abnormal,deep_day_partial_activation,0.46933333,normal,false,0.00000000,false,0.33333333,none
V08-CON-CHU-AUT-22,phase_unavailable,chungju,autumn,abnormal,deep_day_partial_activation,0.44000000,normal,false,-0.02933333,false,0.33333333,none
V08-CON-CHU-AUT-23,as_observed,chungju,autumn,abnormal,deep_day_partial_activation,0.66256667,anomaly,false,0.00000000,false,0.66666667,none
V08-CON-CHU-AUT-23,load_unavailable,chungju,autumn,abnormal,deep_day_partial_activation,0.66256667,anomaly,false,0.00000000,false,0.66666667,none
V08-CON-CHU-AUT-23,weather_unavailable,chungju,autumn,abnormal,deep_day_partial_activation,0.66256667,anomaly,false,0.00000000,false,0.33333333,none
V08-CON-CHU-AUT-23,phase_unavailable,chungju,autumn,abnormal,deep_day_partial_activation,0.56080000,abstain,true,-0.10176667,true,0.33333333,none
V08-CON-CHU-AUT-24,as_observed,chungju,autumn,abnormal,deep_day_partial_activation,1.00000000,anomaly,false,0.00000000,false,0.66666667,none
V08-CON-CHU-AUT-24,load_unavailable,chungju,autumn,abnormal,deep_day_partial_activation,1.00000000,anomaly,false,0.00000000,false,0.66666667,none
V08-CON-CHU-AUT-24,weather_unavailable,chungju,autumn,abnormal,deep_day_partial_activation,1.00000000,anomaly,false,0.00000000,false,0.33333333,none
V08-CON-CHU-AUT-24,phase_unavailable,chungju,autumn,abnormal,deep_day_partial_activation,1.00000000,anomaly,false,0.00000000,false,0.33333333,none
V08-CON-CHU-AUT-25,as_observed,chungju,autumn,abnormal,deep_day_full_activation,0.26583333,normal,false,0.00000000,false,0.66666667,none
V08-CON-CHU-AUT-25,load_unavailable,chungju,autumn,abnormal,deep_day_full_activation,0.26583333,normal,false,0.00000000,false,0.66666667,none
V08-CON-CHU-AUT-25,weather_unavailable,chungju,autumn,abnormal,deep_day_full_activation,0.26583333,normal,false,0.00000000,false,0.33333333,none
V08-CON-CHU-AUT-25,phase_unavailable,chungju,autumn,abnormal,deep_day_full_activation,0.21800000,normal,false,-0.04783333,false,0.33333333,none
V08-CON-CHU-AUT-26,as_observed,chungju,autumn,abnormal,deep_day_full_activation,0.66256667,anomaly,false,0.00000000,false,0.66666667,none
V08-CON-CHU-AUT-26,load_unavailable,chungju,autumn,abnormal,deep_day_full_activation,0.66256667,anomaly,false,0.00000000,false,0.66666667,none
V08-CON-CHU-AUT-26,weather_unavailable,chungju,autumn,abnormal,deep_day_full_activation,0.66256667,anomaly,false,0.00000000,false,0.33333333,none
V08-CON-CHU-AUT-26,phase_unavailable,chungju,autumn,abnormal,deep_day_full_activation,0.56080000,abstain,true,-0.10176667,true,0.33333333,none
V08-CON-CHU-AUT-27,as_observed,chungju,autumn,abnormal,phase_selective_activation,1.00000000,anomaly,false,0.00000000,false,0.66666667,none
V08-CON-CHU-AUT-27,load_unavailable,chungju,autumn,abnormal,phase_selective_activation,1.00000000,anomaly,false,0.00000000,false,0.66666667,none
V08-CON-CHU-AUT-27,weather_unavailable,chungju,autumn,abnormal,phase_selective_activation,1.00000000,anomaly,false,0.00000000,false,0.33333333,none
V08-CON-CHU-AUT-27,phase_unavailable,chungju,autumn,abnormal,phase_selective_activation,0.86800000,anomaly,false,-0.13200000,false,0.33333333,none
V08-CON-CHU-AUT-28,as_observed,chungju,autumn,abnormal,phase_selective_activation,0.46933333,normal,false,0.00000000,false,0.66666667,none
V08-CON-CHU-AUT-28,load_unavailable,chungju,autumn,abnormal,phase_selective_activation,0.46933333,normal,false,0.00000000,false,0.66666667,none
V08-CON-CHU-AUT-28,weather_unavailable,chungju,autumn,abnormal,phase_selective_activation,0.46933333,normal,false,0.00000000,false,0.33333333,none
V08-CON-CHU-AUT-28,phase_unavailable,chungju,autumn,abnormal,phase_selective_activation,0.44000000,normal,false,-0.02933333,false,0.33333333,none
V08-CON-CHU-AUT-29,as_observed,chungju,autumn,abnormal,weak_long_duration_activation,0.85983333,anomaly,false,0.00000000,false,0.66666667,none
V08-CON-CHU-AUT-29,load_unavailable,chungju,autumn,abnormal,weak_long_duration_activation,0.85983333,anomaly,false,0.00000000,false,0.66666667,none
V08-CON-CHU-AUT-29,weather_unavailable,chungju,autumn,abnormal,weak_long_duration_activation,0.85983333,anomaly,false,0.00000000,false,0.33333333,none
V08-CON-CHU-AUT-29,phase_unavailable,chungju,autumn,abnormal,weak_long_duration_activation,0.77600000,anomaly,false,-0.08383333,false,0.33333333,none
V08-CON-CHU-AUT-30,as_observed,chungju,autumn,abnormal,weak_long_duration_activation,1.00000000,anomaly,false,0.00000000,false,0.66666667,none
V08-CON-CHU-AUT-30,load_unavailable,chungju,autumn,abnormal,weak_long_duration_activation,1.00000000,anomaly,false,0.00000000,false,0.66666667,none
V08-CON-CHU-AUT-30,weather_unavailable,chungju,autumn,abnormal,weak_long_duration_activation,1.00000000,anomaly,false,0.00000000,false,0.33333333,none
V08-CON-CHU-AUT-30,phase_unavailable,chungju,autumn,abnormal,weak_long_duration_activation,1.00000000,anomaly,false,0.00000000,false,0.33333333,none
V08-CON-CHU-AUT-31,as_observed,chungju,autumn,abnormal,moderate_load_mismatch,0.33366667,normal,false,0.00000000,false,0.66666667,none
V08-CON-CHU-AUT-31,load_unavailable,chungju,autumn,abnormal,moderate_load_mismatch,0.33366667,normal,false,0.00000000,false,0.66666667,none
V08-CON-CHU-AUT-31,weather_unavailable,chungju,autumn,abnormal,moderate_load_mismatch,0.33366667,normal,false,0.00000000,false,0.33333333,none
V08-CON-CHU-AUT-31,phase_unavailable,chungju,autumn,abnormal,moderate_load_mismatch,0.29200000,normal,false,-0.04166667,false,0.33333333,none
V08-CON-CHU-AUT-32,as_observed,chungju,autumn,abnormal,moderate_load_mismatch,0.85983333,anomaly,false,0.00000000,false,0.66666667,none
V08-CON-CHU-AUT-32,load_unavailable,chungju,autumn,abnormal,moderate_load_mismatch,0.85983333,anomaly,false,0.00000000,false,0.66666667,none
V08-CON-CHU-AUT-32,weather_unavailable,chungju,autumn,abnormal,moderate_load_mismatch,0.85983333,anomaly,false,0.00000000,false,0.33333333,none
V08-CON-CHU-AUT-32,phase_unavailable,chungju,autumn,abnormal,moderate_load_mismatch,0.77600000,anomaly,false,-0.08383333,false,0.33333333,none
V08-CON-CHU-AUT-33,as_observed,chungju,autumn,abnormal,partial_activation_long_persistence,1.00000000,anomaly,false,0.00000000,false,0.66666667,none
V08-CON-CHU-AUT-33,load_unavailable,chungju,autumn,abnormal,partial_activation_long_persistence,1.00000000,anomaly,false,0.00000000,false,0.66666667,none
V08-CON-CHU-AUT-33,weather_unavailable,chungju,autumn,abnormal,partial_activation_long_persistence,1.00000000,anomaly,false,0.00000000,false,0.33333333,none
V08-CON-CHU-AUT-33,phase_unavailable,chungju,autumn,abnormal,partial_activation_long_persistence,1.00000000,anomaly,false,0.00000000,false,0.33333333,none
V08-CON-CHU-AUT-34,as_observed,chungju,autumn,abnormal,partial_activation_long_persistence,0.60500000,anomaly,false,0.00000000,false,0.66666667,none
V08-CON-CHU-AUT-34,load_unavailable,chungju,autumn,abnormal,partial_activation_long_persistence,0.60500000,anomaly,false,0.00000000,false,0.66666667,none
V08-CON-CHU-AUT-34,weather_unavailable,chungju,autumn,abnormal,partial_activation_long_persistence,0.60500000,anomaly,false,0.00000000,false,0.33333333,none
V08-CON-CHU-AUT-34,phase_unavailable,chungju,autumn,abnormal,partial_activation_long_persistence,0.58800000,abstain,true,-0.01700000,true,0.33333333,none
V08-CON-CHU-AUT-35,as_observed,chungju,autumn,abnormal,phase_anomaly_moderate_activation,0.66256667,anomaly,false,0.00000000,false,0.66666667,none
V08-CON-CHU-AUT-35,load_unavailable,chungju,autumn,abnormal,phase_anomaly_moderate_activation,0.66256667,anomaly,false,0.00000000,false,0.66666667,none
V08-CON-CHU-AUT-35,weather_unavailable,chungju,autumn,abnormal,phase_anomaly_moderate_activation,0.66256667,anomaly,false,0.00000000,false,0.33333333,none
V08-CON-CHU-AUT-35,phase_unavailable,chungju,autumn,abnormal,phase_anomaly_moderate_activation,0.56080000,abstain,true,-0.10176667,true,0.33333333,none
V08-CON-CHU-AUT-36,as_observed,chungju,autumn,abnormal,phase_anomaly_moderate_activation,1.00000000,anomaly,false,0.00000000,false,0.66666667,none
V08-CON-CHU-AUT-36,load_unavailable,chungju,autumn,abnormal,phase_anomaly_moderate_activation,1.00000000,anomaly,false,0.00000000,false,0.66666667,none
V08-CON-CHU-AUT-36,weather_unavailable,chungju,autumn,abnormal,phase_anomaly_moderate_activation,1.00000000,anomaly,false,0.00000000,false,0.33333333,none
V08-CON-CHU-AUT-36,phase_unavailable,chungju,autumn,abnormal,phase_anomaly_moderate_activation,1.00000000,anomaly,false,0.00000000,false,0.33333333,none
